currency,series,page,power_kw,power_hp,output_rpm,type_full,gearbox,motor,price_foot,price_flange
TL,İRM,4,0.12,,"0,28-0,44",İRPM 93 İR 63 / 63 M4a(*P),İRPM 93 İR 63,63 M4a(*P),78098.00,85911.00
TL,İRM,4,0.12,0.16,"0,47-1,3",İRPM 92 İR 63 / 63 M4a(*P),İRPM 92 İR 63,63 M4a(*P),76071.00,83883.00
TL,İRM,4,0.12,0.16,"0,47-0,76",İRPM 83 İR 63 / 63 M4a(*P),İRPM 83 İR 63,63 M4a(*P),64767.00,71136.00
TL,İRM,4,0.12,0.16,"0,79-2,3",İRPM 82 İR 63 / 63 M4a(*P),İRPM 82 İR 63,63 M4a(*P),63737.00,70108.00
TL,İRM,4,0.12,0.16,"1,0-3,8",İRPM 73 İR 52 / 63 M4a(*P),İRPM 73 İR 52,63 M4a(*P),41299.00,45431.00
TL,İRM,4,0.12,0.16,"2,4-4,4",İRPM 74 / 63 M4a(*P),İRPM 74,63 M4a(*P),36022.00,39624.00
TL,İRM,4,0.12,0.16,"1,6-4,6",İRPM 731 İR 52 / 63 M4a(*P),İRPM 731 İR 52,63 M4a(*P),38778.00,42669.00
TL,İRM,4,0.12,0.16,"1,8-4,6",İRPM 721 İR 53 / 63 M4a(*P),İRPM 721 İR 53,63 M4a(*P),38634.00,42501.00
TL,İRM,4,0.12,0.16,"2,2-4,6",İRPM 741 / 63 M4a(*P),İRPM 741,63 M4a(*P),33328.00,36975.00
TL,İRM,4,0.12,0.16,"1,8-6,5",İRM 63 İR 52 / 63 M4a(*P),İRM 63 İR 52,63 M4a(*P),30541.00,33611.00
TL,İRM,4,0.12,0.16,"6,0-10",İRM 62 İR 52 / 63 M4a(*P),İRM 62 İR 52,63 M4a(*P),30015.00,33085.00
TL,İRM,4,0.12,0.16,"3,2-5,0",İRPM 64 / 63 M4a(*P),İRPM 64,63 M4a(*P),24323.00,26836.00
TL,İRM,4,0.12,0.16,"3,7-14",İRM 53 İR 42 / 63 M4a,İRM 53 İR 42,63 M4a,25201.00,26608.00
TL,İRM,4,0.12,0.16,13-20,İRPM 53 / 63 M4a(*P),İRPM 53,63 M4a(*P),15410.00,16949.00
TL,İRM,4,0.12,0.16,17-120,İRM 43 / 63 M4a,İRM 43,63 M4a,13189.00,14505.00
TL,İRM,4,0.12,0.16,124-405,İRM 42 / 63 M4a,İRM 42,63 M4a,13048.00,14353.00
TL,İRM,4,0.18,0.16,"0,53-1,4",İRPM 93 İR 63 / 63 M4b(*P),İRPM 93 İR 63,63 M4b(*P),78163.00,85970.00
TL,İRM,4,0.18,0.25,"0,78-2,3",İRPM 83 İR 63 / 63 M4b(*P),İRPM 83 İR 63,63 M4b(*P),64863.00,71256.00
TL,İRM,4,0.18,0.25,"1,2-2,9",İRM 84 / 71 M6a,İRM 84,71 M6a,58258.00,64082.00
TL,İRM,4,0.18,0.25,"1,2-5,7",İRM 73 İR 52 / 63 M4b (*P),İRM 73 İR 52,63 M4b (*P),41451.00,45593.00
TL,İRM,4,0.18,0.25,"1,5-2,5",İRM 74 / 71 M6a,İRM 74,71 M6a,37023.00,40660.00
TL,İRM,4,0.18,0.25,"2,4-4,9",İRM 74 / 63 M4b(*P),İRM 74,63 M4b(*P),36209.00,39831.00
TL,İRM,4,0.18,0.25,"5,8",İRM 73 / 71 M6a,İRM 73,71 M6a,30829.00,33907.00
TL,İRM,4,0.18,0.25,"2,3-3,5",İRPM 731 İR 52 / 63 M4b(*P),İRPM 731 İR 52,63 M4b(*P),39032.00,42896.00
TL,İRM,4,0.18,0.25,"2,6-4,5",İRPM 721 İR 53 / 63 M4b(*P),İRPM 721 İR 53,63 M4b(*P),38742.00,42597.00
TL,İRM,4,0.18,0.25,"2,0-2,6",İRM 741 / 71 M6a,İRM 741,71 M6a,34919.00,38565.00
TL,İRM,4,0.18,0.25,"2,2-7,4",İRPM 741 / 63 M4b(*P),İRPM 741,63 M4b(*P),33508.00,37155.00
TL,İRM,4,0.18,0.25,"5,9-8,9",İRM 731 / 71 M6a,İRM 731,71 M6a,28163.00,30968.00
TL,İRM,4,0.18,0.25,"2,9-6,5",İRPM 63 İR 52 / 63 M4b(*P),İRPM 63 İR 52,63 M4b(*P),30680.00,33740.00
TL,İRM,4,0.18,0.25,"6,0-10",İRPM 62 İR 52 / 63 M4b(*P),İRPM 62 İR 52,63 M4b(*P),30144.00,33201.00
TL,İRM,4,0.18,0.25,"2,8-3,0",İRM 64 / 71 M6a,İRM 64,71 M6a,27086.00,29913.00
TL,İRM,4,0.18,0.25,"3,2-8,9",İRM 64 / 63 M4b(*P),İRM 64,63 M4b(*P),27678.00,30503.00
TL,İRM,4,0.18,0.25,"7,0-7,5",İRPM 63 / 71 M6a(*P),İRPM 63,71 M6a(*P),22826.00,25006.00
TL,İRM,4,0.18,0.25,"9,3-10",İRM 63 / 71 M6a,İRM 63,71 M6a,21855.00,24035.00
TL,İRM,4,0.18,0.25,10-11,İRM 63 / 63 M4b(*P),İRM 63,63 M4b(*P),22585.00,24755.00
TL,İRM,4,0.18,0.25,"7,0-7,5",İRPM 631 / 71 M6a(*P),İRPM 631,71 M6a(*P),22838.00,25118.00
TL,İRM,4,0.18,0.25,"9,3-10",İRM 631 / 71 M6a,İRM 631,71 M6a,21854.00,24036.00
TL,İRM,4,0.18,0.25,10-11,İRM 631 / 63 M4b(*P),İRM 631,63 M4b(*P),20492.00,24853.00
TL,İRM,4,0.18,0.25,"5,9-14",İRM 53 İR 42 / 63 M4b,İRM 53 İR 42,63 M4b,25339.00,26741.00
TL,İRM,4,0.18,0.25,"8,5-11",İRPM 53 / 71 M6a(*P),İRPM 53,71 M6a(*P),16668.00,18290.00
TL,İRM,4,0.18,0.25,13-28,İRPM 53 / 63 M4b(*P),İRPM 53,63 M4b(*P),15740.00,17465.00
TL,İRM,4,0.18,0.25,16-19,İRM 43 / 71 M6a,İRM 43,71 M6a,14260.00,15807.00
TL,İRM,4,0.18,0.25,17-120,İRM 43 / 63 M4b,İRM 43,63 M4b,13343.00,14799.00
TL,İRM,4,0.18,0.25,124-405,İRM 42 / 63 M4b,İRM 42,63 M4b,13202.00,14645.00
TL,İRM,4,0.18,0.25,407-812,İRM 42 / 63 M2a,İRM 42,63 M2a,13260.00,14713.00
TL,İRM,5,0.25,,"0,13-0,48",İRM 143 IR 73 / 71 M4a,İRM 143 IR 73,71 M4a,239998.00,264221.00
TL,İRM,5,0.25,0.34,"0,19-0,42",İRM 123 IR 73 / 71 M4a,İRM 123 IR 73,71 M4a,136918.00,153324.00
TL,İRM,5,0.25,0.34,"0,34-0,60",İRM 122 IR 73 / 71 M4a,İRM 122 IR 73,71 M4a,135030.00,152617.00
TL,İRM,5,0.25,0.34,"0,29-0,57",İRM 103 IR 73 / 71 M4a,İRM 103 IR 73,71 M4a,109544.00,120492.00
TL,İRM,5,0.25,0.34,"0,51-2,4",İRM 102 IR 73 / 71 M4a,İRM 102 IR 73,71 M4a,108730.00,119600.00
TL,İRM,5,0.25,0.34,"1,9-2,1",İRM 93 IR 62 / 71 M4a,İRM 93 IR 62,71 M4a,79724.00,87584.00
TL,İRM,5,0.25,0.34,"0,74-2,0",İRM 92 İR 63 / 71 M4a,İRM 92 İR 63,71 M4a,78675.00,86540.00
TL,İRM,5,0.25,0.34,"1,2-5,3",İRM 82 İR 63 / 71 M4a,İRM 82 İR 63,71 M4a,64368.00,70238.00
TL,İRM,5,0.25,0.34,"1,2-1,8",İRM 84 / 71 M6b,İRM 84,71 M6b,58532.00,64381.00
TL,İRM,5,0.25,0.34,"2,0-4,5",İRM 84 / 71 M4a,İRM 84,71 M4a,57692.00,63457.00
TL,İRM,5,0.25,0.34,"1,9-5,7",İRM 73 IR 52 / 71 M4a,İRM 73 IR 52,71 M4a,42818.00,47243.00
TL,İRM,5,0.25,0.34,"6,0-6,7",İRM 72 IR 52 / 71 M4a,İRM 72 IR 52,71 M4a,42599.00,47334.00
TL,İRM,5,0.25,0.34,"2,2-2,5",İRM 74 / 71 M6b,İRM 74,71 M6b,37940.00,41730.00
TL,İRM,5,0.25,0.34,"2,4-4,9",İRM 74 / 71 M4a,İRM 74,71 M4a,37125.00,40847.00
TL,İRM,5,0.25,0.34,"5,9-8,7",İRM 73 / 71 M6b,İRM 73,71 M6b,31207.00,34328.00
TL,İRM,5,0.25,0.34,"9,0",İRM 73 / 71 M4a,İRM 73,71 M4a,30371.00,33682.00
TL,İRM,5,0.25,0.34,"2,6-8,5",İRM 731 İR 52 / 71 M4a,İRM 731 İR 52,71 M4a,39377.00,43263.00
TL,İRM,5,0.25,0.34,"2,9-9,4",İRM 721 İR 53 / 71 M4a,İRM 721 İR 53,71 M4a,39062.00,42933.00
TL,İRM,5,0.25,0.34,"3,0",İRPM 741 / 71 M4a(*P),İRPM 741,71 M4a(*P),35592.00,39366.00
TL,İRM,5,0.25,0.34,"3,2-9,2",İRM 741 / 71 M4a,İRM 741,71 M4a,34510.00,37545.00
TL,İRM,5,0.25,0.34,"5,9-8,9",İRM 731 / 71 M6b,İRM 731,71 M6b,28635.00,31493.00
TL,İRM,5,0.25,0.34,"9,2-15",İRM 731 / 71 M4a,İRM 731,71 M4a,27801.00,30580.00
TL,İRM,5,0.25,0.34,"4,3-9,2",İRM 63 İR 52 / 71 M4a,İRM 63 İR 52,71 M4a,30910.00,33977.00
TL,İRM,5,0.25,0.34,"6,1-9,4",İRM 62 İR 52 / 71 M4a,İRM 62 İR 52,71 M4a,30536.00,33615.00
TL,İRM,5,0.25,0.34,"4,3-8,9",İRM 64 / 71 M4a,İRM 64,71 M4a,26137.00,28549.00
TL,İRM,5,0.25,0.34,"7,0-7,5",İRPM 63 / 71 M6b(*P),İRPM 63,71 M6b(*P),23149.00,25412.00
TL,İRM,5,0.25,0.34,"9,3-10",İRM 63 / 71 M6b,İRM 63,71 M6b,22153.00,24317.00
TL,İRM,5,0.25,0.34,10-11,IRPM 63 / 71 M4a(*P),IRPM 63,71 M4a(*P),22360.00,24594.00
TL,İRM,5,0.25,0.34,14-19,İRM 63 / 71 M4a,İRM 63,71 M4a,21398.00,23534.00
TL,İRM,5,0.25,0.34,"7,0-7,5",İRPM 631 / 71 M6b(*P),İRPM 631,71 M6b(*P),22933.00,25119.00
TL,İRM,5,0.25,0.34,"9,3-10",İRM 631 / 71 M6b,İRM 631,71 M6b,21947.00,24038.00
TL,İRM,5,0.25,0.34,10-11,İRPM 631 / 71 M4a(*P),İRPM 631,71 M4a(*P),22075.00,24281.00
TL,İRM,5,0.25,0.34,14-19,İRM 631 / 71 M4a,İRM 631,71 M4a,21123.00,23235.00
TL,İRM,5,0.25,0.34,"5,9-14",İRM 53 IR 42 / 71 M4a,İRM 53 IR 42,71 M4a,25638.00,27046.00
TL,İRM,5,0.25,0.34,"8,3-14",İRM 53 / 71 M6b,İRM 53,71 M6b,16852.00,18538.00
TL,İRM,5,0.25,0.34,13-15,İRPM 53 / 71 M4a(*P),İRPM 53,71 M4a(*P),16763.00,18446.00
TL,İRM,5,0.25,0.34,18-40,İRM 53 / 71 M4a,İRM 53,71 M4a,16043.00,17652.00
TL,İRM,5,0.25,0.34,22-120,İRM 43 / 71 M4a,İRM 43,71 M4a,13810.00,15189.00
TL,İRM,5,0.25,0.34,124-405,İRM 42 / 71 M4a,İRM 42,71 M4a,13668.00,15039.00
TL,İRM,5,0.25,0.34,407-812,İRM 42 / 63 M2b,İRM 42,63 M2b,13484.00,14831.00
TL,İRM,5,0.37,0.34,"0,22-0,67",İRM 143 İR 73 / 71 M4b,İRM 143 İR 73,71 M4b,242402.00,266635.00
TL,İRM,5,0.37,0.50,"0,28-0,42",İRM 123 İR 73 / 71 M4b,İRM 123 İR 73,71 M4b,138436.00,152623.00
TL,İRM,5,0.37,0.50,"0,34-0,84",İRM 122 İR 73 / 71 M4b,İRM 122 İR 73,71 M4b,136506.00,150316.00
TL,İRM,5,0.37,0.50,"0,57",İRM 103 İR 73 / 71 M4b,İRM 103 İR 73,71 M4b,112277.00,123226.00
TL,İRM,5,0.37,0.50,"0,65-2,4",İRM 102 İR 73 / 71 M4b,İRM 102 İR 73,71 M4b,109040.00,119927.00
TL,İRM,5,0.37,0.50,"1,1-1,8",İRM 104 / 80 M6a,İRM 104,80 M6a,97318.00,107053.00
TL,İRM,5,0.37,0.50,"1,9-4,1",İRM 93 İR 62 / 71 M4b,İRM 93 İR 62,71 M4b,79997.00,87880.00
TL,İRM,5,0.37,0.50,"1,2-2,0",İRM 92 İR 63 / 71 M4b,İRM 92 İR 63,71 M4b,78958.00,86849.00
TL,İRM,5,0.37,0.50,"1,9-2,6",İRM 94 / 80 M6a,İRM 94,80 M6a,73531.00,80932.00
TL,İRM,5,0.37,0.50,"3,0-4,2",İRPM 93 / 80 M6a(*P),İRPM 93,80 M6a(*P),69346.00,76473.00
TL,İRM,5,0.37,0.50,"1,8-5,3",İRM 82 İR 63 / 71 M4a,İRM 82 İR 63,71 M4a,64742.00,70611.00
TL,İRM,6,0.37,,"1,6-1,8",İRM 84 / 80 M6a,İRM 84,80 M6a,59068.00,65211.00
TL,İRM,6,0.37,0.50,"2,0-5,0",İRM 84 / 71 M4b,İRM 84,71 M4b,58075.00,63876.00
TL,İRM,6,0.37,0.50,"3,5-5,3",İRM 83 / 80 M6a,İRM 83,80 M6a,49700.00,54665.00
TL,İRM,6,0.37,0.50,"3,9-4,9",İRM 74 / 71 M4b,İRM 74,71 M4b,37384.00,41065.00
TL,İRM,6,0.37,0.50,"5,8-9,8",İRM 73 / 80 M6a,İRM 73,80 M6a,31640.00,34806.00
TL,İRM,6,0.37,0.50,"9,0-13",İRM 73 / 71 M4b,İRM 73,71 M4b,30591.00,33603.00
TL,İRM,6,0.37,0.50,"3,7-5,2",İRM 731 İR 52 / 71 M4b,İRM 731 İR 52,71 M4b,39550.00,43417.00
TL,İRM,6,0.37,0.50,"4,0-9,4",İRM 721 İR 53 / 71 M4b,İRM 721 İR 53,71 M4b,39413.00,43282.00
TL,İRM,6,0.37,0.50,"4,6-9,2",İRM 741 / 71 M4b,İRM 741,71 M4b,34828.00,38154.00
TL,İRM,6,0.37,0.50,"5,9-8,9",İRM 731 / 80 M6a,İRM 731,80 M6a,29172.00,31960.00
TL,İRM,6,0.37,0.50,"9,2-15",İRM 731 / 71 M4b,İRM 731,71 M4b,28117.00,30804.00
TL,İRM,6,0.37,0.50,"5,9-8,9",İRM 64 / 71 M4b,İRM 64,71 M4b,26696.00,29002.00
TL,İRM,6,0.37,0.50,"7,0-7,5",İRPM 63 / 80 M6a(*P),İRPM 63,80 M6a(*P),23854.00,26242.00
TL,İRM,6,0.37,0.50,"9,3-10",İRM 63 / 80 M6a,İRM 63,80 M6a,22826.00,25113.00
TL,İRM,6,0.37,0.50,10-11,İRPM 63 / 71 M4b(*P),İRPM 63,71 M4b(*P),22659.00,24863.00
TL,İRM,6,0.37,0.50,14-27,İRM 63 / 71 M4b,İRM 63,71 M4b,21682.00,23792.00
TL,İRM,6,0.37,0.50,"7,0-7,5",İRPM 631 / 80 M6a(*P),İRPM 631,80 M6a(*P),23835.00,26216.00
TL,İRM,6,0.37,0.50,"9,3-10",İRM 631 / 80 M6a,İRM 631,80 M6a,22701.00,24968.00
TL,İRM,6,0.37,0.50,10-11,İRPM 631 / 71 M4b(*P),İRPM 631,71 M4b(*P),22655.00,24925.00
TL,İRM,6,0.37,0.50,14-27,İRM 631 / 71 M4b,İRM 631,71 M4b,21681.00,23852.00
TL,İRM,6,0.37,0.50,12-14,İRM 53 IR 42 / 71 M4b,İRM 53 IR 42,71 M4b,26040.00,27453.00
TL,İRM,6,0.37,0.50,15,İRPM 53 / 71 M4b(*P),İRPM 53,71 M4b(*P),17081.00,18788.00
TL,İRM,6,0.37,0.50,18-63,İRM 53 / 71 M4b,İRM 53,71 M4b,16345.00,17980.00
TL,İRM,6,0.37,0.50,81-132,İRM 52 / 71 M4b,İRM 52,71 M4b,15696.00,17204.00
TL,İRM,6,0.37,0.50,38-120,İRM 43 / 71 M4b,İRM 43,71 M4b,14107.00,15512.00
TL,İRM,6,0.37,0.50,124-405,İRM 42 / 71 M4b,İRM 42,71 M4b,13962.00,15341.00
TL,İRM,6,0.37,0.50,407-812,İRM 42 / 71 M2b,İRM 42,71 M2b,13678.00,15052.00
TL,İRM,6,0.55,0.50,"0,23-0,34",İRPM 153 İR 93 / 80 M4a(*P),İRPM 153 İR 93,80 M4a(*P),372640.00,409889.00
TL,İRM,6,0.55,0.75,"0,47-0,80",İRPM 153 İR 92 / 80 M4a(*P),İRPM 153 İR 92,80 M4a(*P),371583.00,408740.00
TL,İRM,6,0.55,0.75,"0,51-0,83",İRPM 152 İR 93 / 80 M4a(*P),İRPM 152 İR 93,80 M4a(*P),353130.00,390415.00
TL,İRM,6,0.55,0.75,"0,32-0,68",İRM 143 İR 73 / 80 M4a,İRM 143 İR 73,80 M4a,243390.00,267725.00
TL,İRM,6,0.55,0.75,"0,64-1,1",İRM 143 İR 72 / 80 M4a,İRM 143 İR 72,80 M4a,242523.00,266772.00
TL,İRM,6,0.55,0.75,"0,49-1,3",İRM 123 İR 72 / 80 M4a,İRM 123 İR 72,80 M4a,139610.00,154179.00
TL,İRM,6,0.55,0.75,"0,51-0,91",İRM 122 İR 73 / 80 M4a,İRM 122 İR 73,80 M4a,137100.00,150807.00
TL,İRM,6,0.55,0.75,"1,1-2,3",İRM 103 İR 72 / 80 M4a,İRM 103 İR 72,80 M4a,112345.00,123315.00
TL,İRM,6,0.55,0.75,"1,2-2,4",İRM 102 İR 73 / 80 M4a,İRM 102 İR 73,80 M4a,109806.00,120783.00
TL,İRM,6,0.55,0.75,"1,2-1,8",İRM 104 / 80 M6b,İRM 104,80 M6b,97886.00,107678.00
TL,İRM,6,0.55,0.75,"1,7-3,4",İRM 104 / 80 M4a,İRM 104,80 M4a,97072.00,106772.00
TL,İRM,6,0.55,0.75,"1,9-4,1",İRM 93 İR 62 / 80 M4a,İRM 93 İR 62,80 M4a,80663.00,88526.00
TL,İRM,6,0.55,0.75,"4,4-6,3",İRM 92 İR 62 / 80 M4a,İRM 92 İR 62,80 M4a,79596.00,87465.00
TL,İRM,6,0.55,0.75,"1,8-2,6",İRM 94 / 80 M6b,İRM 94,80 M6b,74192.00,81608.00
TL,İRM,6,0.55,0.75,"2,9-5,2",İRM 94 / 80 M4a,İRM 94,80 M4a,73368.00,80698.00
TL,İRM,6,0.55,0.75,"3,0-4,2",İRPM 93 / 80 M6b(*P),İRPM 93,80 M6b(*P),70771.00,77967.00
TL,İRM,6,0.55,0.75,"4,7-6,5",İRPM 93 / 80 M4a(*P),İRPM 93,80 M4a(*P),67818.00,74918.00
TL,İRM,6,0.55,0.75,"2,6-7,7",İRM 82 İR 63 / 80 M4a,İRM 82 İR 63,80 M4a,65085.00,70906.00
TL,İRM,6,0.55,0.75,"2,8-8,3",İRM 84 / 80 M4a,İRM 84,80 M4a,58884.00,64776.00
TL,İRM,6,0.55,0.75,"3,6-5,3",İRM 83 / 80 M6b,İRM 83,80 M6b,50280.00,55303.00
TL,İRM,6,0.55,0.75,"5,5-13",İRM 83 / 80 M4a,İRM 83,80 M4a,49457.00,54404.00
TL,İRM,6,0.55,0.75,"6,0-8,7",İRM 72 IR 52 / 80 M4a,İRM 72 IR 52,80 M4a,44462.00,48121.00
TL,İRM,6,0.55,0.75,"4,9",İRM 74 / 80 M4a,İRM 74,80 M4a,38385.00,42224.00
TL,İRM,6,0.55,0.75,"5,8-9,8",İRM 73 / 80 M6b,İRM 73,80 M6b,32311.00,35534.00
TL,İRM,7,0.55,,"9,0-23",İRM 73 / 80 M4a,İRM 73,80 M4a,31499.00,34647.00
TL,İRM,7,0.55,0.75,"6,9-9,5",İRM 731 İR 52 / 71 M4b,İRM 731 İR 52,71 M4b,40125.00,43956.00
TL,İRM,7,0.55,0.75,"7,0-9,4",İRM 721 İR 53 / 71 M4b,İRM 721 İR 53,71 M4b,39991.00,43825.00
TL,İRM,7,0.55,0.75,"7,4-9,2",İRM 741 / 80 M4a,İRM 741,80 M4a,35445.00,38742.00
TL,İRM,7,0.55,0.75,"7,7-8,9",İRM 731 / 80 M6b,İRM 731,80 M6b,29750.00,32732.00
TL,İRM,7,0.55,0.75,"9,2-31",İRM 731 / 80 M4a,İRM 731,80 M4a,28950.00,31844.00
TL,İRM,7,0.55,0.75,"8,9",İRM 64 / 80 M6b,İRM 64,80 M6b,27401.00,29691.00
TL,İRM,7,0.55,0.75,10,İRM 63 / 80 M6b,İRM 63,80 M6b,23416.00,25756.00
TL,İRM,7,0.55,0.75,10-11,İRPM 63 / 80 M4a(*P),İRPM 63,80 M4a(*P),23647.00,26014.00
TL,İRM,7,0.55,0.75,14-39,İRM 63 / 80 M4a,İRM 63,80 M4a,22627.00,24892.00
TL,İRM,7,0.55,0.75,10,İRM 631 / 80 M6b,İRM 631,80 M6b,22939.00,36735.00
TL,İRM,7,0.55,0.75,10-11,İRPM 631 / 80 M4a(*P),İRPM 631,80 M4a(*P),23392.00,25969.00
TL,İRM,7,0.55,0.75,14-39,İRM 631 / 80 M4a,İRM 631,80 M4a,22386.00,24851.00
TL,İRM,7,0.55,0.75,25-63,İRM 53 / 80 M4a,İRM 53,80 M4a,17302.00,19028.00
TL,İRM,7,0.55,0.75,81-147,İRM 52 / 80 M4a,İRM 52,80 M4a,16848.00,18530.00
TL,İRM,7,0.55,0.75,49-120,İRM 43 / 80 M4a,İRM 43,80 M4a,15083.00,16591.00
TL,İRM,7,0.55,0.75,124-405,İRM 42 / 80 M4a,İRM 42,80 M4a,14941.00,16435.00
TL,İRM,7,0.55,0.75,407-812,İRM 42 / 71 M2b,İRM 42,71 M2b,13969.00,15359.00
TL,İRM,7,0.75,0.75,"0,34",İRPM 153 İR 93 / 80 M4b(*P),İRPM 153 İR 93,80 M4b(*P),374521.00,411959.00
TL,İRM,7,0.75,1,"0,47-1,0",İRPM 153 İR 92 / 80 M4b(*P),İRPM 153 İR 92,80 M4b(*P),373567.00,410917.00
TL,İRM,7,0.75,1,"0,51-1,1",İRPM 152 İR 93 / 80 M4b(*P),İRPM 152 İR 93,80 M4b(*P),355448.00,392966.00
TL,İRM,7,0.75,1,"0,45-0,67",İRM 143 İR 73 / 80 M4b,İRM 143 İR 73,80 M4b,245749.00,270321.00
TL,İRM,7,0.75,1,"0,64-1,5",İRM 143 İR 72 / 80 M4b,İRM 143 İR 72,80 M4b,244874.00,269362.00
TL,İRM,7,0.75,1,"0,68-1,9",İRM 123 İR 72 / 80 M4b,İRM 123 İR 72,80 M4b,141394.00,155529.00
TL,İRM,7,0.75,1,"0,75-4,6",İRM 122 İR 73 / 80 M4b,İRM 122 İR 73,80 M4b,139095.00,153239.00
TL,İRM,7,0.75,1,"1,0-1,5",İRM 124 / 90 S6a,İRM 124,90 S6a,129604.00,142561.00
TL,İRM,7,0.75,1,"1,1-2,3",İRM 103 İR 72 / 80 M4b,İRM 103 İR 72,80 M4b,114316.00,125496.00
TL,İRM,7,0.75,1,"1,2-2,4",İRM 102 İR 73 / 80 M4b,İRM 102 İR 73,80 M4b,111777.00,122957.00
TL,İRM,7,0.75,1,"1,4-1,8",İRM 104 / 90 S6a,İRM 104,90 S6a,99763.00,109733.00
TL,İRM,7,0.75,1,"1,7-4,5",İRM 104 / 80 M4b,İRM 104,80 M4b,99090.00,108997.00
TL,İRM,7,0.75,1,"2,1-4,1",İRM 93 İR 62 / 80 M4b,İRM 93 İR 62,80 M4b,82448.00,90309.00
TL,İRM,7,0.75,1,"4,4-6,3",İRM 92 İR 62 / 80 M4b,İRM 92 İR 62,80 M4b,81400.00,89267.00
TL,İRM,7,0.75,1,"1,8-2,6",İRM 94 / 90 S6a,İRM 94,90 S6a,76127.00,83739.00
TL,İRM,7,0.75,1,"2,9-7,4",İRM 94 / 80 M4b,İRM 94,80 M4b,75325.00,82854.00
TL,İRM,7,0.75,1,"3,0-4,2",İRPM 93 / 90 S6a(*P),İRPM 93,90 S6a(*P),71769.00,78891.00
TL,İRM,7,0.75,1,"4,7-8,1",İRPM 93 / 80 M4b(*P),İRPM 93,80 M4b(*P),69569.00,76638.00
TL,İRM,7,0.75,1,"3,8-7,7",İRM 82 İR 63 / 80 M4b,İRM 82 İR 63,80 M4b,66818.00,72632.00
TL,İRM,7,0.75,1,"3,2-8,3",İRM 84 / 80 M4b,İRM 84,80 M4b,60906.00,67000.00
TL,İRM,7,0.75,1,"4,0-5,3",İRM 83 / 90 S6a,İRM 83,90 S6a,52104.00,57315.00
TL,İRM,7,0.75,1,"5,5-15",İRM 83 / 80 M4b,İRM 83,80 M4b,51440.00,56576.00
TL,İRM,7,0.75,1,"6,7-9,8",İRM 73 / 90 S6a,İRM 73,90 S6a,34209.00,37629.00
TL,İRM,7,0.75,1,"9,0-30",İRM 73 / 80 M4b,İRM 73,80 M4b,33497.00,36846.00
TL,İRM,7,0.75,1,"9,2",İRM 741 / 80 M4b,İRM 741,80 M4b,37830.00,40787.00
TL,İRM,7,0.75,1,12-39,İRM 731 / 80 M4b,İRM 731,80 M4b,31173.00,34098.00
TL,İRM,7,0.75,1,44-49,İRM 721 / 80 M4b,İRM 721,80 M4b,30497.00,33424.00
TL,İRM,8,0.75,,14-55,İRM 63 / 80 M4b,İRM 63,80 M4b,24813.00,27291.00
TL,İRM,8,0.75,1,14-55,İRM 631 / 80 M4b,İRM 631,80 M4b,24666.00,27130.00
TL,İRM,8,0.75,1,31-87,İRM 53 / 80 M4b,İRM 53,80 M4b,19237.00,21167.00
TL,İRM,8,0.75,1,81-240,İRM 52 / 80 M4b,İRM 52,80 M4b,18758.00,20630.00
TL,İRM,8,0.75,1,66-120,İRM 43 / 80 M4b,İRM 43,80 M4b,16989.00,18688.00
TL,İRM,8,0.75,1,124-405,İRM 42 / 80 M4b,İRM 42,80 M4b,16836.00,18521.00
TL,İRM,8,0.75,1,407-812,İRM 42 / 80 M2a,İRM 42,80 M2a,15173.00,16684.00
TL,İRM,8,1.1,1,"0,47-1,3",İRPM 153 İR 92 / 90 S4a(*P),İRPM 153 İR 92,90 S4a(*P),374720.00,412179.00
TL,İRM,8,1.1,1.5,"0,51-1,1",İRPM 152 İR 93 / 90 S4a(*P),İRPM 152 İR 93,90 S4a(*P),355915.00,393374.00
TL,İRM,8,1.1,1.5,"2,6",İRM 143 İR 82 / 90 S4a,İRM 143 İR 82,90 S4a,265008.00,289626.00
TL,İRM,8,1.1,1.5,"0,64-2,3",İRM 143 İR 72 / 90 S4a,İRM 143 İR 72,90 S4a,246268.00,270887.00
TL,İRM,8,1.1,1.5,"1,6-2,3",İRM 144 / 90 L6b,İRM 144,90 L6b,239829.00,263942.00
TL,İRM,8,1.1,1.5,"0,84-2,8",İRM 123 İR 72 / 90 S4a,İRM 123 İR 72,90 S4a,142714.00,157192.00
TL,İRM,8,1.1,1.5,"0,91-4,6",İRM 122 İR 73 / 90 S4a,İRM 122 İR 73,90 S4a,139815.00,153717.00
TL,İRM,8,1.1,1.5,"1,0-1,5",İRPM 124 / 90 L6b(*P),İRPM 124,90 L6b(*P),131637.00,144800.00
TL,İRM,8,1.1,1.5,"1,5-3,9",İRPM 124 / 90 S4a(*P),İRPM 124,90 S4a(*P),129761.00,142850.00
TL,İRM,8,1.1,1.5,"1,9-4,9",İRM 104 / 90 S4a,İRM 104,90 S4a,99956.00,109760.00
TL,İRM,8,1.1,1.5,"3,2-4,1",İRM 93 İR 62 / 90 S4a,İRM 93 İR 62,90 S4a,83225.00,91029.00
TL,İRM,8,1.1,1.5,"4,4-6,3",İRM 92 İR 62 / 90 S4a,İRM 92 İR 62,90 S4a,82189.00,89998.00
TL,İRM,8,1.1,1.5,"2,9-9,1",İRM 94 / 90 S4a,İRM 94,90 S4a,76375.00,84009.00
TL,İRM,8,1.1,1.5,"3,0-4,2",İRPM 93 / 90 L6b(*P),İRPM 93,90 L6b(*P),72397.00,79443.00
TL,İRM,8,1.1,1.5,"4,7-12",İRPM 93 / 90 S4a(*P),İRPM 93,90 S4a(*P),68942.00,75954.00
TL,İRM,8,1.1,1.5,"5,3-7,7",İRM 82 İR 63 / 90 S4a,İRM 82 İR 63,90 S4a,67612.00,73375.00
TL,İRM,8,1.1,1.5,"5,1-8,3",İRM 84 / 90 S4,İRM 84,90 S4,61756.00,67794.00
TL,İRM,8,1.1,1.5,"6,3-29",İRM 83 / 90 S4a,İRM 83,90 S4a,52471.00,58245.00
TL,İRM,8,1.1,1.5,10-50,İRM 73 / 90 S4a,İRM 73,90 S4a,34811.00,38283.00
TL,İRM,8,1.1,1.5,15-61,İRM 731 / 90 S4a,İRM 731,90 S4a,32280.00,35509.00
TL,İRM,8,1.1,1.5,57,İRM 721 / 90 S4a,İRM 721,90 S4a,31560.00,34707.00
TL,İRM,8,1.1,1.5,19-77,İRM 63 / 90 S4a,İRM 63,90 S4a,25993.00,28588.00
TL,İRM,8,1.1,1.5,83-114,İRM 62 / 90 S4a,İRM 62,90 S4a,25451.00,27999.00
TL,İRM,8,1.1,1.5,19-77,İRM 631 / 90 S4a,İRM 631,90 S4a,25767.00,28347.00
TL,İRM,8,1.1,1.5,83-114,İRM 621 / 90 S4a,İRM 621,90 S4a,25181.00,27697.00
TL,İRM,8,1.1,1.5,44-87,İRM 53 / 90 S4a,İRM 53,90 S4a,20499.00,22551.00
TL,İRM,8,1.1,1.5,105-381,İRM 52 / 90 S4a,İRM 52,90 S4a,20026.00,22028.00
TL,İRM,8,1.1,1.5,95-120,İRM 43 / 90 S4a,İRM 43,90 S4a,18310.00,20149.00
TL,İRM,8,1.1,1.5,182-405,İRM 42 / 90 S4a,İRM 42,90 S4a,18133.00,19940.00
TL,İRM,8,1.1,1.5,407-812,İRM 42 / 80 M2b,İRM 42,80 M2b,15592.00,17154.00
TL,İRM,8,1.5,1.5,"0,64-1,1",İRPM 153 İR 92 / 90 L4a(*P),İRPM 153 İR 92,90 L4a(*P),376387.00,414017.00
TL,İRM,8,1.5,2,"0,72-1,3",İRPM 152 İR 93 / 90 L4a(*P),İRPM 152 İR 93,90 L4a(*P),358098.00,395777.00
TL,İRM,8,1.5,2,"2,6-3,5",İRM 143 İR 82 / 90 L4a,İRM 143 İR 82,90 L4a,266236.00,290932.00
TL,İRM,8,1.5,2,"1,0-3,0",İRM 143 İR 72 / 90 L4a,İRM 143 İR 72,90 L4a,247403.00,272136.00
TL,İRM,8,1.5,2,"1,6-2,3",İRPM 144 / 100 L6a(*P),İRPM 144,100 L6a(*P),240480.00,264529.00
TL,İRM,8,1.5,2,"2,5-2,8",İRPM 144 / 90 L4a(*P),İRPM 144,90 L4a(*P),240250.00,264319.00
TL,İRM,8,1.5,2,"1,1-4,0",İRM 123 İR 72 / 90 L4a,İRM 123 İR 72,90 L4a,142749.00,157097.00
TL,İRM,8,1.5,2,"1,3-4,6",İRM 122 İR 73 / 90 L4a,İRM 122 İR 73,90 L4a,140482.00,154838.00
TL,İRM,8,1.5,2,"1,3-1,5",İRM 124 / 100 L6a(*P),İRM 124,100 L6a(*P),131972.00,145016.00
TL,İRM,9,1.5,,"1,5-5,5",İRPM 124 / 90 L4a(*P),İRPM 124,90 L4a(*P),131602.00,144675.00
TL,İRM,9,1.5,2,"2,6-5,6",İRPM 103 İR 72 / 90 L4a(*P),İRPM 103 İR 72,90 L4a(*P),115997.00,175005.00
TL,İRM,9,1.5,2,"5,8-8,3",İRPM 102 İR 72 / 90 L4a(*P),İRPM 102 İR 72,90 L4a(*P),113313.00,171317.00
TL,İRM,9,1.5,2,"2,5-4,9",İRM 104 / 90 L4a,İRM 104,90 L4a,101513.00,111664.00
TL,İRM,9,1.5,2,"3,5-7,1",İRPM 103 / 90 L4a(*P),İRPM 103,90 L4a(*P),94116.00,98957.00
TL,İRM,9,1.5,2,"3,9-4,1",İRM 93 İR 62 / 90 L4a,İRM 93 İR 62,90 L4a,84601.00,92337.00
TL,İRM,9,1.5,2,"4,4-6,3",İRM 92 İR 62 / 90 L4a,İRM 92 İR 62,90 L4a,83541.00,91279.00
TL,İRM,9,1.5,2,"3,6-9,1",İRM 94 / 90 L4a,İRM 94,90 L4a,77845.00,85625.00
TL,İRM,9,1.5,2,"4,7-16",İRPM 93 / 90 L4a(*P),İRPM 93,90 L4a(*P),71355.00,78353.00
TL,İRM,9,1.5,2,"7,1-8,3",İRM 84 / 90 L4a,İRM 84,90 L4a,62735.00,69136.00
TL,İRM,9,1.5,2,"8,3-37",İRM 83 / 90 L4a,İRM 83,90 L4a,53894.00,59283.00
TL,İRM,9,1.5,2,15-62,İRM 73 / 90 L4a,İRM 73,90 L4a,36008.00,39615.00
TL,İRM,9,1.5,2,22-61,İRM 731 / 90 L4a,İRM 731,90 L4a,33337.00,36667.00
TL,İRM,9,1.5,2,57-65,İRM 721 / 90 L4a,İRM 721,90 L4a,32653.00,36151.00
TL,İRM,9,1.5,2,27-101,İRM 63 / 90 L4a,İRM 63,90 L4a,27136.00,29838.00
TL,İRM,9,1.5,2,83-196,İRM 62 / 90 L4a,İRM 62,90 L4a,26593.00,29253.00
TL,İRM,9,1.5,2,27-101,İRM 631 / 90 L4a,İRM 631,90 L4a,26897.00,29584.00
TL,İRM,9,1.5,2,83-196,İRM 621 / 90 L4a,İRM 621,90 L4a,26309.00,28939.00
TL,İRM,9,1.5,2,63-87,İRM 53 / 90 L4a,İRM 53,90 L4a,21497.00,23610.00
TL,İRM,9,1.5,2,105-544,İRM 52 / 90 L4a,İRM 52,90 L4a,21167.00,23285.00
TL,İRM,9,1.5,2,295-620,İRM 52 / 90 S2a,İRM 52,90 S2a,19130.00,21206.00
TL,İRM,9,1.5,2,203-405,İRM 42 / 90 L4a,İRM 42,90 L4a,19228.00,21151.00
TL,İRM,9,1.5,2,407-812,İRM 42 / 90 S2a,İRM 42,90 S2a,17171.00,18889.00
TL,İRM,9,2.2,2,"0,88-2,7",İRM 153 İR 92 / 100 L4a,İRM 153 İR 92,100 L4a,379397.00,417323.00
TL,İRM,9,2.2,3,"0,99-1,3",İRM 152 İR 93 / 100 L4a,İRM 152 İR 93,100 L4a,359224.00,397013.00
TL,İRM,9,2.2,3,"1,7-4,3",İRPM 154 / 100 L4a(*P),İRPM 154,100 L4a(*P),363398.00,399729.00
TL,İRM,9,2.2,3,"2,6-5,0",İRM 143 İR 82 / 100 L4a,İRM 143 İR 82,100 L4a,267855.00,292744.00
TL,İRM,9,2.2,3,"1,2-4,4",İRM 143 İR 72 / 100 L4a,İRM 143 İR 72,100 L4a,248971.00,273858.00
TL,İRM,9,2.2,3,"1,6-2,3",İRPM 144 / 112 M6a(*P),İRPM 144,112 M6a(*P),243784.00,268159.00
TL,İRM,9,2.2,3,"2,5-4,5",İRPM 144 / 100 L4a(*P),İRPM 144,100 L4a(*P),240552.00,264602.00
TL,İRM,9,2.2,3,"1,7-6,5",İRM 123 İR 72 / 100 L4a,İRM 123 İR 72,100 L4a,144360.00,158645.00
TL,İRM,9,2.2,3,"2,1-6,5",İRM 124 / 100 L4a(*P),İRM 124,100 L4a(*P),133086.00,146398.00
TL,İRM,9,2.2,3,"3,2-5,6",İRM 103 İR 72 / 100 L4a,İRM 103 İR 72,100 L4a,116548.00,126467.00
TL,İRM,9,2.2,3,"5,6-8,3",İRM 102 İR 72 / 100 L4a,İRM 102 İR 72,100 L4a,114066.00,123999.00
TL,İRM,9,2.2,3,"3,7-4,9",İRM 104 / 100 L4a,İRM 104,100 L4a,105595.00,115758.00
TL,İRM,9,2.2,3,"3,5-7,1",İRPM 103 / 112 M6a(*P),İRPM 103,112 M6a(*P),96207.00,101005.00
TL,İRM,9,2.2,3,"5,4-18",İRPM 103 / 100 L4a(*P),İRPM 103,100 L4a(*P),93686.00,98520.00
TL,İRM,9,2.2,3,"5,9-9,1",İRM 94 / 100 L4a,İRM 94,100 L4a,80061.00,87832.00
TL,İRM,9,2.2,3,"6,5-32",İRM 93 / 100 L4a,İRM 93,100 L4a,70247.00,77266.00
TL,İRM,9,2.2,3,10-62,İRM 83 / 100 L4a,İRM 83,100 L4a,56058.00,61668.00
TL,İRM,9,2.2,3,17-92,İRM 73 / 100 L4a,İRM 73,100 L4a,38332.00,42162.00
TL,İRM,9,2.2,3,103,İRM 72 / 100 L4a,İRM 72,100 L4a,37477.00,41224.00
TL,İRM,9,2.2,3,31-61,İRM 731 / 100 L4a,İRM 731,100 L4a,35669.00,39230.00
TL,İRM,9,2.2,3,65-141,İRM 721 / 100 L4a,İRM 721,100 L4a,34841.00,38324.00
TL,İRM,9,2.2,3,39-101,İRM 63 / 100 L4a,İRM 63,100 L4a,29176.00,32090.00
TL,İRM,9,2.2,3,103-233,İRM 62 / 100 L4a,İRM 62,100 L4a,28633.00,31489.00
TL,İRM,9,2.2,3,39-101,İRM 631 / 100 L4a,İRM 631,100 L4a,28907.00,31790.00
TL,İRM,9,2.2,3,103-233,İRM 621 / 100 L4a,İRM 621,100 L4a,28331.00,31160.00
TL,İRM,9,2.2,3,132-544,İRM 52 / 100 L4a,İRM 52,100 L4a,23375.00,25714.00
TL,İRM,9,2.2,3,265-844,İRM 52 / 90 L2a,İRM 52,90 L2a,20244.00,22264.00
TL,İRM,10,3.0,,"1,3-4,0",İRM 153 İR 92 / 100 L4b,İRM 153 İR 92,100 L4b,381512.00,419659.00
TL,İRM,10,3.0,4,"1,8-6,0",İRM 154 / 100 L4b(*P),İRM 154,100 L4b(*P),365960.00,402546.00
TL,İRM,10,3.0,4,"2,6-6,5",İRM 143 İR 82 / 100 L4b,İRM 143 İR 82,100 L4b,271188.00,295876.00
TL,İRM,10,3.0,4,"1,7-5,1",İRM 143 İR 72 / 100 L4b,İRM 143 İR 72,100 L4b,250880.00,275742.00
TL,İRM,10,3.0,4,"1,8-2,3",İRM 144 / 132 S6b,İRM 144,132 S6b,250120.00,275130.00
TL,İRM,10,3.0,4,"2,5-5,9",İRM 144 / 100 L4b(*P),İRM 144,100 L4b(*P),243388.00,267727.00
TL,İRM,10,3.0,4,"2,5-6,5",İRM 123 İR 72 / 100 L4b,İRM 123 İR 72,100 L4b,146266.00,160526.00
TL,İRM,10,3.0,4,"2,9-6,5",İRM 124 / 100 L4b(*P),İRM 124,100 L4b(*P),135475.00,149012.00
TL,İRM,10,3.0,4,"4,3",İRPM 123 / 132 S6b(*P),İRPM 123,132 S6b(*P),134175.00,147567.00
TL,İRM,10,3.0,4,"4,8-11",İRM 123 / 132 S6b,İRM 123,132 S6b,128397.00,141213.00
TL,İRM,10,3.0,4,"5,0-5,6",İRM 103 İR 72 / 100 L4b,İRM 103 İR 72,100 L4b,117359.00,127168.00
TL,İRM,10,3.0,4,"5,8-8,3",İRM 102 İR 72 / 100 L4b,İRM 102 İR 72,100 L4b,114907.00,124730.00
TL,İRM,10,3.0,4,"5,4-23",İRPM 103 / 100 L4b(*P),İRPM 103,100 L4b(*P),95035.00,104923.00
TL,İRM,10,3.0,4,"7,4-9,1",İRM 94 / 100 L4b,İRM 94,100 L4b,83088.00,91059.00
TL,İRM,10,3.0,4,"8,9-43",İRM 93 / 100 L4b,İRM 93,100 L4b,72404.00,79644.00
TL,İRM,10,3.0,4,16-90,İRM 83 / 100 L4b,İRM 83,100 L4b,58161.00,63977.00
TL,İRM,10,3.0,4,93-118,İRM 82 / 100 L4b,İRM 82,100 L4b,56236.00,62268.00
TL,İRM,10,3.0,4,26-92,İRM 73 / 100 L4b,İRM 73,100 L4b,40060.00,44061.00
TL,İRM,10,3.0,4,103-168,İRM 72 / 100 L4b,İRM 72,100 L4b,39206.00,43129.00
TL,İRM,10,3.0,4,35-61,İRM 731 / 100 L4b,İRM 731,100 L4b,37429.00,41167.00
TL,İRM,10,3.0,4,65-221,İRM 721 / 100 L4b,İRM 721,100 L4b,36571.00,40222.00
TL,İRM,10,3.0,4,46-101,İRM 63 / 100 L4b,İRM 63,100 L4b,30792.00,33871.00
TL,İRM,10,3.0,4,103-572,İRM 62 / 100 L4b,İRM 62,100 L4b,30244.00,33269.00
TL,İRM,10,3.0,4,46-101,İRM 631 / 100 L4b,İRM 631,100 L4b,30405.00,33516.00
TL,İRM,10,3.0,4,103-572,İRM 621 / 100 L4b,İRM 621,100 L4b,29948.00,32376.00
TL,İRM,10,3.0,4,157-544,İRM 52 / 100 L4b,İRM 52,100 L4b,25087.00,27595.00
TL,İRM,10,3.0,4,265-844,İRM 52 / 100 L2a,İRM 52,100 L2a,23047.00,25348.00
TL,İRM,10,4.0,4,"1,7-5,3",İRM 153 İR 92 / 112 M4a,İRM 153 İR 92,112 M4a,384733.00,422617.00
TL,İRM,10,4.0,5.5,"1,7-6,0",İRM 154 / 112 M4a(*P),İRM 154,112 M4a(*P),370658.00,407619.00
TL,İRM,10,4.0,5.5,"2,6-8,4",İRM 143 İR 82 / 112 M4a,İRM 143 İR 82,112 M4a,275666.00,300263.00
TL,İRM,10,4.0,5.5,"2,3-5,1",İRM 143 İR 72 / 112 M4a,İRM 143 İR 72,112 M4a,254119.00,278756.00
TL,İRM,10,4.0,5.5,"2,0-2,3",İRM 144 / 132 M6a,İRM 144,132 M6a,251905.00,277083.00
TL,İRM,10,4.0,5.5,"2,5-8,0",İRM 144 / 112 M4a(*P),İRM 144,112 M4a(*P),247079.00,271786.00
TL,İRM,10,4.0,5.5,"5,5-6,7",İRM 143 / 132 M6a,İRM 143,132 M6a,231185.00,254304.00
TL,İRM,10,4.0,5.5,"3,2-6,5",İRM 123 İR 72 / 112 M4a,İRM 123 İR 72,112 M4a,150133.00,164244.00
TL,İRM,10,4.0,5.5,"3,4-6,5",İRM 124 / 112 M4b(*P),İRM 124,112 M4b(*P),137053.00,150482.00
TL,İRM,10,4.0,5.5,"4,3",İRPM 123 / 132 M6a(*P),İRPM 123,132 M6a(*P),139640.00,153609.00
TL,İRM,10,4.0,5.5,"4,8-11",İRM 123 / 132 M6a,İRM 123,132 M6a,129902.00,142897.00
TL,İRM,10,4.0,5.5,"7,5-31",İRPM 103 / 112 M4a(*P),İRPM 103,112 M4a(*P),96011.00,105615.00
TL,İRM,10,4.0,5.5,10-47,İRM 93 / 112 M4a,İRM 93,112 M4a,75652.00,83217.00
TL,İRM,10,4.0,5.5,59-76,İRM 92 / 112 M4a,İRM 92,112 M4a,73706.00,81067.00
TL,İRM,10,4.0,5.5,21-90,İRM 83 / 112 M4a,İRM 83,112 M4a,61322.00,67454.00
TL,İRM,10,4.0,5.5,93-144,İRM 82 / 112 M4a,İRM 82,112 M4a,60324.00,66359.00
TL,İRM,10,4.0,5.5,37-92,İRM 73 / 112 M4a,İRM 73,112 M4a,43566.00,47931.00
TL,İRM,10,4.0,5.5,103-230,İRM 72 / 112 M4a,İRM 72,112 M4a,42718.00,46993.00
TL,İRM,10,4.0,5.5,73-548,İRM 721 / 112 M4a,İRM 721,112 M4a,40031.00,44033.00
TL,İRM,10,4.0,5.5,65-101,İRM 63 / 112 M4a,İRM 63,112 M4a,34348.00,37780.00
TL,İRM,10,4.0,5.5,103-572,İRM 62 / 112 M4a,İRM 62,112 M4a,33804.00,37185.00
TL,İRM,10,4.0,5.5,65-101,İRM 631 / 112 M4a,İRM 631,112 M4a,33861.00,37247.00
TL,İRM,10,4.0,5.5,103-572,İRM 621 / 112 M4a,İRM 621,112 M4a,33482.00,37675.00
TL,İRM,11,5.5,,"2,7-5,8",İRM 153 İR 92 / C112 M4b(*C),İRM 153 İR 92,C112 M4b(*C),391169.00,429062.00
TL,İRM,11,5.5,7.5,"3,2-8,4",İRM 143 İR 82 / C112 M4b(*C),İRM 143 İR 82,C112 M4b(*C),280180.00,304684.00
TL,İRM,11,5.5,7.5,"3,0-5,1",İRM 143 İR 72 / C112 M4b(*C),İRM 143 İR 72,C112 M4b(*C),259037.00,283611.00
TL,İRM,11,5.5,7.5,14-83,İRM 93 / C112 M4b(*C),İRM 93,C112 M4b(*C),78321.00,85945.00
TL,İRM,11,5.5,7.5,59-105,İRM 92 / C112 M4b(*C),İRM 92,C112 M4b(*C),76360.00,84179.00
TL,İRM,11,5.5,7.5,29-90,İRM 83 / C112 M4b(*C),İRM 83,C112 M4b(*C),64149.00,70748.00
TL,İRM,11,5.5,7.5,93-276,İRM 82 / C112 M4b(*C),İRM 82,C112 M4b(*C),63121.00,69613.00
TL,İRM,11,5.5,7.5,62-92,İRM 73 / C112 M4b(*C),İRM 73,C112 M4b(*C),45429.00,50148.00
TL,İRM,11,5.5,7.5,103-544,İRM 72 / C112 M4b(*C),İRM 72,C112 M4b(*C),44995.00,49671.00
TL,İRM,11,5.5,7.5,115-548,İRM 721 / C112 M4b(*C),İRM 721,C112 M4b(*C),42684.00,47124.00
TL,İRM,11,5.5,7.5,182-572,İRM 62 / C112 M4b(*C),İRM 62,C112 M4b(*C),35509.00,39228.00
TL,İRM,11,5.5,7.5,182-572,İRM 621 / C112 M4b(*C),İRM 621,C112 M4b(*C),36030.00,39928.00
TL,İRM,11,5.5,7.5,"2,7-5,8",İRM 153 İR 92 / 132 S4c,İRM 153 İR 92,132 S4c,393046.00,430939.00
TL,İRM,11,5.5,7.5,"2,2-6,0",İRM 154 / 132 S4c,İRM 154,132 S4c,377878.00,415651.00
TL,İRM,11,5.5,7.5,"3,2-8,4",İRM 143 İR 82 / 132 S4c,İRM 143 İR 82,132 S4c,282006.00,306510.00
TL,İRM,11,5.5,7.5,"3,0-5,1",İRM 143 İR 72 / 132 S4c,İRM 143 İR 72,132 S4c,260863.00,285437.00
TL,İRM,11,5.5,7.5,"2,8-8,0",İRM 144 / 132 S4c,İRM 144,132 S4c,251998.00,277197.00
TL,İRM,11,5.5,7.5,"5,5-12",İRM 143 / 132 M6b,İRM 143,132 M6b,236730.00,261515.00
TL,İRM,11,5.5,7.5,"4,4-6,5",İRM 124 / 132 S4c,İRM 124,132 S4c,140964.00,154278.00
TL,İRM,11,5.5,7.5,"5,3-5,9",İRM 123 / 132 M6b,İRM 123,132 M6b,132093.00,145365.00
TL,İRM,11,5.5,7.5,"7,5-26",İRM 123 / 132 S4c,İRM 123,132 S4c,130397.00,143430.00
TL,İRM,11,5.5,7.5,11-44,İRM 103 / 132 S4c,İRM 103,132 S4c,100664.00,109880.00
TL,İRM,11,5.5,7.5,14-83,İRM 93 / 132 S4c,İRM 93,132 S4c,80198.00,87822.00
TL,İRM,11,5.5,7.5,59-105,İRM 92 / 132 S4c,İRM 92,132 S4c,78237.00,86056.00
TL,İRM,11,5.5,7.5,29-90,İRM 83 / 132 S4c,İRM 83,132 S4c,65975.00,72574.00
TL,İRM,11,5.5,7.5,93-276,İRM 82 / 132 S4c,İRM 82,132 S4c,64947.00,71439.00
TL,İRM,11,5.5,7.5,62-92,İRM 73 / 132 S4c,İRM 73,132 S4c,48061.00,52874.00
TL,İRM,11,5.5,7.5,103-544,İRM 72 / 132 S4c,İRM 72,132 S4c,47211.00,51930.00
TL,İRM,11,5.5,7.5,460-689,İRM 72 / 132 S2a,İRM 72,132 S2a,46777.00,51453.00
TL,İRM,11,5.5,7.5,115-548,İRM 721 / 132 S4c,İRM 721,132 S4c,44466.00,48906.00
TL,İRM,11,5.5,7.5,182-572,İRM 62 / 132 S4c,İRM 62,132 S4c,38142.00,41954.00
TL,İRM,11,5.5,7.5,393-851,İRM 62 / 132 S2a,İRM 62,132 S2a,37266.00,40985.00
TL,İRM,11,5.5,7.5,182-572,İRM 621 / 132 S4c,İRM 621,132 S4c,37787.00,41685.00
TL,İRM,11,5.5,7.5,393-852,İRM 621 / 132 S2a,İRM 621,132 S2a,36906.00,40654.00
TL,İRM,11,7.5,7.5,"3,2-5,8",İRM 153 İR 92 / 132 M4a,İRM 153 İR 92,132 M4a,397471.00,435269.00
TL,İRM,11,7.5,10,"3,8-6,0",İRM 154 / 132 M4a,İRM 154,132 M4a,380999.00,419088.00
TL,İRM,11,7.5,10,"4,0-13",İRM 153 / 160 M6a,İRM 153,160 M6a,358058.00,393824.00
TL,İRM,11,7.5,10,"4,2-8,4",İRM 143 İR 82 / 132 M4a,İRM 143 İR 82,132 M4a,285932.00,310379.00
TL,İRM,11,7.5,10,"4,0-8,0",İRM 144 / 132 M4a,İRM 144,132 M4a,255809.00,281381.00
TL,İRM,11,7.5,10,"5,5-12",İRM 143 / 160 M6a,İRM 143,160 M6a,250104.00,275101.00
TL,İRM,11,7.5,10,"8,6-16",İRPM 143 / 132 M4a(*P),İRPM 143,132 M4a(*P),248236.00,274889.00
TL,İRM,11,7.5,10,"6,1-6,5",İRM 124 / 132 M4a,İRM 124,132 M4a,145718.00,158989.00
TL,İRM,11,7.5,10,"7,5-34",İRM 123 / 132 M4a,İRM 123,132 M4a,133789.00,147153.00
TL,İRM,11,7.5,10,16-62,İRM 103 / 132 M4a,İRM 103,132 M4a,104206.00,114628.00
TL,İRM,11,7.5,10,20-98,İRM 93 / 132 M4a,İRM 93,132 M4a,83735.00,92102.00
TL,İRM,11,7.5,10,59-152,İRM 92 / 132 M4a,İRM 92,132 M4a,81859.00,90052.00
TL,İRM,11,7.5,10,37-90,İRM 83 / 132 M4a,İRM 83,132 M4a,69519.00,76480.00
TL,İRM,11,7.5,10,93-589,İRM 82 / 132 M4a,İRM 82,132 M4a,68362.00,75197.00
TL,İRM,11,7.5,10,68-92,İRM 73 / 132 M4a,İRM 73,132 M4a,51797.00,57727.00
TL,İRM,11,7.5,10,103-544,İRM 72 / 132 M4a,İRM 72,132 M4a,50733.00,55799.00
TL,İRM,11,7.5,10,460-689,İRM 72 / 132 S2b,İRM 72,132 S2b,48916.00,53805.00
TL,İRM,11,7.5,10,115-548,İRM 721 / 132 M4a,İRM 721,132 M4a,47946.00,52734.00
TL,İRM,12,11,,"5,3-5,8",İRM 153 İR 92 / C132 M4b(*C),İRM 153 İR 92,C132 M4b(*C),411092.00,448791.00
TL,İRM,12,11,15,"4,8-6,0",İRM 154 / C132 M4b(*C),İRM 154,C132 M4b(*C),393712.00,431731.00
TL,İRM,12,11,15,"5,9-8,0",İRM 144 / C132 M4b(*C),İRM 144,C132 M4b(*C),266435.00,294546.00
TL,İRM,12,11,15,13-48,İRM 123 / C132 M4b(*C),İRM 123,C132 M4b(*C),145608.00,160422.00
TL,İRM,12,11,15,23-93,İRM 103 / C132 M4b(*C),İRM 103,C132 M4b(*C),116256.00,128149.00
TL,İRM,12,11,15,79,İRM 102 / C132 M4b(*C),İRM 102,C132 M4b(*C),113738.00,125384.00
TL,İRM,12,11,15,29-98,İRM 93 / C132 M4b(*C),İRM 93,C132 M4b(*C),95932.00,105791.00
TL,İRM,12,11,15,67-223,İRM 92 / C132 M4b(*C),İRM 92,C132 M4b(*C),93866.00,103516.00
TL,İRM,12,11,15,62-90,İRM 83 / C132 M4b(*C),İRM 83,C132 M4b(*C),81374.00,89770.00
TL,İRM,12,11,15,1005-589,İRM 82 / C132 M4b(*C),İRM 82,C132 M4b(*C),80206.00,88490.00
TL,İRM,12,11,15,168-544,İRM 72 / C132 M4b(*C),İRM 72,C132 M4b(*C),61495.00,66484.00
TL,İRM,12,11,15,"5,3-5,8",İRM 153 İR 92 / 160 M4b,İRM 153 İR 92,160 M4b,413726.00,451425.00
TL,İRM,12,11,15,"4,8-6,0",İRM 154 / 160 M4b,İRM 154,160 M4b,396550.00,434569.00
TL,İRM,12,11,15,"4,4-7,0",İRM 153 / 160 L6b,İRM 153,160 L6b,359770.00,395742.00
TL,İRM,12,11,15,"6,3-16",İRM 153 / 160 M4b,İRM 153,160 M4b,352040.00,388029.00
TL,İRM,12,11,15,"5,9-8,0",İRM 144 / 160 M4b,İRM 144,160 M4b,269212.00,297323.00
TL,İRM,12,11,15,"6,1-12",İRM 143 / 160 L6b,İRM 143,160 L6b,258688.00,285866.00
TL,İRM,12,11,15,"8,6-21",İRM 143 / 160 M4b,İRM 143,160 M4b,251975.00,278461.00
TL,İRM,12,11,15,13-48,İRM 123 / 160 M4b,İRM 123,160 M4b,148385.00,163199.00
TL,İRM,12,11,15,23-93,İRM 103 / 160 M4b,İRM 103,160 M4b,118953.00,130846.00
TL,İRM,12,11,15,79,İRM 102 / 160 M4b,İRM 102,160 M4b,116435.00,128081.00
TL,İRM,12,11,15,29-98,İRM 93 / 160 M4b,İRM 93,160 M4b,98566.00,108425.00
TL,İRM,12,11,15,67-223,İRM 92 / 160 M4b,İRM 92,160 M4b,96500.00,106150.00
TL,İRM,12,11,15,62-90,İRM 83 / 160 M4b,İRM 83,160 M4b,83970.00,92366.00
TL,İRM,12,11,15,1005-589,İRM 82 / 160 M4b,İRM 82,160 M4b,82802.00,91086.00
TL,İRM,12,11,15,168-230,İRPM 72 / 160 M4b(*P),İRPM 72,160 M4b(*P),66929.00,72142.00
TL,İRM,12,11,15,254-544,İRM 72 / 160 M4b,İRM 72,160 M4b,64047.00,69036.00
TL,İRM,12,15,15,"5,7-7,0",İRM 153 / 180 L6b,İRM 153,180 L6b,377959.00,415738.00
TL,İRM,12,15,20,"6,3-20",İRM 153 / 160 L4a,İRM 153,160 L4a,366715.00,403372.00
TL,İRM,12,15,20,"9,7-12",İRM 143 / 180 L6b,İRM 143,180 L6b,270307.00,297361.00
TL,İRM,12,15,20,"8,6-34",İRM 143 / 160 L4a,İRM 143,160 L4a,258879.00,284759.00
TL,İRM,12,15,20,15-65,İRM 123 / 160 L4a,İRM 123,160 L4a,154992.00,170489.00
TL,İRM,12,15,20,53-80,İRM 122 / 160 L4a,İRM 122,160 L4a,151952.00,167149.00
TL,İRM,12,15,20,25-93,İRM 103 / 160 L4a,İRM 103,160 L4a,125462.00,138004.00
TL,İRM,12,15,20,79-148,İRM 102 / 160 L4a,İRM 102,160 L4a,123050.00,135352.00
TL,İRM,12,15,20,69-98,İRM 93 / 160 L4a,İRM 93,160 L4a,105059.00,115368.00
TL,İRM,12,15,20,67-315,İRM 92 / 160 L4a,İRM 92,160 L4a,103130.00,113440.00
TL,İRM,12,15,20,83-90,İRM 83 / 160 L4a,İRM 83,160 L4a,90432.00,99476.00
TL,İRM,12,15,20,105-589,İRM 82 / 160 L4a,İRM 82,160 L4a,89317.00,98246.00
TL,İRM,12,18.5,20,"7,8-23",İRM 153 / C160 L4b(*C),İRM 153,C160 L4b(*C),376104.00,414139.00
TL,İRM,12,18.5,25,10-41,İRM 143 / C160 L4b(*C),İRM 143,C160 L4b(*C),268249.00,295493.00
TL,İRM,12,18.5,25,18-78,İRM 123 / C160 L4b(*C),İRM 123,C160 L4b(*C),163458.00,180211.00
TL,İRM,12,18.5,25,58-101,İRM 122 / C160 L4b(*C),İRM 122,C160 L4b(*C),160421.00,176881.00
TL,İRM,12,18.5,25,35-93,İRM 103 / C160 L4b(*C),İRM 103,C160 L4b(*C),133872.00,147663.00
TL,İRM,12,18.5,25,79-195,İRM 102 / C160 L4b(*C),İRM 102,C160 L4b(*C),131461.00,145013.00
TL,İRM,12,18.5,25,85-571,İRM 92 / C160 L4b(*C),İRM 92,C160 L4b(*C),111581.00,123121.00
TL,İRM,12,18.5,25,130-523,İRM 82 / C160 L4b(*C),İRM 82,C160 L4b(*C),98931.00,109201.00
TL,İRM,13,18.5,,"7,8-23",İRM 153 / 180 M4b,İRM 153,180 M4b,380444.00,418479.00
TL,İRM,13,18.5,25,10-41,İRM 143 / 180 M4b,İRM 143,180 M4b,272438.00,299682.00
TL,İRM,13,18.5,25,18-78,İRM 123 / 180 M4b,İRM 123,180 M4b,167647.00,184400.00
TL,İRM,13,18.5,25,58-101,İRM 122 / 180 M4b,İRM 122,180 M4b,164610.00,181070.00
TL,İRM,13,18.5,25,35-93,İRM 103 / 180 M4b,İRM 103,180 M4b,137930.00,151721.00
TL,İRM,13,18.5,25,79-195,İRM 102 / 180 M4b,İRM 102,180 M4b,135519.00,149071.00
TL,İRM,13,18.5,25,85-571,İRM 92 / 180 M4b,İRM 92,180 M4b,115444.00,126984.00
TL,İRM,13,18.5,25,130-523,İRM 82 / 180 M4b,İRM 82,180 M4b,102716.00,112986.00
TL,İRM,13,22,25,"8,8-32",İRM 153 / 180 L4b,İRM 153,180 L4b,384805.00,423273.00
TL,İRM,13,22,30,15-50,İRM 143 / 180 L4b,İRM 143,180 L4b,277040.00,304748.00
TL,İRM,13,22,30,23-78,İRM 123 / 180 L4b,İRM 123,180 L4b,171976.00,189172.00
TL,İRM,13,22,30,70-121,İRM 122 / 180 L4b,İRM 122,180 L4b,168884.00,185775.00
TL,İRM,13,22,30,44-93,İRM 103 / 180 L4b,İRM 103,180 L4b,142213.00,156432.00
TL,İRM,13,22,30,79-618,İRM 102 / 180 L4b,İRM 102,180 L4b,139762.00,153735.00
TL,İRM,13,22,30,105-571,İRM 92 / 180 L4b,İRM 92,180 L4b,119908.00,131892.00
TL,İRM,13,22,30,208-589,İRM 82 / 180 L4b,İRM 82,180 L4b,107076.00,117786.00
TL,İRM,13,30,30,12-59,İRM 153 / C180 L4b(*C),İRM 153,C180 L4b(*C),396599.00,437119.00
TL,İRM,13,30,40,16-69,İRM 143 / C180 L4b(*C),İRM 143,C180 L4b(*C),288300.00,319118.00
TL,İRM,13,30,40,69-96,İRM 142 / C180 L4b(*C),İRM 142,C180 L4b(*C),278856.00,309271.00
TL,İRM,13,30,40,29-78,İRM 123 / C180 L4b(*C),İRM 123,C180 L4b(*C),182610.00,201677.00
TL,İRM,13,30,40,80-426,İRM 122 / C180 L4b(*C),İRM 122,C180 L4b(*C),179338.00,198080.00
TL,İRM,13,30,40,62-93,İRM 103 / C180 L4b(*C),İRM 103,C180 L4b(*C),156012.00,177092.00
TL,İRM,13,30,40,89-618,İRM 102 / C180 L4b(*C),İRM 102,C180 L4b(*C),150688.00,166553.00
TL,İRM,13,30,40,203-571,İRM 92 / C180 L4b(*C),İRM 92,C180 L4b(*C),130556.00,144392.00
TL,İRM,13,30,40,12-59,İRM 153 / 200 L4c,İRM 153,200 L4c,405677.00,446197.00
TL,İRM,13,30,40,16-69,İRM 143 / 200 L4c,İRM 143,200 L4c,296853.00,327671.00
TL,İRM,13,30,40,69-96,İRM 142 / 200 L4c,İRM 142,200 L4c,287409.00,317824.00
TL,İRM,13,30,40,29-78,İRM 123 / 200 L4c,İRM 123,200 L4c,190853.00,209920.00
TL,İRM,13,30,40,80-426,İRM 122 / 200 L4c,İRM 122,200 L4c,187581.00,206323.00
TL,İRM,13,30,40,62-93,İRM 103 / 200 L4c,İRM 103,200 L4c,163967.00,185047.00
TL,İRM,13,30,40,89-618,İRM 102 / 200 L4c,İRM 102,200 L4c,158643.00,174508.00
TL,İRM,13,30,40,203-571,İRM 92 / 200 L4c,İRM 92,200 L4c,138349.00,152185.00
TL,İRM,13,37,40,15-59,İRM 153 / C200 L4b(*C),İRM 153,C200 L4b(*C),416395.00,459665.00
TL,İRM,13,37,50,50-89,İRM 152 / C200 L4b(*C),İRM 152,C200 L4b(*C),394875.00,436002.00
TL,İRM,13,37,50,22-70,İRM 143 / C200 L4b(*C),İRM 143,C200 L4b(*C),299780.00,331868.00
TL,İRM,13,37,50,70-110,İRM 142 / C200 L4b(*C),İRM 142,C200 L4b(*C),290340.00,321568.00
TL,İRM,13,37,50,39-78,İRM 123 / C200 L4b(*C),İRM 123,C200 L4b(*C),201863.00,223628.00
TL,İRM,13,37,50,80-426,İRM 122 / C200 L4b(*C),İRM 122,C200 L4b(*C),198695.00,220146.00
TL,İRM,13,37,50,89-619,İRM 102 / C200 L4b(*C),İRM 102,C200 L4b(*C),164208.00,182087.00
TL,İRM,13,37,50,15-59,İRM 153 / 225 S4a,İRM 153,225 S4a,434179.00,477449.00
TL,İRM,13,37,50,50-89,İRM 152 / 225 S4a,İRM 152,225 S4a,412659.00,453786.00
TL,İRM,13,37,50,22-70,İRM 143 / 225 S4a,İRM 143,225 S4a,325328.00,357538.00
TL,İRM,13,37,50,70-110,İRM 142 / 225 S4a,İRM 142,225 S4a,315986.00,347343.00
TL,İRM,13,37,50,39-78,İRM 123 / 225 S4a,İRM 123,225 S4a,218607.00,240372.00
TL,İRM,13,37,50,80-426,İRM 122 / 225 S4a,İRM 122,225 S4a,215439.00,236890.00
TL,İRM,13,37,50,89-619,İRM 102 / 225 S4a,İRM 102,225 S4a,179558.00,197437.00
TL,İRM,14,45,,18-59,İRM 153 / 225 M4c,İRM 153,225 M4c,438308.00,481986.00
TL,İRM,14,45,60,49-97,İRM 152 / 225 M4c,İRM 152,225 M4c,418037.00,459574.00
TL,İRM,14,45,60,25-69,İRM 143 / 225 M4c,İRM 143,225 M4c,329650.00,362471.00
TL,İRM,14,45,60,69-109,İRM 142 / 225 M4c,İRM 142,225 M4c,321962.00,354014.00
TL,İRM,14,45,60,43-78,İRM 123 / 225 M4c,İRM 123,225 M4c,222601.00,244763.00
TL,İRM,14,45,60,80-426,İRM 122 / 225 M4c,İRM 122,225 M4c,219504.00,241359.00
TL,İRM,14,45,60,100-618,İRM 102 / 225 M4c,İRM 102,225 M4c,183988.00,202307.00
TL,İRM,14,55,60,23-59,İRM 153 /C 225 M4c(*C),İRM 153,C 225 M4c(*C),493495.00,544083.00
TL,İRM,14,55,75,49-130,İRM 152 /C 225 M4c(*C),İRM 152,C 225 M4c(*C),463258.00,510829.00
TL,İRM,14,55,75,31-69,İRM 143 /C 225 M4c(*C),İRM 143,C 225 M4c(*C),384546.00,424062.00
TL,İRM,14,55,75,69-244,İRM 142 /C 225 M4c(*C),İRM 142,C 225 M4c(*C),375432.00,414047.00
TL,İRM,14,55,75,80-426,İRM 122 /C 225 M4c(*C),İRM 122,C 225 M4c(*C),272491.00,300810.00
TL,İRM,14,55,75,132-618,İRM 102/C 225 M4c(*C),İRM 102,C 225 M4c(*C),236503.00,254822.00
TL,İRM,14,55,75,23-59,İRM 153 / 250 M4c,İRM 153,250 M4c,505631.00,556219.00
TL,İRM,14,55,75,49-130,İRM 152 / 250 M4c,İRM 152,250 M4c,475394.00,522965.00
TL,İRM,14,55,75,31-69,İRM 143 / 250 M4c,İRM 143,250 M4c,394830.00,434346.00
TL,İRM,14,55,75,69-244,İRM 142 / 250 M4c,İRM 142,250 M4c,385716.00,424331.00
TL,İRM,14,55,75,80-202,İRPM 122 / 250 M4c(*P),İRPM 122,250 M4c(*P),303659.00,334069.00
TL,İRM,14,55,75,223-426,İRM 122 / 250 M4c,İRM 122,250 M4c,282775.00,311094.00
TL,İRM,14,75,75,31-59,İRM 153 / 280 S4,İRM 153,280 S4,586058.00,637844.00
TL,İRM,14,75,100,73-171,İRM 152 / 280 S4,İRM 152,280 S4,566512.00,617431.00
TL,İRM,14,75,100,50-69,İRM 143 / 280 S4,İRM 143,280 S4,467367.00,490543.00
TL,İRM,14,75,100,96-292,İRM 142 / 280 S4,İRM 142,280 S4,456554.00,479181.00
TL,İRM,14,90,100,39-59,İRM 153 / 280 M4,İRM 153,280 M4,606892.00,662003.00
TL,İRM,14,90,120,73-233,İRM 152 / 280 M4,İRM 152,280 M4,583743.00,636751.00
TL,İRM,14,90,120,96-292,İRM 142 / 280 M4,İRM 142,280 M4,477005.00,525321.00
TL,İRM,14,110,120,50-59,İRM 153 / 315 S4,İRM 153,315 S4,747107.00,822586.00
TL,İRM,14,110,150,81-233,İRM 152 / 315 S4,İRM 152,315 S4,723332.00,796605.00
TL,İRM,14,132,150,59,İRM 153 / 315 M4a,İRM 153,315 M4a,800976.00,881903.00
TL,İRM,14,132,180,124-233,İRM 152 / 315 M4a,İRM 152,315 M4a,777517.00,856258.00
TL,İRM,14,160,220,124-233,İRM 152 / 315 M4b,İRM 152,315 M4b,840435.00,924471.00
TL,İRKM,21,0.12,,"0,17-1,2",İRKPM 103 İR 63 / 63 M4a(*P),İRKPM 103 İR 63,63 M4a(*P),136069.00,141303.00
TL,İRKM,21,0.12,0.16,"0,27-0,63",İRKPM 93 İR 63 / 63 M4a(*P),İRKPM 93 İR 63,63 M4a(*P),93459.00,95957.00
TL,İRKM,21,0.12,0.16,"0,48-1,1",İRKPM 83 İR 53 / 63 M4a(*P),İRKPM 83 İR 53,63 M4a(*P),73050.00,74551.00
TL,İRKM,21,0.12,0.16,"1,3-2,2",İRKPM 83 İR 52 / 63 M4a(*P),İRKPM 83 İR 52,63 M4a(*P),72639.00,74140.00
TL,İRKM,21,0.12,0.16,"1,0-2,0",İRKPM 73 İR 53 / 63 M4a(*P),İRKPM 73 İR 53,63 M4a(*P),49352.00,50485.00
TL,İRKM,21,0.12,0.16,"2,3-6,8",İRKPM 73 İR 52 / 63 M4a(*P),İRKPM 73 İR 52,63 M4a(*P),48894.00,50027.00
TL,İRKM,21,0.12,0.16,"3,6-4,6",İRKPM 74 / 63 M4a(*P),İRKPM 74,63 M4a(*P),43023.00,44156.00
TL,İRKM,21,0.12,0.16,"2,4-10",İRKPM 63 İR 52 / 63M4a(*P),İRKPM 63 İR 52,63M4a(*P),34066.00,35094.00
TL,İRKM,21,0.12,0.16,10-17,İRKPM 63 / 63 M4a(*P),İRKPM 63,63 M4a(*P),25804.00,26832.00
TL,İRKM,21,0.12,0.16,18-47,İRKPM 53 / 63 M4a(*P),İRKPM 53,63 M4a(*P),20646.00,21599.00
TL,İRKM,21,0.12,0.16,18-47,İRKPM 43 / 63 M4a(*P),İRKPM 43,63 M4a(*P),20182.00,21135.00
TL,İRKM,21,0.18,0.16,"0,32-1,2",İRKPM 103 İR 63 / 63 M4b(*P),İRKPM 103 İR 63,63 M4b(*P),136210.00,141444.00
TL,İRKM,21,0.18,0.25,"0,93-1,1",İRKPM 93 İR 63 / 63 M4b(*P),İRKPM 93 İR 63,63 M4b(*P),93691.00,96189.00
TL,İRKM,21,0.18,0.25,"0,43-0,63",İRKPM 83 İR 53 / 63 M4b(*P),İRKPM 83 İR 53,63 M4b(*P),73600.00,75101.00
TL,İRKM,21,0.18,0.25,"1,3-3,7",İRKPM 83 İR 52 / 63 M4b(*P),İRKPM 83 İR 52,63 M4b(*P),73192.00,74693.00
TL,İRKM,21,0.18,0.25,"1,5-2,2",İRKM 84 / 71 M6a,İRKM 84,71 M6a,66459.00,67960.00
TL,İRKM,21,0.18,0.25,"1,5-2,0",İRKPM 73 İR 53 / 63 M4b(*P),İRKPM 73 İR 53,63 M4b(*P),49529.00,50662.00
TL,İRKM,21,0.18,0.25,"2,3-6,8",İRKPM 73 İR 52 / 63 M4b(*P),İRKPM 73 İR 52,63 M4b(*P),49038.00,50171.00
TL,İRKM,21,0.18,0.25,"2,3-3,0",İRKM 74 / 71 M6a,İRKM 74,71 M6a,45613.00,46746.00
TL,İRKM,21,0.18,0.25,"3,6-7,2",İRKPM 74 / 63 M4b(*P),İRKPM 74,63 M4b(*P),44393.00,45526.00
TL,İRKM,21,0.18,0.25,"6,7-7,2",İRKPM 73 / 71 M6a(*P),İRKPM 73,71 M6a(*P),39056.00,40189.00
TL,İRKM,21,0.18,0.25,"7,7",İRKM 73 / 71 M6a,İRKM 73,71 M6a,37195.00,38328.00
TL,İRKM,21,0.18,0.25,"3,0-10",İRKPM 63 İR 52 / 63 M4b(*P),İRKPM 63 İR 52,63 M4b(*P),34621.00,35649.00
TL,İRKM,21,0.18,0.25,"6,8-11",İRKPM 63 / 71 M6a(*P),İRKPM 63,71 M6a(*P),27102.00,28130.00
TL,İRKM,21,0.18,0.25,"7,8-14",İRKM 63 / 71 M6a,İRKM 63,71 M6a,25813.00,26841.00
TL,İRKM,21,0.18,0.25,11-28,İRKPM 63 / 63 M4b(*P),İRKPM 63,63 M4b(*P),26261.00,27289.00
TL,İRKM,21,0.18,0.25,12-14,İRKPM 53 / 71 M6a(*P),İRKPM 53,71 M6a(*P),23052.00,24005.00
TL,İRKM,21,0.18,0.25,16-21,İRKM 53 / 71 M6a,İRKM 53,71 M6a,21850.00,22803.00
TL,İRKM,21,0.18,0.25,18-63,İRKPM 52 / 63 M4b(*P),İRKPM 52,63 M4b(*P),21521.00,22474.00
TL,İRKM,21,0.18,0.25,12-14,İRKPM 43 / 71 M6a(*P),İRKPM 43,71 M6a(*P),22649.00,23602.00
TL,İRKM,21,0.18,0.25,16-21,İRKM 43 / 71 M6a,İRKM 43,71 M6a,21469.00,22422.00
TL,İRKM,21,0.18,0.25,18-63,İRKPM 43 / 63 M4b(*P),İRKPM 43,63 M4b(*P),20361.00,21314.00
TL,İRKM,21,0.25,0.25,"0,14-0,97",İRKM 143 İR 73 / 71 M4a,İRKM 143 İR 73,71 M4a,272626.00,285405.00
TL,İRKM,21,0.25,0.34,"0,18-1,3",İRKM 123 İR 73 / 71 M4a,İRKM 123 İR 73,71 M4a,182365.00,189974.00
TL,İRKM,21,0.25,0.34,"0,40-2,5",İRKM 103 İR 63 / 71 M4a,İRKM 103 İR 63,71 M4a,135235.00,140469.00
TL,İRKM,21,0.25,0.34,"0,70-3,3",İRKM 93 İR 63 / 71 M4a,İRKM 93 İR 63,71 M4a,95006.00,97504.00
TL,İRKM,21,0.25,0.34,"1,8-2,6",İRKM 94 / 71 M6b,İRKM 94,71 M6b,86647.00,89145.00
TL,İRKM,21,0.25,0.34,"1,1",İRKM 83 İR 53 / 71 M4a,İRKM 83 İR 53,71 M4a,74181.00,75682.00
TL,İRKM,21,0.25,0.34,"1,3-7,7",İRKM 83 İR 52 / 71 M4a,İRKM 83 İR 52,71 M4a,73778.00,75279.00
TL,İRKM,21,0.25,0.34,"1,5-2,2",İRKM 84 / 71 M6b,İRKM 84,71 M6b,66942.00,68443.00
TL,İRKM,21,0.25,0.34,"2,3-4,3",İRKM 84 / 71 M4a,İRKM 84,71 M4a,66078.00,67579.00
TL,İRKM,21,0.25,0.34,"3,8-6,3",İRKM 83 / 71 M6b,İRKM 83,71 M6b,56992.00,58493.00
TL,İRKM,21,0.25,0.34,"2,0",İRKM 73 İR 53 / 71 M4a,İRKM 73 İR 53,71 M4a,50312.00,51445.00
TL,İRKM,21,0.25,0.34,"2,3-11",İRKM 73 İR 52 / 71 M4a,İRKM 73 İR 52,71 M4a,49825.00,50958.00
TL,İRKM,21,0.25,0.34,"2,3-3,0",İRKM 74 / 71 M6b,İRKM 74,71 M6b,46063.00,47196.00
TL,İRKM,21,0.25,0.34,"3,6-8,6",İRKM 74 / 71 M4a,İRKM 74,71 M4a,45251.00,46384.00
TL,İRKM,21,0.25,0.34,"6,7-7,2",İRKPM 73 / 71 M6b(*P),İRKPM 73,71 M6b(*P),39504.00,40637.00
TL,İRKM,21,0.25,0.34,"7,7",İRKM 73 / 71 M6b,İRKM 73,71 M6b,37625.00,38758.00
TL,İRKM,21,0.25,0.34,10-11,İRKPM 73 / 71 M4a(*P),İRKPM 73,71 M4a(*P),38851.00,39984.00
TL,İRKM,21,0.25,0.34,12-15,İRKM 73 / 71 M4a,İRKM 73,71 M4a,37003.00,38136.00
TL,İRKM,22,0.25,,"4,1-10",İRKM 63 İR 52 / 71 M4a,İRKM 63 İR 52,71 M4a,35456.00,36484.00
TL,İRKM,22,0.25,0.34,"6,8-11",İRKPM 63 / 71 M6b(*P),İRKPM 63,71 M6b(*P),27451.00,28479.00
TL,İRKM,22,0.25,0.34,"7,8-14",İRKM 63 / 71 M6b,İRKM 63,71 M6b,26145.00,27173.00
TL,İRKM,22,0.25,0.34,11-28,İRKPM 63 / 71 M4a(*P),İRKPM 63,71 M4a(*P),26578.00,27606.00
TL,İRKM,22,0.25,0.34,12-31,İRKM 63 / 71 M4a,İRKM 63,71 M4a,25313.00,26341.00
TL,İRKM,22,0.25,0.34,12-14,İRKPM 53 / 71 M6b(*P),İRKPM 53,71 M6b(*P),23145.00,24098.00
TL,İRKM,22,0.25,0.34,16-21,İRKM 53 / 71 M6b,İRKM 53,71 M6b,22042.00,22995.00
TL,İRKM,22,0.25,0.34,18-21,İRKPM 53 / 71 M4a(*P),İRKPM 53,71 M4a(*P),22414.00,23367.00
TL,İRKM,22,0.25,0.34,24-89,İRKM 53 / 71 M4a,İRKM 53,71 M4a,21244.00,22197.00
TL,İRKM,22,0.25,0.34,98-114,İRKPM 52 / 71 M4a(*P),İRKPM 52,71 M4a(*P),21869.00,22822.00
TL,İRKM,22,0.25,0.34,131-324,İRKM 52 / 71 M4a,İRKM 52,71 M4a,20728.00,21681.00
TL,İRKM,22,0.25,0.34,12-14,İRKPM 43 / 71 M6b(*P),İRKPM 43,71 M6b(*P),22869.00,23822.00
TL,İRKM,22,0.25,0.34,16-21,İRKM 43 / 71 M6b,İRKM 43,71 M6b,21676.00,22629.00
TL,İRKM,22,0.25,0.34,18-21,İRKPM 43 / 71 M4a(*P),İRKPM 43,71 M4a(*P),21942.00,22895.00
TL,İRKM,22,0.25,0.34,24-89,İRKM 43 / 71 M4a,İRKM 43,71 M4a,20799.00,21752.00
TL,İRKM,22,0.25,0.34,98-114,İRKPM 42 / 71 M4a(*P),İRKPM 42,71 M4a(*P),21588.00,22541.00
TL,İRKM,22,0.25,0.34,131-324,İRKM 42 / 71 M4a,İRKM 42,71 M4a,20463.00,21416.00
TL,İRKM,22,0.37,0.34,"0,18-0,97",İRKM 143 İR 73 / 71 M4b,İRKM 143 İR 73,71 M4b,273391.00,286170.00
TL,İRKM,22,0.37,0.50,"0,31-1,3",İRKM 123 İR 73 / 71 M4b,İRKM 123 İR 73,71 M4b,182741.00,190350.00
TL,İRKM,22,0.37,0.50,"0,62-2,5",İRKM 103 İR 63 / 71 M4b,İRKM 103 İR 63,71 M4b,135613.00,140847.00
TL,İRKM,22,0.37,0.50,"3,9-5,0",İRKM 93 İR 62 / 71 M4b,İRKM 93 İR 62,71 M4b,95405.00,97903.00
TL,İRKM,22,0.37,0.50,"1,8-3,3",İRKM 94 / 80 M6a,İRKM 94,80 M6a,87961.00,90459.00
TL,İRKM,22,0.37,0.50,"2,8-3,4",İRKM 94 / 71 M4b,İRKM 94,71 M4b,86926.00,89424.00
TL,İRKM,22,0.37,0.50,"5,0-7,5",İRKM 93 / 80 M6a,İRKM 93,80 M6a,74668.00,77166.00
TL,İRKM,22,0.37,0.50,"1,5-9,4",İRKM 83 İR 52 / 71 M4b,İRKM 83 İR 52,71 M4b,75114.00,76615.00
TL,İRKM,22,0.37,0.50,"2,0-2,2",İRKM 84 / 80 M6a,İRKM 84,80 M6a,67623.00,69124.00
TL,İRKM,22,0.37,0.50,"2,3-5,4",İRKM 84 / 71 M4b,İRKM 84,71 M4b,66442.00,67943.00
TL,İRKM,22,0.37,0.50,"3,8-8,0",İRKM 83 / 80 M6a,İRKM 83,80 M6a,57266.00,58767.00
TL,İRKM,22,0.37,0.50,"8,4-9,8",İRKM 83 / 71 M4b,İRKM 83,71 M4b,56313.00,57814.00
TL,İRKM,22,0.37,0.50,"3,3-11",İRKM 73 İR 52 / 71 M4b,İRKM 73 İR 52,71 M4b,51404.00,52537.00
TL,İRKM,22,0.37,0.50,"3,6-12",İRKM 74 / 71 M4b,İRKM 74,71 M4b,45628.00,46761.00
TL,İRKM,22,0.37,0.50,"6,7-7,2",İRKPM 73 / 80 M6a(*P),İRKPM 73,80 M6a(*P),41410.00,42543.00
TL,İRKM,22,0.37,0.50,"7,7",İRKM 73 / 80 M6a,İRKM 73,80 M6a,39438.00,40571.00
TL,İRKM,22,0.37,0.50,10-11,İRKPM 73 / 71 M4b(*P),İRKPM 73,71 M4b(*P),40577.00,41710.00
TL,İRKM,22,0.37,0.50,12-19,İRKM 73 / 71 M4b,İRKM 73,71 M4b,38646.00,39779.00
TL,İRKM,22,0.37,0.50,"7,0-10",İRKM 63 İR 52 / 71 M4b,İRKM 63 İR 52,71 M4b,36049.00,37077.00
TL,İRKM,22,0.37,0.50,11,İRKPM 63 / 80 M6a(*P),İRKPM 63,80 M6a(*P),28113.00,29141.00
TL,İRKM,22,0.37,0.50,"8,6-14",İRKM 63 / 80 M6a,İRKM 63,80 M6a,26775.00,27803.00
TL,İRKM,22,0.37,0.50,11-28,İRKPM 63/ 71 M4b(*P),İRKPM 63,71 M4b(*P),26929.00,27957.00
TL,İRKM,22,0.37,0.50,12-62,İRKM 63 / 71 M4b,İRKM 63,71 M4b,25646.00,26674.00
TL,İRKM,22,0.37,0.50,12-14,İRKPM 53 / 80 M6a(*P),İRKPM 53,80 M6a(*P),24135.00,25088.00
TL,İRKM,22,0.37,0.50,16-21,İRKM 53 / 80 M6a,İRKM 53,80 M6a,22878.00,23831.00
TL,İRKM,22,0.37,0.50,18-21,İRKPM 53/ 71 M4b(*P),İRKPM 53,71 M4b(*P),22863.00,23816.00
TL,İRKM,22,0.37,0.50,24-89,İRKM 53 / 71 M4b,İRKM 53,71 M4b,21672.00,22625.00
TL,İRKM,22,0.37,0.50,98-114,İRKPM 52/ 71 M4b(*P),İRKPM 52,71 M4b(*P),22629.00,23582.00
TL,İRKM,22,0.37,0.50,131-324,İRKM 52 / 71 M4b,İRKM 52,71 M4b,21247.00,22200.00
TL,İRKM,22,0.37,0.50,12-14,İRKPM 43 / 80 M6a(*P),İRKPM 43,80 M6a(*P),23151.00,24104.00
TL,İRKM,22,0.37,0.50,16-21,İRKM 43 / 80 M6a,İRKM 43,80 M6a,21945.00,22898.00
TL,İRKM,22,0.37,0.50,18-21,İRKPM 43 / 71 M4b(*P),İRKPM 43,71 M4b(*P),22362.00,23315.00
TL,İRKM,22,0.37,0.50,24-89,İRKM 43 / 71 M4b,İRKM 43,71 M4b,21198.00,22151.00
TL,İRKM,22,0.37,0.50,98-114,İRKPM 42/ 71 M4b(*P),İRKPM 42,71 M4b(*P),22175.00,23128.00
TL,İRKM,22,0.37,0.50,131-324,İRKM 42 / 71 M4b,İRKM 42,71 M4b,20750.00,21703.00
TL,İRKM,23,0.55,,"0,20-0,55",İRKPM 153 İR 93 / 80 M4a(*P),İRKPM 153 İR 93,80 M4a(*P),392081.00,409118.00
TL,İRKM,23,0.55,0.75,"0,25-0,97",İRKM 143 İR 73 / 80 M4a,İRKM 143 İR 73,80 M4a,274369.00,287148.00
TL,İRKM,23,0.55,0.75,"1,1-1,6",İRKM 143 İR 72 / 80 M4a,İRKM 143 İR 72,80 M4a,273467.00,286246.00
TL,İRKM,23,0.55,0.75,"0,43-1,3",İRKM 123 İR 73 / 80 M4a,İRKM 123 İR 73,80 M4a,185956.00,193565.00
TL,İRKM,23,0.55,0.75,"0,71-2,6",İRKM 123 İR 72 / 80 M4a,İRKM 123 İR 72,80 M4a,185193.00,192802.00
TL,İRKM,23,0.55,0.75,"0,92-2,8",İRKM 103 İR 63 / 80 M4a,İRKM 103 İR 63,80 M4a,135950.00,141184.00
TL,İRKM,23,0.55,0.75,"2,9-6,6",İRKM 103 İR 62 / 80 M4a,İRKM 103 İR 62,80 M4a,135485.00,140719.00
TL,İRKM,23,0.55,0.75,"1,46-2,0",İRKM 104 / 80 M6b,İRKM 104,80 M6b,122527.00,127761.00
TL,İRKM,23,0.55,0.75,"1,4-3,3",İRKM 93 İR 63 / 80 M4a,İRKM 93 İR 63,80 M4a,96339.00,98837.00
TL,İRKM,23,0.55,0.75,"3,9-7,5",İRKM 93 İR 62 / 80 M4a,İRKM 93 İR 62,80 M4a,95828.00,98326.00
TL,İRKM,23,0.55,0.75,"1,8-3,3",İRKM 94 / 80 M6b,İRKM 94,80 M6b,88679.00,91177.00
TL,İRKM,23,0.55,0.75,"2,8-5,8",İRKM 94 / 80 M4a,İRKM 94,80 M4a,87832.00,90330.00
TL,İRKM,23,0.55,0.75,"5,0-7,5",İRKM 93 / 80 M6b,İRKM 93,80 M6b,76505.00,79003.00
TL,İRKM,23,0.55,0.75,"1,9-9,4",İRKM 83 İR 52 / 80 M4a,İRKM 83 İR 52,80 M4a,75925.00,77426.00
TL,İRKM,23,0.55,0.75,"3,1-5,4",İRKM 84 / 80 M4a,İRKM 84,80 M4a,67419.00,68920.00
TL,İRKM,23,0.55,0.75,"3,8-8,0",İRKM 83 / 80 M6b,İRKM 83,80 M6b,57950.00,59451.00
TL,İRKM,23,0.55,0.75,"5,9-13",İRKM 83 / 80 M4a,İRKM 83,80 M4a,57124.00,58625.00
TL,İRKM,23,0.55,0.75,"5,3-11",İRKM 73 İR 52 / 80 M4a,İRKM 73 İR 52,80 M4a,52461.00,53594.00
TL,İRKM,23,0.55,0.75,"4,6-12",İRKM 74 / 80 M4a,İRKM 74,80 M4a,46769.00,47902.00
TL,İRKM,23,0.55,0.75,10-11,İRKPM 73 / 80 M4a(*P),İRKPM 73,80 M4a(*P),41319.00,42452.00
TL,İRKM,23,0.55,0.75,12-27,İRKM 73 / 80 M4a,İRKM 73,80 M4a,39539.00,40672.00
TL,İRKM,23,0.55,0.75,13-14,İRKM 63 / 80 M6b,İRKM 63,80 M6b,27378.00,28406.00
TL,İRKM,23,0.55,0.75,12-195,İRKM 63 / 80 M4a,İRKM 63,80 M4a,26524.00,27552.00
TL,İRKM,23,0.55,0.75,18-21,İRKPM 53/ 80 M4a(*P),İRKPM 53,80 M4a(*P),24115.00,25068.00
TL,İRKM,23,0.55,0.75,24-89,İRKM 53 / 80 M4a,İRKM 53,80 M4a,22652.00,23605.00
TL,İRKM,23,0.55,0.75,98-114,İRKPM 52 / 80 M4a(*P),İRKPM 52,80 M4a(*P),23362.00,24315.00
TL,İRKM,23,0.55,0.75,131-324,İRKM 52 / 80 M4a,İRKM 52,80 M4a,22144.00,23097.00
TL,İRKM,23,0.55,0.75,18-21,İRKPM 43/ 80 M4a(*P),İRKPM 43,80 M4a(*P),23139.00,24092.00
TL,İRKM,23,0.55,0.75,28-89,İRKM 43 / 80 M4a,İRKM 43,80 M4a,21933.00,22886.00
TL,İRKM,23,0.55,0.75,98-114,İRKPM 42 / 80 M4a(*P),İRKPM 42,80 M4a(*P),22600.00,23553.00
TL,İRKM,23,0.55,0.75,131-324,İRKM 42 / 80 M4a,İRKM 42,80 M4a,21371.00,22324.00
TL,İRKM,23,0.75,0.75,"0,31-0,66",İRKPM 153 İR 93 / 80 M4b(*P),İRKPM 153 İR 93,80 M4b(*P),394362.00,411399.00
TL,İRKM,23,0.75,1,"0,35-0,97",İRKM 143 İR 73 / 80 M4b,İRKM 143 İR 73,80 M4b,276631.00,289410.00
TL,İRKM,23,0.75,1,"1,1-1,8",İRKM 143 İR 72 / 80 M4b,İRKM 143 İR 72,80 M4b,275700.00,288479.00
TL,İRKM,23,0.75,1,"1,2-1,4",İRKPM 144 / 90 S6a(*P),İRKPM 144,90 S6a(*P),274713.00,287492.00
TL,İRKM,23,0.75,1,"0,63-1,3",İRKM 123 İR 73 / 80 M4b,İRKM 123 İR 73,80 M4b,188264.00,195873.00
TL,İRKM,23,0.75,1,"0,71-3,1",İRKM 123 İR 72 / 80 M4b,İRKM 123 İR 72,80 M4b,187564.00,195173.00
TL,İRKM,23,0.75,1,"2,0-2,7",İRKM 124 / 90 S6a,İRKM 124,90 S6a,175620.00,183229.00
TL,İRKM,23,0.75,1,"1,1-2,8",İRKM 103 İR 63 / 80 M4b,İRKM 103 İR 63,80 M4b,138252.00,143486.00
TL,İRKM,23,0.75,1,"2,9-6,6",İRKM 103 İR 62 / 80 M4b,İRKM 103 İR 62,80 M4b,137552.00,142786.00
TL,İRKM,23,0.75,1,"1,5-2,0",İRKM 104 / 90 S6a,İRKM 104,90 S6a,124781.00,130015.00
TL,İRKM,23,0.75,1,"2,3-5,5",İRKM 104 / 80 M4b,İRKM 104,80 M4b,123712.00,128946.00
TL,İRKM,23,0.75,1,"2,5-3,3",İRKM 93 İR 63 / 80 M4b,İRKM 93 İR 63,80 M4b,98119.00,100617.00
TL,İRKM,23,0.75,1,"3,9-7,5",İRKM 93 İR 62 / 80 M4b,İRKM 93 İR 62,80 M4b,97576.00,100074.00
TL,İRKM,23,0.75,1,"2,2-3,3",İRKM 94 / 90 S6a,İRKM 94,90 S6a,90521.00,93019.00
TL,İRKM,23,0.75,1,"2,8-7,2",İRKM 94 / 80 M4b,İRKM 94,80 M4b,89933.00,92431.00
TL,İRKM,23,0.75,1,"5,0-7,5",İRKM 93 / 90 S6a,İRKM 93,90 S6a,78546.00,81044.00
TL,İRKM,23,0.75,1,"7,8-10",İRKM 93 / 80 M4b,İRKM 93,80 M4b,75849.00,78347.00
TL,İRKM,23,0.75,1,"2,7-7,7",İRKM 83 İR 52 / 80 M4b,İRKM 83 İR 52,80 M4b,77763.00,79264.00
TL,İRKM,23,0.75,1,"3,7-5,4",İRKM 84 / 80 M4b,İRKM 84,80 M4b,69537.00,71038.00
TL,İRKM,23,0.75,1,"4,4-8,0",İRKM 83 / 90 S6a,İRKM 83,90 S6a,59910.00,61411.00
TL,İRKM,23,0.75,1,"5,9-17",İRKM 83 / 80 M4b,İRKM 83,80 M4b,59172.00,60673.00
TL,İRKM,23,0.75,1,"6,7-12",İRKM 74 / 80 M4b,İRKM 74,80 M4b,48844.00,49977.00
TL,İRKM,23,0.75,1,12-33,İRKM 73 / 80 M4b,İRKM 73,80 M4b,41583.00,42716.00
TL,İRKM,24,0.75,,19-195,İRKM 63 / 80 M4b,İRKM 63,80 M4b,28598.00,29626.00
TL,İRKM,24,0.75,1,24-89,İRKM 53 / 80 M4b,İRKM 53,80 M4b,24721.00,25674.00
TL,İRKM,24,0.75,1,98-114,İRKPM 52 / 80 M4b(*P),İRKPM 52,80 M4b(*P),25543.00,26496.00
TL,İRKM,24,0.75,1,28-89,İRKM 43 / 80 M4b,İRKM 43,80 M4b,23972.00,24925.00
TL,İRKM,24,0.75,1,98-114,İRKPM 42 / 80 M4b(*P),İRKPM 42,80 M4b(*P),24728.00,25681.00
TL,İRKM,24,0.75,1,131-324,İRKM 42 / 80 M4b,İRKM 42,80 M4b,23439.00,24392.00
TL,İRKM,24,1.1,1,"0,55-0,94",İRKPM 153 İR 93 / 90 S4a(*P),İRKPM 153 İR 93,90 S4a(*P),395880.00,412917.00
TL,İRKM,24,1.1,1.5,"2,5-3,1",İRKM 143 İR 82 / 90 S4a,İRKM 143 İR 82,90 S4a,298359.00,311138.00
TL,İRKM,24,1.1,1.5,"0,43-0,97",İRKM 143 İR 73 / 90 S4a,İRKM 143 İR 73,90 S4a,278147.00,290926.00
TL,İRKM,24,1.1,1.5,"1,1-3,0",İRKM 143 İR 72 / 90 S4a,İRKM 143 İR 72,90 S4a,277324.00,290103.00
TL,İRKM,24,1.1,1.5,"1,2-1,5",İRKPM 144 / 90 L6b(*P),İRKPM 144,90 L6b(*P),275930.00,288709.00
TL,İRKM,24,1.1,1.5,"1,9",İRKM 144 / 90 S4a,İRKM 144,90 S4a,263221.00,276000.00
TL,İRKM,24,1.1,1.5,"1,0-4,3",İRKM 123 İR 72 / 90 S4a,İRKM 123 İR 72,90 S4a,189660.00,197269.00
TL,İRKM,24,1.1,1.5,"2,0-3,3",İRKPM 124 / 90 L6b(*P),İRKPM 124,90 L6b(*P),176694.00,184303.00
TL,İRKM,24,1.1,1.5,"3,1-3,8",İRKPM 124 / 90 S4a(*P),İRKPM 124,90 S4a(*P),175805.00,183414.00
TL,İRKM,24,1.1,1.5,"1,9-2,8",İRKM 103 İR 63 / 90 S4a,İRKM 103 İR 63,90 S4a,139540.00,144774.00
TL,İRKM,24,1.1,1.5,"2,9-6,6",İRKM 103 İR 62 / 90 S4a,İRKM 103 İR 62,90 S4a,138827.00,144061.00
TL,İRKM,24,1.1,1.5,"2,0",İRKM 104 / 90 L6b,İRKM 104,90 L6b,126195.00,131429.00
TL,İRKM,24,1.1,1.5,"2,3-7,9",İRKM 104 / 90 S4a,İRKM 104,90 S4a,125435.00,130669.00
TL,İRKM,24,1.1,1.5,"5,2-7,2",İRKPM 103 / 90 L6b(*P),İRKPM 103,90 L6b(*P),117901.00,123135.00
TL,İRKM,24,1.1,1.5,"8,1-11",İRKPM 103 / 90 S4a(*P),İRKPM 103,90 S4a(*P),117432.00,122666.00
TL,İRKM,24,1.1,1.5,"3,0-3,3",İRKM 93 İR 63 / 90 S4a,İRKM 93 İR 63,90 S4a,98685.00,101183.00
TL,İRKM,24,1.1,1.5,"3,9-7,5",İRKM 93 İR 62 / 90 S4a,İRKM 93 İR 62,90 S4a,98184.00,100682.00
TL,İRKM,24,1.1,1.5,"3,4-7,2",İRKM 94 / 90 S4a,İRKM 94,90 S4a,91199.00,93697.00
TL,İRKM,24,1.1,1.5,"5,0-7,5",İRKM 93 / 90 L6b,İRKM 93,90 L6b,79810.00,82308.00
TL,İRKM,24,1.1,1.5,"7,8-17",İRKM 93 / 90 S4a,İRKM 93,90 S4a,76843.00,79341.00
TL,İRKM,24,1.1,1.5,"6,3-8,0",İRKM 83 / 90 L6b,İRKM 83,90 L6b,61269.00,62770.00
TL,İRKM,24,1.1,1.5,"5,9-30",İRKM 83 / 90 S4a,İRKM 83,90 S4a,60522.00,62023.00
TL,İRKM,24,1.1,1.5,"8,6-12",İRKM 74 / 90 S4a,İRKM 74,90 S4a,52349.00,53482.00
TL,İRKM,24,1.1,1.5,15-64,İRKM 73 / 90 S4a,İRKM 73,90 S4a,43030.00,44163.00
TL,İRKM,24,1.1,1.5,28-276,İRKM 63 / 90 S4a,İRKM 63,90 S4a,30006.00,31034.00
TL,İRKM,24,1.1,1.5,32-49,İRKPM 53 / 90 S4a(*P),İRKPM 53,90 S4a(*P),27239.00,28192.00
TL,İRKM,24,1.1,1.5,42-89,İRKM 53 / 90 S4a,İRKM 53,90 S4a,25818.00,26771.00
TL,İRKM,24,1.1,1.5,98-150,İRKPM 52 / 90 S4a(*P),İRKPM 52,90 S4a(*P),26711.00,27664.00
TL,İRKM,24,1.1,1.5,170-324,İRKM 52 / 90 S4a,İRKM 52,90 S4a,25321.00,26274.00
TL,İRKM,24,1.1,1.5,32-49,İRKPM 43 / 90 S4a(*P),İRKPM 43,90 S4a(*P),26811.00,27764.00
TL,İRKM,24,1.1,1.5,42-89,İRKM 43 / 90 S4a,İRKM 43,90 S4a,25414.00,26367.00
TL,İRKM,24,1.1,1.5,98-150,İRKPM 42 / 90 S4a(*P),İRKPM 42,90 S4a(*P),26084.00,27037.00
TL,İRKM,24,1.1,1.5,170-324,İRKM 42 / 90 S4a,İRKM 42,90 S4a,24724.00,25677.00
TL,İRKM,24,1.5,1.5,"0,55-1,7",İRKPM 153 İR 93 / 90 L4a(*P),İRKPM 153 İR 93,90 L4a(*P),397219.00,414256.00
TL,İRKM,24,1.5,2,"1,8",İRKPM 153 İR 92 / 90 L4a(*P),İRKPM 153 İR 92,90 L4a(*P),393539.00,410576.00
TL,İRKM,24,1.5,2,"2,5-3,9",İRKM 143 İR 82 / 90 L4a,İRKM 143 İR 82,90 L4a,298724.00,311503.00
TL,İRKM,24,1.5,2,"1,1-4,9",İRKM 143 İR 72 / 90 L4a,İRKM 143 İR 72,90 L4a,278554.00,291333.00
TL,İRKM,24,1.5,2,"1,2-1,5",İRKPM 144 / 100 L6a(*P),İRKPM 144,100 L6a(*P),264786.00,277565.00
TL,İRKM,24,1.5,2,"1,9-3,2",İRKPM 144 / 90 L4a(*P),İRKPM 144,90 L4a(*P),263864.00,276643.00
TL,İRKM,24,1.5,2,"1,3-6,1",İRKM 123 İR 72 / 90 L4a,İRKM 123 İR 72,90 L4a,190917.00,198526.00
TL,İRKM,24,1.5,2,"2,0-3,3",İRKPM 124 / 100 L6a(*P),İRKPM 124,100 L6a(*P),179166.00,186775.00
TL,İRKM,24,1.5,2,"3,1-5,1",İRKPM 124 / 90 L4a(*P),İRKPM 124,90 L4a(*P),177291.00,184900.00
TL,İRKM,24,1.5,2,"2,8",İRKM 103 İR 63 / 90 L4a,İRKM 103 İR 63,90 L4a,140139.00,145373.00
TL,İRKM,24,1.5,2,"2,9-6,6",İRKM 103 İR 62 / 90 L4a,İRKM 103 İR 62,90 L4a,139470.00,144704.00
TL,İRKM,25,1.5,,"2,9-8,7",İRKM 104 / 90 L4a,İRKM 104,90 L4a,126636.00,131870.00
TL,İRKM,25,1.5,2,"5,2-5,6",İRKPM 103 / 100 L6a(*P),İRKPM 103,100 L6a(*P),119119.00,124353.00
TL,İRKM,25,1.5,2,"6,4-7,2",İRKM 103 / 100 L6a,İRKM 103,100 L6a,113990.00,119224.00
TL,İRKM,25,1.5,2,"8,1-11",İRKM 103 / 90 L4a,İRKM 103,90 L4a,110213.00,115447.00
TL,İRKM,25,1.5,2,"5,0-7,5",İRKM 93 İR 62 / 90 L4a,İRKM 93 İR 62,90 L4a,100179.00,102677.00
TL,İRKM,25,1.5,2,"4,6-7,2",İRKM 94 / 90 L4a,İRKM 94,90 L4a,92525.00,95023.00
TL,İRKM,25,1.5,2,"6,7-75",İRKM 93 / 100 L6a,İRKM 93,100 L6a,82779.00,85277.00
TL,İRKM,25,1.5,2,"7,8-21",İRKM 93 / 90 L4a,İRKM 93,90 L4a,79154.00,81652.00
TL,İRKM,25,1.5,2,"8,0",İRKM 83 / 100 L6a,İRKM 83,100 L6a,62992.00,64493.00
TL,İRKM,25,1.5,2,"9,8-41",İRKM 83 / 90 L4a,İRKM 83,90 L4a,61742.00,63243.00
TL,İRKM,25,1.5,2,19-152,İRKM 73 / 90 L4a,İRKM 73,90 L4a,44238.00,45371.00
TL,İRKM,25,1.5,2,41-276,İRKM 63 / 90 L4a,İRKM 63,90 L4a,30474.00,31502.00
TL,İRKM,25,1.5,2,43-49,İRKPM 53 / 90 L4a(*P),İRKPM 53,90 L4a(*P),28441.00,29469.00
TL,İRKM,25,1.5,2,42-89,İRKM 53 / 90 L4a,İRKM 53,90 L4a,26959.00,27912.00
TL,İRKM,25,1.5,2,98-150,İRKPM 52 / 90 L4a(*P),İRKPM 52,90 L4a(*P),28023.00,28976.00
TL,İRKM,25,1.5,2,170-324,İRKM 52 / 90 L4a,İRKM 52,90 L4a,26563.00,27516.00
TL,İRKM,25,1.5,2,43-49,İRKPM 43 / 90 L4a(*P),İRKPM 43,90 L4a(*P),27936.00,28889.00
TL,İRKM,25,1.5,2,42-89,İRKM 43 / 90 L4a,İRKM 43,90 L4a,26480.00,27433.00
TL,İRKM,25,1.5,2,98-150,İRKPM 42 / 90 L4a(*P),İRKPM 42,90 L4a(*P),27331.00,28284.00
TL,İRKM,25,1.5,2,170-324,İRKM 42 / 90 L4a,İRKM 42,90 L4a,25905.00,26858.00
TL,İRKM,25,2.2,2,"0,86-2,4",İRKM 153 İR 93 / 100 L4a,İRKM 153 İR 93,100 L4a,400085.00,417122.00
TL,İRKM,25,2.2,3,"1,8-2,6",İRKM 153 İR 92 / 100 L4a,İRKM 153 İR 92,100 L4a,396368.00,413405.00
TL,İRKM,25,2.2,3,"2,6-3,6",İRKPM 154 / 100 L4a(*P),İRKPM 154,100 L4a(*P),385795.00,402832.00
TL,İRKM,25,2.2,3,"2,5-5,4",İRKM 143 İR 82 / 100 L4a,İRKM 143 İR 82,100 L4a,300986.00,313765.00
TL,İRKM,25,2.2,3,"1,3-5,6",İRKM 143 İR 72 / 100 L4a,İRKM 143 İR 72,100 L4a,280886.00,293665.00
TL,İRKM,25,2.2,3,"1,2-1,5",İRKPM 144 / 112 M6a(*P),İRKPM 144,112 M6a(*P),269364.00,282143.00
TL,İRKM,25,2.2,3,"1,9-5,2",İRKPM 144 / 100 L4a(*P),İRKPM 144,100 L4a(*P),265241.00,278020.00
TL,İRKM,25,2.2,3,"2,1-12",İRKM 123 İR 72 / 100 L4a,İRKM 123 İR 72,100 L4a,192782.00,200391.00
TL,İRKM,25,2.2,3,"2,0-3,3",İRKPM 124 / 112 M6a(*P),İRKPM 124,112 M6a(*P),183761.00,191370.00
TL,İRKM,25,2.2,3,"3,1-6,9",İRKPM 124 / 100 L4a(*P),İRKPM 124,100 L4a(*P),180100.00,187709.00
TL,İRKM,25,2.2,3,"7,0-8,8",İRKPM 123 / 112 M6a(*P),İRKPM 123,112 M6a(*P),168221.00,175830.00
TL,İRKM,25,2.2,3,"3,6-6,6",İRKM 103 İR 62 / 100 L4a,İRKM 103 İR 62,100 L4a,141003.00,146237.00
TL,İRKM,25,2.2,3,"3,9-8,7",İRKM 104 / 100 L4a,İRKM 104,100 L4a,131097.00,136331.00
TL,İRKM,25,2.2,3,"6,4-7,2",İRKM 103 / 112 M6a,İRKM 103,112 M6a,117679.00,122913.00
TL,İRKM,25,2.2,3,"8,1-8,7",İRKPM 103 / 100 L4a(*P),İRKPM 103,100 L4a(*P),118794.00,124028.00
TL,İRKM,25,2.2,3,"9,9-18",İRKM 103 / 100 L4a,İRKM 103,100 L4a,114777.00,120011.00
TL,İRKM,25,2.2,3,"6,4-7,2",İRKM 94 / 100 L4a,İRKM 94,100 L4a,94527.00,97025.00
TL,İRKM,25,2.2,3,10-33,İRKM 93 / 100 L4a,İRKM 93,100 L4a,83701.00,86199.00
TL,İRKM,25,2.2,3,12-63,İRKM 83 / 100 L4a,İRKM 83,100 L4a,63986.00,65487.00
TL,İRKM,25,2.2,3,27-256,İRKM 73 / 100 L4a,İRKM 73,100 L4a,46565.00,47698.00
TL,İRKM,25,2.2,3,45-276,İRKM 63 / 100 L4a,İRKM 63,100 L4a,33295.00,34323.00
TL,İRKM,25,2.2,3,63,İRKPM 53 / 100 L4a(*P),İRKPM 53,100 L4a(*P),30419.00,31372.00
TL,İRKM,25,2.2,3,71-89,İRKM 53 / 100 L4a,İRKM 53,100 L4a,28834.00,29787.00
TL,İRKM,25,2.2,3,98-192,İRKPM 52 / 100 L4a(*P),İRKPM 52,100 L4a(*P),29812.00,30765.00
TL,İRKM,25,2.2,3,217-324,İRKM 52 / 100 L4a,İRKM 52,100 L4a,28640.00,29593.00
TL,İRKM,25,2.2,3,63,İRKPM 43 / 100 L4a(*P),İRKPM 43,100 L4a(*P),30157.00,31110.00
TL,İRKM,25,2.2,3,71-89,İRKM 43 / 100 L4a,İRKM 43,100 L4a,28586.00,29539.00
TL,İRKM,25,2.2,3,98-192,İRKPM 42 / 100 L4a(*P),İRKPM 42,100 L4a(*P),29543.00,30496.00
TL,İRKM,25,2.2,3,217-324,İRKM 42 / 100 L4a,İRKM 42,100 L4a,27945.00,28898.00
TL,İRKM,26,3.0,,"1,0-3,8",İRKM 153 İR 93 / 100 L4b,İRKM 153 İR 93,100 L4b,404506.00,421543.00
TL,İRKM,26,3.0,4,"1,8-4,0",İRKM 153 İR 92 / 100 L4b,İRKM 153 İR 92,100 L4b,400681.00,417718.00
TL,İRKM,26,3.0,4,"2,6-4,5",İRKPM 154 / 100 L4b(*P),İRKPM 154,100 L4b(*P),387855.00,404892.00
TL,İRKM,26,3.0,4,"2,5-8,5",İRKM 143 İR 82 / 100 L4b,İRKM 143 İR 82,100 L4b,302403.00,315182.00
TL,İRKM,26,3.0,4,"1,8-8,2",İRKM 143 İR 72 / 100 L4b,İRKM 143 İR 72,100 L4b,282565.00,295344.00
TL,İRKM,26,3.0,4,"2,1-6,5",İRKPM 144 / 100 L4b(*P),İRKPM 144,100 L4b(*P),267052.00,279831.00
TL,İRKM,26,3.0,4,"5,8",İRKPM 143 / 132 S6b(*P),İRKPM 143,132 S6b(*P),262353.00,275132.00
TL,İRKM,26,3.0,4,"6,6-8,1",İRKM 143 / 132 S6b,İRKM 143,132 S6b,254713.00,267492.00
TL,İRKM,26,3.0,4,"3,1-12",İRKM 123 İR 72 / 100 L4b,İRKM 123 İR 72,100 L4b,195073.00,202682.00
TL,İRKM,26,3.0,4,"2,7-3,3",İRKM 124 / 132 S6b,İRKM 124,132 S6b,189441.00,197050.00
TL,İRKM,26,3.0,4,"3,1-9,8",İRKPM 124 / 100 L4b(*P),İRKPM 124,100 L4b(*P),181932.00,189541.00
TL,İRKM,26,3.0,4,"6,1-7,0",İRKPM 123 / 132 S6b(*P),İRKPM 123,132 S6b(*P),179252.00,186861.00
TL,İRKM,26,3.0,4,"7,9-8,8",İRKM 123 / 132 S6b,İRKM 123,132 S6b,173192.00,180801.00
TL,İRKM,26,3.0,4,"9,6-14",İRKPM 123 / 100 L4b(*P),İRKPM 123,100 L4b(*P),174916.00,182525.00
TL,İRKM,26,3.0,4,"5,4-6,6",İRKM 103 İR 62 / 100 L4b,İRKM 103 İR 62,100 L4b,143311.00,148545.00
TL,İRKM,26,3.0,4,"6,3-8,7",İRKM 104 / 100 L4b,İRKM 104,100 L4b,133140.00,138374.00
TL,İRKM,26,3.0,4,"9,9-31",İRKM 103 / 100 L4b,İRKM 103,100 L4b,116614.00,121848.00
TL,İRKM,26,3.0,4,10-42,İRKM 93 / 100 L4b,İRKM 93,100 L4b,85635.00,88133.00
TL,İRKM,26,3.0,4,15-90,İRKM 83 / 100 L4b,İRKM 83,100 L4b,65824.00,67325.00
TL,İRKM,26,3.0,4,27-256,İRKM 73 / 100 L4b,İRKM 73,100 L4b,48461.00,49594.00
TL,İRKM,26,3.0,4,62-276,İRKM 63 / 100 L4b,İRKM 63,100 L4b,35099.00,36127.00
TL,İRKM,26,3.0,4,79-89,İRKM 53 / 100 L4b,İRKM 53,100 L4b,30956.00,31909.00
TL,İRKM,26,3.0,4,114-192,İRKPM 52 / 100 L4b(*P),İRKPM 52,100 L4b(*P),32363.00,33316.00
TL,İRKM,26,3.0,4,217-324,İRKM 52 / 100 L4b,İRKM 52,100 L4b,30673.00,31626.00
TL,İRKM,26,3.0,4,79-89,İRKM 43 / 100 L4b,İRKM 43,100 L4b,31911.00,32864.00
TL,İRKM,26,3.0,4,114-192,İRKPM 42 / 100 L4b(*P),İRKPM 42,100 L4b(*P),31298.00,32251.00
TL,İRKM,26,3.0,4,217-324,İRKM 42 / 100 L4b,İRKM 42,100 L4b,29667.00,30620.00
TL,İRKM,26,4.0,4,"1,5-4,6",İRKM 153 İR 93 / 112 M4b,İRKM 153 İR 93,112 M4b,404628.00,421665.00
TL,İRKM,26,4.0,5.5,"1,8-5,7",İRKM 153 İR 92 / 112 M4b,İRKM 153 İR 92,112 M4b,404185.00,421222.00
TL,İRKM,26,4.0,5.5,"2,6-6,0",İRKM 154 / 112 M4b(*P),İRKM 154,112 M4b(*P),391483.00,408520.00
TL,İRKM,26,4.0,5.5,"2,5-10",İRKM 143 İR 82 / 112 M4b,İRKM 143 İR 82,112 M4b,305417.00,318196.00
TL,İRKM,26,4.0,5.5,"2,6-10",İRKM 143 İR 72 / 112 M4b,İRKM 143 İR 72,112 M4b,285702.00,298481.00
TL,İRKM,26,4.0,5.5,"2,8-8,8",İRKPM 144 / 112 M4b(*P),İRKPM 144,112 M4b(*P),272011.00,284790.00
TL,İRKM,26,4.0,5.5,"5,8",İRKPM 143 / 132 M6a(*P),İRKPM 143,132 M6a(*P),269399.00,282178.00
TL,İRKM,26,4.0,5.5,"6,6-8,1",İRKM 143 / 132 M6a,İRKM 143,132 M6a,261552.00,274331.00
TL,İRKM,26,4.0,5.5,"3,5-9,8",İRKPM 124 / 112 M4b(*P),İRKPM 124,112 M4b(*P),186387.00,193996.00
TL,İRKM,26,4.0,5.5,"7,9-8,8",İRKM 123 / 132 M6a,İRKM 123,132 M6a,175305.00,182914.00
TL,İRKM,26,4.0,5.5,"9,6-18",İRKPM 123 / 112 M4b(*P),İRKPM 123,112 M4b(*P),172796.00,180405.00
TL,İRKM,26,4.0,5.5,"6,6",İRKM 103 İR 62 / 112 M4b,İRKM 103 İR 62,112 M4b,147133.00,152367.00
TL,İRKM,26,4.0,5.5,"7,9-8,7",İRKM 104 / 112 M4b,İRKM 104,112 M4b,137278.00,142512.00
TL,İRKM,26,4.0,5.5,"9,9-46",İRKM 103 / 112 M4b,İRKM 103,112 M4b,120241.00,125475.00
TL,İRKM,26,4.0,5.5,13-56,İRKM 93 / 112 M4b,İRKM 93,112 M4b,89213.00,91711.00
TL,İRKM,26,4.0,5.5,23-304,İRKM 83 / 112 M4b,İRKM 83,112 M4b,69441.00,70942.00
TL,İRKM,26,4.0,5.5,40-256,İRKM 73 / 112 M4b,İRKM 73,112 M4b,51977.00,53110.00
TL,İRKM,26,4.0,5.5,210-276,İRKM 63 / 112 M4b,İRKM 63,112 M4b,38344.00,39372.00
TL,İRKM,27,5.5,,"2,1-4,6",İRKM 153 İR 93 / C112 M4b(*C),İRKM 153 İR 93,C112 M4b(*C),411290.00,428327.00
TL,İRKM,27,5.5,7.5,"2,3-6,9",İRKM 153 İR 92 / C112 M4b(*C),İRKM 153 İR 92,C112 M4b(*C),407698.00,424735.00
TL,İRKM,27,5.5,7.5,"3,5-10",İRKM 143 İR 82 / C112 M4b(*C),İRKM 143 İR 82,C112 M4b(*C),307087.00,319866.00
TL,İRKM,27,5.5,7.5,"3,6-10",İRKM 143 İR 72 / C112 M4b(*C),İRKM 143 İR 72,C112 M4b(*C),287074.00,319910.00
TL,İRKM,27,5.5,7.5,"4,8-12",İRKM 123 İR 72 / C112 M4b(*C),İRKM 123 İR 72,C112 M4b(*C),194696.00,202305.00
TL,İRKM,27,5.5,7.5,"5,1-9,8",İRKM 124 / C112 M4b(*C),İRKM 124,C112 M4b(*C),189578.00,197187.00
TL,İRKM,27,5.5,7.5,15-56,İRKM 103 / C112 M4b(*C),İRKM 103,C112 M4b(*C),123285.00,128519.00
TL,İRKM,27,5.5,7.5,21-101,İRKM 93 / C112 M4b(*C),İRKM 93,C112 M4b(*C),92215.00,94713.00
TL,İRKM,27,5.5,7.5,33-304,İRKM 83 / C112 M4b(*C),İRKM 83,C112 M4b(*C),72538.00,74039.00
TL,İRKM,27,5.5,7.5,80-256,İRKM 73 / C112 M4b(*C),İRKM 73,C112 M4b(*C),55006.00,56139.00
TL,İRKM,27,5.5,7.5,"2,1-4,6",İRKM 153 İR 93 / 132 S4c,İRKM 153 İR 93,132 S4c,413167.00,430204.00
TL,İRKM,27,5.5,7.5,"2,3-6,9",İRKM 153 İR 92 / 132 S4c,İRKM 153 İR 92,132 S4c,409525.00,426562.00
TL,İRKM,27,5.5,7.5,"2,6-9,0",İRKM 154 / 132 S4c,İRKM 154,132 S4c,396683.00,413720.00
TL,İRKM,27,5.5,7.5,"6,4-10",İRKM 153 / 132 M6b,İRKM 153,132 M6b,374678.00,391715.00
TL,İRKM,27,5.5,7.5,"3,5-10",İRKM 143 İR 82 / 132 S4c,İRKM 143 İR 82,132 S4c,308913.00,321692.00
TL,İRKM,27,5.5,7.5,"3,6-10",İRKM 143 İR 72 / 132 S4c,İRKM 143 İR 72,132 S4c,288856.00,301635.00
TL,İRKM,27,5.5,7.5,"3,2-8,8",İRKM 144 / 132 S4c,İRKM 144,132 S4c,277765.00,290544.00
TL,İRKM,27,5.5,7.5,"5,8",İRKPM 143 / 132 M6b(*P),İRKPM 143,132 M6b(*P),278072.00,290851.00
TL,İRKM,27,5.5,7.5,"6,6-8,1",İRKM 143 / 132 M6b,İRKM 143,132 M6b,266097.00,278876.00
TL,İRKM,27,5.5,7.5,"9,1",İRKPM 143 / 132 S4c(*P),İRKPM 143,132 S4c(*P),277464.00,290243.00
TL,İRKM,27,5.5,7.5,10-13,İRKM 143 / 132 S4c,İRKM 143,132 S4c,265514.00,278293.00
TL,İRKM,27,5.5,7.5,"4,8-12",İRKM 123 İR 72 / 132 S4c,İRKM 123 İR 72,132 S4c,196478.00,204087.00
TL,İRKM,27,5.5,7.5,"5,1-9,8",İRKM 124 / 132 S4c,İRKM 124,132 S4c,191404.00,199013.00
TL,İRKM,27,5.5,7.5,"7,9-8,8",İRKM 123 / 132 M6b,İRKM 123,132 M6b,180255.00,187864.00
TL,İRKM,27,5.5,7.5,"9,6-11",İRKPM 123 / 132 S4c(*P),İRKPM 123,132 S4c(*P),183528.00,191137.00
TL,İRKM,27,5.5,7.5,12-20,İRKM 123 / 132 S4c,İRKM 123,132 S4c,175624.00,183233.00
TL,İRKM,27,5.5,7.5,15-56,İRKM 103 / 132 S4c,İRKM 103,132 S4c,125162.00,130396.00
TL,İRKM,27,5.5,7.5,21-101,İRKM 93 / 132 S4c,İRKM 93,132 S4c,94041.00,96539.00
TL,İRKM,27,5.5,7.5,33-304,İRKM 83 / 132 S4c,İRKM 83,132 S4c,74320.00,75821.00
TL,İRKM,27,5.5,7.5,80-256,İRKM 73 / 132 S4c,İRKM 73,132 S4c,56763.00,57896.00
TL,İRKM,27,7.5,7.5,"3,3-7,3",İRKM 153 İR 102 / 132 M4b,İRKM 153 İR 102,132 M4b,439511.00,456548.00
TL,İRKM,27,7.5,10,"2,6-4,5",İRKM 153 İR 93 / 132 M4b,İRKM 153 İR 93,132 M4b,418010.00,435047.00
TL,İRKM,27,7.5,10,"2,9-6,9",İRKM 153 İR 92 / 132 M4b,İRKM 153 İR 92,132 M4b,414361.00,431398.00
TL,İRKM,27,7.5,10,"2,8-11",İRKM 154 / 132 M4b,İRKM 154,132 M4b,401776.00,418813.00
TL,İRKM,27,7.5,10,"6,4-10",İRKM 153 / 160 M6b,İRKM 153,160 M6b,380531.00,397568.00
TL,İRKM,27,7.5,10,"4,4-10",İRKM 143 İR 82 / 132 M4b,İRKM 143 İR 82,132 M4b,311949.00,324728.00
TL,İRKM,27,7.5,10,"5,6-10",İRKM 143 İR 72 / 132 M4b,İRKM 143 İR 72,132 M4b,291927.00,304706.00
TL,İRKM,27,7.5,10,"4,6-8,8",İRKM 144 / 132 M4b,İRKM 144,132 M4b,282376.00,295155.00
TL,İRKM,27,7.5,10,"7,3-8,1",İRKM 143 / 160 M6b,İRKM 143,160 M6b,279250.00,292029.00
TL,İRKM,27,7.5,10,"9,1",İRKPM 143 / 132 M4b(*P),İRKPM 143,132 M4b(*P),277705.00,290484.00
TL,İRKM,27,7.5,10,10-22,İRKM 143 / 132 M4b,İRKM 143,132 M4b,270603.00,283382.00
TL,İRKM,27,7.5,10,"12,5-38",İRKM 123 / 132 M4b,İRKM 123,132 M4b,179870.00,187479.00
TL,İRKM,27,7.5,10,16-69,İRKM 103 / 132 M4b,İRKM 103,132 M4b,129109.00,134343.00
TL,İRKM,27,7.5,10,22-165,İRKM 93 / 132 M4b,İRKM 93,132 M4b,97943.00,100441.00
TL,İRKM,27,7.5,10,41-205,İRKM 83 / 132 M4b,İRKM 83,132 M4b,78135.00,79636.00
TL,İRKM,27,7.5,10,102-256,İRKM 73 / 132 M4b,İRKM 73,132 M4b,60579.00,61712.00
TL,İRKM,28,11,,"3,7-9,2",İRKM 153 İR 102 / C132M4c(*C),İRKM 153 İR 102,C132M4c(*C),457224.00,474261.00
TL,İRKM,28,11,15,"3,8-4,5",İRKM 153 İR 93 / C132M4c(*C),İRKM 153 İR 93,C132M4c(*C),435579.00,452616.00
TL,İRKM,28,11,15,"4,0-6,9",İRKM 153 İR 92 / C132M4c(*C),İRKM 153 İR 92,C132M4c(*C),431931.00,448968.00
TL,İRKM,28,11,15,"4,1-11",İRKM 154 / C132M4c(*C),İRKM 154,C132M4c(*C),419187.00,436224.00
TL,İRKM,28,11,15,"6,4-10",İRKM 143 İR 82 / C132M4c(*C),İRKM 143 İR 82,C132M4c(*C),323809.00,336588.00
TL,İRKM,28,11,15,"6,9-10",İRKM 143 İR 72 / C132M4c(*C),İRKM 143 İR 72,C132M4c(*C),304057.00,316836.00
TL,İRKM,28,11,15,"6,5-8,8",İRKM 144 / C132M4c(*C),İRKM 144,C132M4c(*C),296083.00,308862.00
TL,İRKM,28,11,15,"9,1-31",İRKM 143 / C132M4c(*C),İRKM 143,C132M4c(*C),279349.00,292128.00
TL,İRKM,28,11,15,14-52,İRKM 123 / C132M4c(*C),İRKM 123,C132M4c(*C),191680.00,196914.00
TL,İRKM,28,11,15,25-117,İRKM 103 / C132M4c(*C),İRKM 103,C132M4c(*C),141762.00,146996.00
TL,İRKM,28,11,15,33-226,İRKM 93 / C132M4c(*C),İRKM 93,C132M4c(*C),110446.00,112944.00
TL,İRKM,28,11,15,123-304,İRKM 83 / C132M4c(*C),İRKM 83,C132M4c(*C),90471.00,91972.00
TL,İRKM,28,11,15,193-256,İRKM 73 / C132M4c(*C),İRKM 73,C132M4c(*C),73910.00,75043.00
TL,İRKM,28,11,15,"3,7-9,2",İRKM 153 İR 102 / 160 M4b,İRKM 153 İR 102,160 M4b,460062.00,477099.00
TL,İRKM,28,11,15,"3,8-4,5",İRKM 153 İR 93 / 160 M4b,İRKM 153 İR 93,160 M4b,438233.00,455270.00
TL,İRKM,28,11,15,"4,0-6,9",İRKM 153 İR 92 / 160 M4b,İRKM 153 İR 92,160 M4b,434585.00,451622.00
TL,İRKM,28,11,15,"4,1-11",İRKM 154 / 160 M4b,İRKM 154,160 M4b,422025.00,439062.00
TL,İRKM,28,11,15,"6,4-10",İRKM 153 / 160 L6a,İRKM 153,160 L6a,386563.00,403600.00
TL,İRKM,28,11,15,10-16,İRKM 153 / 160 M4b,İRKM 153,160 M4b,383858.00,400895.00
TL,İRKM,28,11,15,"6,4-10",İRKM 143 İR 82 / 160 M4b,İRKM 143 İR 82,160 M4b,326405.00,339184.00
TL,İRKM,28,11,15,"6,9-10",İRKM 143 İR 72 / 160 M4b,İRKM 143 İR 72,160 M4b,306609.00,319388.00
TL,İRKM,28,11,15,"6,5-8,8",İRKM 144 / 160 M4b,İRKM 144,160 M4b,298860.00,311639.00
TL,İRKM,28,11,15,"9,1",İRKPM 143 / 160 M4b(*P),İRKPM 143,160 M4b(*P),294823.00,307602.00
TL,İRKM,28,11,15,11-31,İRKM 143 / 160 M4b,İRKM 143,160 M4b,282126.00,294905.00
TL,İRKM,28,11,15,14-52,İRKM 123 / 160 M4b,İRKM 123,160 M4b,194377.00,201986.00
TL,İRKM,28,11,15,25-117,İRKM 103 / 160 M4b,İRKM 103,160 M4b,144396.00,149630.00
TL,İRKM,28,11,15,33-226,İRKM 93 / 160 M4b,İRKM 93,160 M4b,113042.00,115540.00
TL,İRKM,28,11,15,123-304,İRKM 83 / 160 M4b,İRKM 83,160 M4b,93023.00,94524.00
TL,İRKM,28,15,15,"5,4-12",İRKM 153 İR 102 / 160 L4a,İRKM 153 İR 102,160 L4a,467926.00,484963.00
TL,İRKM,28,15,20,"5,2-11",İRKM 154 / 160 L4a,İRKM 154,160 L4a,425488.00,442525.00
TL,İRKM,28,15,20,10-20,İRKM 153 / 180 L6a,İRKM 153,180 L6a,399104.00,416141.00
TL,İRKM,28,15,20,10-16,İRKM 153 / 160 L4a,İRKM 153,160 L4a,390372.00,407409.00
TL,İRKM,28,15,20,11-42,İRKM 143 / 160 L4a,İRKM 143,160 L4a,289959.00,302738.00
TL,İRKM,28,15,20,14-76,İRKM 123 / 160 L4a,İRKM 123,160 L4a,201668.00,209277.00
TL,İRKM,28,15,20,31-214,İRKM 103 / 160 L4a,İRKM 103,160 L4a,151661.00,156895.00
TL,İRKM,28,15,20,59-226,İRKM 93 / 160 L4a,İRKM 93,160 L4a,119840.00,122338.00
TL,İRKM,28,15,20,123-226,İRKM 83 / 160 L4a,İRKM 83,160 L4a,99953.00,101454.00
TL,İRKM,28,18.5,20,"6,4-13",İRKM 153 İR 102 / C160 L4b(*C),İRKM 153 İR 102,C160 L4b(*C),476544.00,493581.00
TL,İRKM,28,18.5,25,"8,1-11",İRKM 154 / C160 L4b(*C),İRKM 154,C160 L4b(*C),434013.00,451050.00
TL,İRKM,28,18.5,25,11-33,İRKM 153 / C160 L4b(*C),İRKM 153,C160 L4b(*C),400393.00,417430.00
TL,İRKM,28,18.5,25,15-58,İRKM 143 / C160 L4b(*C),İRKM 143,C160 L4b(*C),298623.00,311402.00
TL,İRKM,28,18.5,25,18-105,İRKM 123 / C160 L4b(*C),İRKM 123,C160 L4b(*C),210118.00,217727.00
TL,İRKM,28,18.5,25,34-214,İRKM 103 / C160 L4b(*C),İRKM 103,C160 L4b(*C),160559.00,165793.00
TL,İRKM,28,18.5,25,67-226,İRKM 93 / C160 L4b(*C),İRKM 93,C160 L4b(*C),123815.00,126313.00
TL,İRKM,28,18.5,25,150-304,İRKM 83 / C160 L4b(*C),İRKM 83,C160 L4b(*C),110947.00,112448.00
TL,İRKM,29,18.5,,"6,4-13",İRKM 153 İR 102 / 180 M4b,İRKM 153 İR 102,180 M4b,480602.00,497639.00
TL,İRKM,29,18.5,25,"8,1-11",İRKM 154 / 180 M4b,İRKM 154,180 M4b,438071.00,455108.00
TL,İRKM,29,18.5,25,"9,1-10",İRKM 153 / 200 L6a,İRKM 153,200 L6a,416297.00,433334.00
TL,İRKM,29,18.5,25,11-33,İRKM 153 / 180 M4b,İRKM 153,180 M4b,404733.00,421770.00
TL,İRKM,29,18.5,25,15-58,İRKM 143 / 180 M4b,İRKM 143,180 M4b,302812.00,315591.00
TL,İRKM,29,18.5,25,18-20,İRKPM 123 / 180 M4b(*P),İRKPM 123,180 M4b(*P),224885.00,232494.00
TL,İRKM,29,18.5,25,22-105,İRKM 123 / 180 M4b,İRKM 123,180 M4b,214176.00,221785.00
TL,İRKM,29,18.5,25,34-214,İRKM 103 / 180 M4b,İRKM 103,180 M4b,164422.00,169656.00
TL,İRKM,29,18.5,25,67-75,İRKPM 93 / 180 M4b(*P),İRKPM 93,180 M4b(*P),139930.00,142428.00
TL,İRKM,29,18.5,25,83-226,İRKM 93 / 180 M4b,İRKM 93,180 M4b,132635.00,135133.00
TL,İRKM,29,22,25,"8,2-13",İRKPM 153 İR 102 / 180 L4b,İRKPM 153 İR 102,180 L4b,484011.00,501048.00
TL,İRKM,29,22,30,"8,1-11",İRKM 154 / 180 L4b,İRKM 154,180 L4b,443064.00,460101.00
TL,İRKM,29,22,30,"9,1-10",İRKM 153 / 200 L6b,İRKM 153,200 L6b,421778.00,438815.00
TL,İRKM,29,22,30,11-33,İRKM 153 / 180 L4b,İRKM 153,180 L4b,409445.00,426482.00
TL,İRKM,29,22,30,17-69,İRKM 143 / 180 L4b,İRKM 143,180 L4b,308044.00,320823.00
TL,İRKM,29,22,30,25-172,İRKM 123 / 180 L4b,İRKM 123,180 L4b,218724.00,226333.00
TL,İRKM,29,22,30,42-214,İRKM 103 / 180 L4b,İRKM 103,180 L4b,169094.00,174328.00
TL,İRKM,29,22,30,83-226,İRKM 93 / 180 L4b,İRKM 93,180 L4b,137234.00,139732.00
TL,İRKM,29,30,30,14-48,İRKM 153 / C180 L4b(*C),İRKM 153,C180 L4b(*C),424433.00,441470.00
TL,İRKM,29,30,40,22-76,İRKM 143 / C180 L4b(*C),İRKM 143,C180 L4b(*C),322125.00,334904.00
TL,İRKM,29,30,40,32-172,İRKM 123 / C180 L4b(*C),İRKM 123,C180 L4b(*C),231201.00,238810.00
TL,İRKM,29,30,40,97-214,İRKM 103 / C180 L4b(*C),İRKM 103,C180 L4b(*C),180907.00,186141.00
TL,İRKM,29,30,40,134-226,İRKM 93 / C180 L4b(*C),İRKM 93,C180 L4b(*C),148819.00,151317.00
TL,İRKM,29,30,40,14-48,İRKM 153 / 200 L4c,İRKM 153,200 L4c,433511.00,450548.00
TL,İRKM,29,30,40,22-76,İRKM 143 / 200 L4c,İRKM 143,200 L4c,330368.00,343147.00
TL,İRKM,29,30,40,32-172,İRKM 123 / 200 L4c,İRKM 123,200 L4c,239156.00,246765.00
TL,İRKM,29,30,40,97-214,İRKM 103 / 200 L4c,İRKM 103,200 L4c,188700.00,193934.00
TL,İRKM,29,37,40,16-59,İRKM 153 / C200 L4b(*C),İRKM 153,C200 L4b(*C),446514.00,463551.00
TL,İRKM,29,37,50,34-203,İRKM 143 / C200 L4b(*C),İRKM 143,C200 L4b(*C),344409.00,357188.00
TL,İRKM,29,37,50,41-172,İRKM 123 / C200 L4b(*C),İRKM 123,C200 L4b(*C),253210.00,260819.00
TL,İRKM,29,37,50,97-214,İRKM 103 / C200 L4b(*C),İRKM 103,C200 L4b(*C),201898.00,207132.00
TL,İRKM,29,37,50,16-59,İRKM 153 / 225 S4,İRKM 153,225 S4,464298.00,481335.00
TL,İRKM,29,37,50,34-203,İRKM 143 / 225 S4,İRKM 143,225 S4,361411.00,374190.00
TL,İRKM,29,37,50,41-172,İRKM 123 / 225 S4,İRKM 123,225 S4,269954.00,277563.00
TL,İRKM,29,45,50,20-72,İRKM 153 / 225 M4,İRKM 153,225 M4,468167.00,485204.00
TL,İRKM,29,45,60,58-203,İRKM 143 / 225 M4,İRKM 143,225 M4,364189.00,376968.00
TL,İRKM,29,45,60,52-172,İRKM 123 / 225 M4,İRKM 123,225 M4,274416.00,282025.00
TL,İRKM,29,55,60,23-95,İRKM 153 / C225M4b(*C),İRKM 153,C225M4b(*C),527070.00,544107.00
TL,İRKM,29,55,75,52-203,İRKM 143 / C225M4b(*C),İRKM 143,C225M4b(*C),422620.00,435399.00
TL,İRKM,29,55,75,76-172,İRKM 123 / C225M4b(*C),İRKM 123,C225M4b(*C),336395.00,344004.00
TL,İRKM,29,55,75,23-95,İRKM 153 / 250 M4c,İRKM 153,250 M4c,539206.00,556243.00
TL,İRKM,29,55,75,52-62,İRKPM 143 / 250 M4c(*P),İRKPM 143,250 M4c(*P),452385.00,465164.00
TL,İRKM,29,55,75,58-203,İRKM 143 / 250 M4c,İRKM 143,250 M4c,432904.00,445683.00
TL,İRKM,29,75,75,33-113,İRKM 153 / 280 S4,İRKM 153,280 S4,623073.00,640110.00
TL,İRKM,29,75,100,69-203,İRKM 143 / 280 S4,İRKM 143,280 S4,514024.00,526803.00
TL,İRKM,29,90,100,37-113,İRKM 153 / 280 M4,İRKM 153,280 M4,645378.00,662415.00
TL,İRKM,29,90,120,83-203,İRKM 143 / 280 M4,İRKM 143,280 M4,535826.00,548605.00
TL,İRKM,30,110,150,59-113,İRKM 153 / 315 S4,İRKM 153,315 S4,790386.00,807423.00
TL,İRKM,30,132,160,59-113,İRKM 153 / 315 M4a,İRKM 153,315 M4a,849923.00,866960.00
TL,İRKM,30,160,220,72-113,İRKM 153 / 315 M4b,İRKM 153,315 M4b,909931.00,926968.00
TL,İRKM,30,185,250,79-113,İRKM 153 / 315 L4a,İRKM 153,315 L4a,968379.00,985416.00
TL,İRKM,30,200,275,95-113,İRKM 153 / 315 L4b,İRKM 153,315 L4b,1080007.00,1097044.00
TL,İRK,31,,,"17.387,00",İRK 42,İRK 42,,963.00,
TL,İRK,31,,,"1.174,00","1.016,00","1.016,00",,918.00,
TL,İRK,31,,,"18.040,00",İRK 43,İRK 43,,963.00,
TL,İRK,31,,,"1.174,00","1.016,00","1.016,00",,918.00,
TL,İRK,31,,,"17.639,00",İRK 52,İRK 52,,1165.00,
TL,İRK,31,,,"1.463,00","1.227,00","1.227,00",,963.00,
TL,İRK,31,,,"18.487,00",İRK 53,İRK 53,,1165.00,
TL,İRK,31,,,"1.463,00","1.227,00","1.227,00",,963.00,
TL,İRK,31,,,"22.629,00",İRK 63,İRK 63,,1432.00,
TL,İRK,31,,,"1.873,00","1.513,00","1.513,00",,1000.00,
TL,İRK,31,,,"32.586,00",İRK 63 İR 52,İRK 63 İR 52,,1432.00,
TL,İRK,31,,,"1.873,00","1.513,00","1.513,00",,1000.00,
TL,İRK,31,,,"36.091,00",İRK 73,İRK 73,,2150.00,
TL,İRK,31,,,"2.499,00","2.274,00","2.274,00",,1096.00,
TL,İRK,31,,,"42.643,00",İRK 74,İRK 74,,2150.00,
TL,İRK,31,,,"2.499,00","2.274,00","2.274,00",,1096.00,
TL,İRK,31,,,"48.612,00",İRK 73 İR 52,İRK 73 İR 52,,2150.00,
TL,İRK,31,,,"2.499,00","2.274,00","2.274,00",,1096.00,
TL,İRK,31,,,"49.054,00",İRK 73 İR 53,İRK 73 İR 53,,2150.00,
TL,İRK,31,,,"2.499,00","2.274,00","2.274,00",,1096.00,
TL,İRK,31,,,"54.145,00",İRK 83,İRK 83,,2339.00,
TL,İRK,31,,,"2.998,00","2.470,00","2.470,00",,1417.00,
TL,İRK,31,,,"64.503,00",İRK 84,İRK 84,,2339.00,
TL,İRK,31,,,"2.998,00","2.470,00","2.470,00",,1417.00,
TL,İRK,31,,,"71.847,00",İRK 83 İR 52,İRK 83 İR 52,,2339.00,
TL,İRK,31,,,"2.998,00","2.470,00","2.470,00",,1417.00,
TL,İRK,31,,,"72.437,00",İRK 83 İR 53,İRK 83 İR 53,,2339.00,
TL,İRK,31,,,"2.998,00","2.470,00","2.470,00",,1417.00,
TL,İRK,31,,,"75.672,00",İRK 93,İRK 93,,2452.00,
TL,İRK,31,,,"3.321,00","2.587,00","2.587,00",,1915.00,
TL,İRK,31,,,"86.635,00",İRK 94,İRK 94,,2452.00,
TL,İRK,31,,,"3.321,00","2.587,00","2.587,00",,1915.00,
TL,İRK,31,,,"92.119,00",İRK 93 İR 62,İRK 93 İR 62,,2452.00,
TL,İRK,31,,,"3.321,00","2.587,00","2.587,00",,1915.00,
TL,İRK,31,,,"92.654,00",İRK 93 İR 63,İRK 93 İR 63,,2452.00,
TL,İRK,31,,,"3.321,00","2.587,00","2.587,00",,1915.00,
TL,İRK,31,,,"110.931,00",İRK 103,İRK 103,,2693.00,
TL,İRK,31,,,"3.681,00","2.846,00","2.846,00",,3224.00,
TL,İRK,31,,,"125.551,00",İRK 104,İRK 104,,2693.00,
TL,İRK,31,,,"3.681,00","2.846,00","2.846,00",,3224.00,
TL,İRK,31,,,"136.112,00",İRK 103 İR 62,İRK 103 İR 62,,2693.00,
TL,İRK,31,,,"3.681,00","2.846,00","2.846,00",,3224.00,
TL,İRK,31,,,"136.940,00",İRK 103 İR 63,İRK 103 İR 63,,2693.00,
TL,İRK,31,,,"3.681,00","2.846,00","2.846,00",,3224.00,
TL,İRK,31,,,"164.809,00",İRK 123,İRK 123,,4286.00,
TL,İRK,31,,,"5.824,00","4.527,00","4.527,00",,6150.00,
TL,İRK,31,,,"180.758,00",İRK 124,İRK 124,,4286.00,
TL,İRK,31,,,"5.824,00","4.527,00","4.527,00",,6150.00,
TL,İRK,31,,,"187.831,00",İRK 123 İR72,İRK 123 İR72,,4286.00,
TL,İRK,31,,,"5.824,00","4.527,00","4.527,00",,6150.00,
TL,İRK,31,,,"188.648,00",İRK 123 İR73,İRK 123 İR73,,4286.00,
TL,İRK,31,,,"5.824,00","4.527,00","4.527,00",,6150.00,
TL,İRK,31,,,"255.040,00",İRK 143,İRK 143,,6913.00,
TL,İRK,31,,,"9.929,00","7.307,00","7.307,00",,10349.00,
TL,İRK,31,,,"271.015,00",İRK 144,İRK 144,,6913.00,
TL,İRK,31,,,"9.929,00","7.307,00","7.307,00",,10349.00,
TL,İRK,31,,,"279.042,00",İRK 143 İR 72,İRK 143 İR 72,,6913.00,
TL,İRK,31,,,"9.929,00","7.307,00","7.307,00",,10349.00,
TL,İRK,31,,,"279.901,00",İRK 143 İR 73,İRK 143 İR 73,,6913.00,
TL,İRK,31,,,"9.929,00","7.307,00","7.307,00",,10349.00,
TL,İRK,31,,,"381.534,00",İRK 153,İRK 153,,8950.00,
TL,İRK,31,,,"10.882,00","9.463,00","9.463,00",,11379.00,
TL,İRK,31,,,"393.674,00",İRK 154,İRK 154,,8950.00,
TL,İRK,31,,,"10.882,00","9.463,00","9.463,00",,11379.00,
TL,İRK,31,,,"401.318,00",İRK 153 İR 92,İRK 153 İR 92,,8950.00,
TL,İRK,31,,,"10.882,00","9.463,00","9.463,00",,11379.00,
TL,İRK,31,,,"403.005,00",İRK 153 İR 93,İRK 153 İR 93,,8950.00,
TL,İRK,31,,,"10.882,00","9.463,00","9.463,00",,11379.00,
TL,İRK,31,,,"415.479,00",İRK 153 İR 102,İRK 153 İR 102,,8950.00,
TL,İRK,31,,,"10.882,00","9.463,00","9.463,00",,11379.00,
TL,YPM,36,0.12,,"0,21-0,48",YPPM 103 İR 63 / 63 M4a(*P),YPPM 103 İR 63,63 M4a(*P),96952.00,102186.00
TL,YPM,36,0.12,0.16,"0,56-0,71",YPPM 102 İR 63 / 63 M4a(*P),YPPM 102 İR 63,63 M4a(*P),94433.00,99667.00
TL,YPM,36,0.12,0.16,"0,30-0,42",YPPM 93 İR 63 / 63 M4a(*P),YPPM 93 İR 63,63 M4a(*P),76819.00,79317.00
TL,YPM,36,0.12,0.16,"0,49-1,2",YPPM 92 İR 63 / 63 M4a(*P),YPPM 92 İR 63,63 M4a(*P),74573.00,77071.00
TL,YPM,36,0.12,0.16,"0,53-0,95",YPPM 83 İR 53 / 63 M4a(*P),YPPM 83 İR 53,63 M4a(*P),55149.00,56650.00
TL,YPM,36,0.12,0.16,"0,99-2,2",YPPM 82 İR 53 / 63 M4a(*P),YPPM 82 İR 53,63 M4a(*P),53957.00,55458.00
TL,YPM,36,0.12,0.16,"0,91-3,7",YPPM 72 İR 53 / 63 M4a(*P),YPPM 72 İR 53,63 M4a(*P),39287.00,40420.00
TL,YPM,36,0.12,0.16,"2,9-5,5",YPPM 74 / 63 M4a(*P),YPPM 74,63 M4a(*P),33832.00,34965.00
TL,YPM,36,0.12,0.16,"2,2-10",YPPM 63 İR 42 / 63 M4a(*P),YPPM 63 İR 42,63 M4a(*P),31281.00,32309.00
TL,YPM,36,0.12,0.16,"3,9-11",YPPM 62 İR 42 / 63 M4a(*P),YPPM 62 İR 42,63 M4a(*P),30614.00,31642.00
TL,YPM,36,0.12,0.16,"7,4-11",YPPM 63 / 63 M4a(*P),YPPM 63,63 M4a(*P),21038.00,22066.00
TL,YPM,36,0.12,0.16,"4,0-8,0",YPM 53 İR 42 / 63 M4a,YPM 53 İR 42,63 M4a,28682.00,29543.00
TL,YPM,36,0.12,0.16,"7,2-16",YPPM 52 İR 42 / 63 M4a(*P),YPPM 52 İR 42,63 M4a(*P),28309.00,29170.00
TL,YPM,36,0.12,0.16,10-17,YPPM 53 / 63 M4a(*P),YPPM 53,63 M4a(*P),16537.00,17398.00
TL,YPM,36,0.12,0.16,10-60,YPPM 43 / 63 M4a(*P),YPPM 43,63 M4a(*P),14020.00,14881.00
TL,YPM,36,0.18,0.16,"0,27-0,48",YPPM 103 İR 63 / 63 M4b(*P),YPPM 103 İR 63,63 M4b(*P),97342.00,102576.00
TL,YPM,36,0.18,0.25,"0,56-1,3",YPPM 102 İR 63 / 63 M4b(*P),YPPM 102 İR 63,63 M4b(*P),94700.00,99934.00
TL,YPM,36,0.18,0.25,"0,38-0,42",YPPM 93 İR 63 / 63 M4a(*P),YPPM 93 İR 63,63 M4a(*P),77177.00,79675.00
TL,YPM,36,0.18,0.25,"0,49-1,3",YPPM 92 İR 62 / 63 M4a(*P),YPPM 92 İR 62,63 M4a(*P),74936.00,77434.00
TL,YPM,36,0.18,0.25,"1,1-1,8",YPM 94 / 71 M6a,YPM 94,71 M6a,69783.00,72281.00
TL,YPM,36,0.18,0.25,"0,86-0,95",YPPM 83 İR 53 / 63 M4b(*P),YPPM 83 İR 53,63 M4b(*P),55690.00,57191.00
TL,YPM,36,0.18,0.25,"0,99-2,2",YPPM 82 İR 53 / 63 M4b(*P),YPPM 82 İR 53,63 M4b(*P),54476.00,55977.00
TL,YPM,36,0.18,0.25,"1,3-1,9",YPM 84 / 71 M6a,YPM 84,71 M6a,50479.00,51980.00
TL,YPM,36,0.18,0.25,"1,5-3,7",YPPM 72 İR 53 / 63 M4b(*P),YPPM 72 İR 53,63 M4b(*P),39518.00,40651.00
TL,YPM,36,0.18,0.25,"1,8-2,4",YPM 74 / 71 M6a,YPM 74,71 M6a,34150.00,35283.00
TL,YPM,36,0.18,0.25,"2,9-6,1",YPPM 74 / 63 M4b(*P),YPPM 74,63 M4b(*P),34082.00,35215.00
TL,YPM,36,0.18,0.25,"4,9-6,9",YPM 73 / 71 M6a,YPM 73,71 M6a,29277.00,30410.00
TL,YPM,36,0.18,0.25,"6,6-7,0",YPPM 73 / 63 M4b(*P),YPPM 73,63 M4b(*P),28962.00,30095.00
TL,YPM,36,0.18,0.25,"3,3-10",YPPM 63 İR 42 / 63 M4b(*P),YPPM 63 İR 42,63 M4b(*P),31400.00,32428.00
TL,YPM,36,0.18,0.25,"3,9-11",YPPM 62 İR 42 / 63 M4b(*P),YPPM 62 İR 42,63 M4b(*P),30786.00,31814.00
TL,YPM,36,0.18,0.25,"4,7-5,1",YPPM 63 / 71 M6a(*P),YPPM 63,71 M6a(*P),23063.00,24091.00
TL,YPM,36,0.18,0.25,"5,4-8,5",YPM 63 / 71 M6a,YPM 63,71 M6a,22209.00,23237.00
TL,YPM,36,0.18,0.25,"7,4-15",YPPM 63 / 63 M4b(*P),YPPM 63,63 M4b(*P),21212.00,22240.00
TL,YPM,36,0.18,0.25,"5,4-8,0",YPM 53 İR 42 / 63 M4b,YPM 53 İR 42,63 M4b,30248.00,31109.00
TL,YPM,36,0.18,0.25,"7,2-16",YPPM 52 İR 42 / 63 M4b(*P),YPPM 52 İR 42,63 M4b(*P),29905.00,30766.00
TL,YPM,36,0.18,0.25,"6,6-8,6",YPM 53 / 71 M6a,YPM 53,71 M6a,17197.00,18058.00
TL,YPM,36,0.18,0.25,10-17,YPPM 53 / 63 M4b(*P),YPPM 53,63 M4b(*P),16632.00,17493.00
TL,YPM,36,0.18,0.25,10-60,YPPM 43 / 63 M4b(*P),YPPM 43,63 M4b(*P),14294.00,15155.00
TL,YPM,36,0.18,0.25,62-302,YPPM 42 / 63 M4b(*P),YPPM 42,63 M4b(*P),13899.00,14760.00
TL,YPM,36,0.18,0.25,332-605,YPPM 42 / 63 M2a(*P),YPPM 42,63 M2a(*P),13951.00,14812.00
TL,YPM,36,0.25,0.25,"0,13-0,43",YPM 143 İR 73 / 71 M4a,YPM 143 İR 73,71 M4a,203076.00,215855.00
TL,YPM,36,0.25,0.34,"0,18-0,43",YPM 123 İR 73 / 71 M4a,YPM 123 İR 73,71 M4a,132830.00,140439.00
TL,YPM,36,0.25,0.34,"0,36-0,48",YPM 103 İR 63 / 71 M4a,YPM 103 İR 63,71 M4a,97855.00,103089.00
TL,YPM,36,0.25,0.34,"0,56-1,8",YPM 102 İR 63 / 71 M4a,YPM 102 İR 63,71 M4a,95384.00,100618.00
TL,YPM,36,0.25,0.34,"1,1-1,4",YPM 104 / 71 M6b,YPM 104,71 M6b,91816.00,97050.00
TL,YPM,36,0.25,0.34,"0,55-2,0",YPM 92 İR 63 / 71 M4a,YPM 92 İR 63,71 M4a,75961.00,78459.00
TL,YPM,36,0.25,0.34,"1,2-2,1",YPM 94 / 71 M6b,YPM 94,71 M6b,70101.00,72599.00
TL,YPM,36,0.25,0.34,"1,8-2,5",YPM 94 / 71 M4a,YPM 94,71 M4a,69258.00,71756.00
TL,YPM,36,0.25,0.34,"1,2-4,1",YPM 82 İR 53 / 71 M4a,YPM 82 İR 53,71 M4a,54969.00,56470.00
TL,YPM,36,0.25,0.34,"3,2-5,0",YPM 82 İR 52 / 71 M4a,YPM 82 İR 52,71 M4a,54434.00,55935.00
TL,YPM,37,0.25,,"1,4-1,9",YPM 84 / 71 M6b,YPM 84,71 M6b,50771.00,52272.00
TL,YPM,37,0.25,0.34,"2,1-4,3",YPM 84 / 71 M4a,YPM 84,71 M4a,49975.00,51476.00
TL,YPM,37,0.25,0.34,"3,7-5,2",YPM 83 / 71 M6b,YPM 83,71 M6b,43869.00,45370.00
TL,YPM,37,0.25,0.34,"2,4-7,2",YPM 73 İR 52 / 71 M4a,YPM 73 İR 52,71 M4a,39950.00,41083.00
TL,YPM,37,0.25,0.34,"2,0-7,9",YPM 72 İR 53 / 71 M4a,YPM 72 İR 53,71 M4a,39633.00,40766.00
TL,YPM,37,0.25,0.34,"2,9-6,1",YPM 74 / 71 M4a,YPM 74,71 M4a,33748.00,34881.00
TL,YPM,37,0.25,0.34,"4,2-4,5",YPPM 73 / 71 M6b(*P),YPPM 73,71 M6b(*P),32363.00,33496.00
TL,YPM,37,0.25,0.34,"4,9-7,0",YPM 73 / 71 M6b,YPM 73,71 M6b,30677.00,31810.00
TL,YPM,37,0.25,0.34,"6,6-7,1",YPM 73 / 71 M4a,YPM 73,71 M4a,29866.00,30999.00
TL,YPM,37,0.25,0.34,"4,9-10",YPM 63 İR 42 / 71 M4a,YPM 63 İR 42,71 M4a,32244.00,33272.00
TL,YPM,37,0.25,0.34,"5,0-11",YPM 62 İR 42 / 71 M4a,YPM 62 İR 42,71 M4a,31660.00,32688.00
TL,YPM,37,0.25,0.34,"5,1",YPPM 63 / 71 M6b(*P),YPPM 63,71 M6b(*P),23597.00,24625.00
TL,YPM,37,0.25,0.34,"5,4-8,5",YPM 63 / 71 M6b,YPM 63,71 M6b,22365.00,23393.00
TL,YPM,37,0.25,0.34,"7,4-22",YPPM 63 / 71 M4a(*P),YPPM 63,71 M4a(*P),22770.00,23798.00
TL,YPM,37,0.25,0.34,"8,4-15",YPM 63 / 71 M4a,YPM 63,71 M4a,21582.00,22610.00
TL,YPM,37,0.25,0.34,8,YPM 53 İR 42 / 71 M4a,YPM 53 İR 42,71 M4a,30399.00,31260.00
TL,YPM,37,0.25,0.34,"9,1-16",YPM 52 İR 42 / 71 M4a,YPM 52 İR 42,71 M4a,30058.00,30919.00
TL,YPM,37,0.25,0.34,12-61,YPM 53 / 71 M4a,YPM 53,71 M4a,16680.00,17541.00
TL,YPM,37,0.25,0.34,54,YPPM 52 / 71 M4a(*P),YPPM 52,71 M4a(*P),17233.00,18094.00
TL,YPM,37,0.25,0.34,63-328,YPM 52 / 71 M4a,YPM 52,71 M4a,16336.00,17197.00
TL,YPM,37,0.25,0.34,386-782,YPM 52 / 63 M2b,YPM 52,63 M2b,16226.00,17087.00
TL,YPM,37,0.25,0.34,14-60,YPM 43 / 71 M4a,YPM 43,71 M4a,14766.00,15627.00
TL,YPM,37,0.25,0.34,37-58,YPPM 43 / 63 M2b(*P),YPPM 43,63 M2b(*P),14393.00,15254.00
TL,YPM,37,0.25,0.34,62-302,YPM 42 / 71 M4a,YPM 42,71 M4a,14336.00,15197.00
TL,YPM,37,0.25,0.34,332-605,YPPM 42 / 63 M2b(*P),YPPM 42,63 M2b(*P),14164.00,15025.00
TL,YPM,37,0.37,0.34,"0,19-0,64",YPM 143 İR 73 / 71 M4b,YPM 143 İR 73,71 M4b,203925.00,216704.00
TL,YPM,37,0.37,0.50,"0,32-0,43",YPM 123 İR 73 / 71 M4b,YPM 123 İR 73,71 M4b,133120.00,140729.00
TL,YPM,37,0.37,0.50,"0,63-5,8",YPM 102 İR 63 / 71 M4b,YPM 102 İR 63,71 M4b,97433.00,102667.00
TL,YPM,37,0.37,0.50,"1,1-1,4",YPM 104 / 80 M6a,YPM 104,80 M6a,92349.00,97583.00
TL,YPM,37,0.37,0.50,,YPPM 104 / 71 M4b(*P),YPPM 104,71 M4b(*P),95236.00,100470.00
TL,YPM,37,0.37,0.50,"0,78-3,3",YPM 92 İR 63 / 71M4b,YPM 92 İR 63,71M4b,76295.00,78793.00
TL,YPM,37,0.37,0.50,"1,2-2,1",YPM 94 / 80 M6a,YPM 94,80 M6a,70696.00,73194.00
TL,YPM,37,0.37,0.50,"1,8-3,9",YPM 94 / 71 M4b,YPM 94,71 M4b,69689.00,72187.00
TL,YPM,37,0.37,0.50,"3,1-4,5",YPM 93 / 80 M6a,YPM 93,80 M6a,61046.00,63544.00
TL,YPM,37,0.37,0.50,"1,9-5,2",YPM 82 İR 53 / 71 M4b,YPM 82 İR 53,71 M4b,55858.00,57359.00
TL,YPM,37,0.37,0.50,"3,2-6,3",YPM 82 İR 52 / 71 M4b,YPM 82 İR 52,71 M4b,55383.00,56884.00
TL,YPM,37,0.37,0.50,"1,9",YPM 84 / 80 M6a,YPM 84,80 M6a,51365.00,52866.00
TL,YPM,37,0.37,0.50,"2,1-5,4",YPM 84 / 71 M4b,YPM 84,71 M4b,50248.00,51749.00
TL,YPM,37,0.37,0.50,"3,7-5,2",YPM 83 / 80 M6a,YPM 83,80 M6a,44471.00,45972.00
TL,YPM,37,0.37,0.50,"5,8-6,9",YPM 83 / 71 M4b,YPM 83,71 M4b,43350.00,44851.00
TL,YPM,37,0.37,0.50,"4,2-7,2",YPM 73 İR 53 / 71 M4b,YPM 73 İR 53,71 M4b,40684.00,41817.00
TL,YPM,37,0.37,0.50,"2,8-7,9",YPM 72 İR 53 / 71 M4b,YPM 72 İR 53,71 M4b,40257.00,41390.00
TL,YPM,37,0.37,0.50,"3,8-6,1",YPM 74 / 71 M4b,YPM 74,71 M4b,34497.00,35630.00
TL,YPM,37,0.37,0.50,"4,2-4,5",YPPM 73 / 80 M6a(*P),YPPM 73,80 M6a(*P),33015.00,34148.00
TL,YPM,37,0.37,0.50,"4,9-6,9",YPM 73 / 80 M6a,YPM 73,80 M6a,31294.00,32427.00
TL,YPM,37,0.37,0.50,"6,6-7,1",YPPM 73 / 71 M4b(*P),YPPM 73,71 M4b(*P),31851.00,32984.00
TL,YPM,37,0.37,0.50,"7,6-18",YPM 73 / 71 M4b,YPM 73,71 M4b,30191.00,31324.00
TL,YPM,37,0.37,0.50,"6,2-10",YPM 63 İR 42 / 71 M4b,YPM 63 İR 42,71 M4b,33121.00,34149.00
TL,YPM,37,0.37,0.50,"7,1-11",YPM 62 İR 42 / 71 M4b,YPM 62 İR 42,71 M4b,32485.00,33513.00
TL,YPM,37,0.37,0.50,"6,9-8,5",YPM 63 / 80 M6a,YPM 63,80 M6a,23088.00,24116.00
TL,YPM,38,0.37,,"7,4-32",YPPM 63 / 71 M4b(*P),YPPM 63,71 M4b(*P),23208.00,24236.00
TL,YPM,38,0.37,0.50,"8,4-29",YPM 63 / 71 M4b,YPM 63,71 M4b,22000.00,22861.00
TL,YPM,38,0.37,0.50,15-61,YPM 53 / 71 M4b,YPM 53,71 M4b,17051.00,17912.00
TL,YPM,38,0.37,0.50,63-328,YPM 52 / 71 M4b,YPM 52,71 M4b,16643.00,17504.00
TL,YPM,38,0.37,0.50,386-782,YPM 52 / 71 M2a,YPM 52,71 M2a,16381.00,17242.00
TL,YPM,38,0.37,0.50,21-60,YPM 43 / 71 M4b,YPM 43,71 M4b,15050.00,15911.00
TL,YPM,38,0.37,0.50,37-58,YPM 43 / 71 M2a,YPM 43,71 M2a,14722.00,15583.00
TL,YPM,38,0.37,0.50,62-72,YPPM 42 / 71 M4b(*P),YPPM 42,71 M4b(*P),15444.00,16305.00
TL,YPM,38,0.37,0.50,83-302,YPM 42 / 71 M4b,YPM 42,71 M4b,14639.00,15500.00
TL,YPM,38,0.37,0.50,332-605,YPM 42 / 71 M2a,YPM 42,71 M2a,14382.00,15243.00
TL,YPM,38,0.55,0.50,"0,21-0,60",YPM 153 İR 83 / 80 M4a,YPM 153 İR 83,80 M4a,315244.00,332281.00
TL,YPM,38,0.55,0.75,"0,26-0,64",YPM 143 İR 73 / 80 M4a,YPM 143 İR 73,80 M4a,204343.00,217122.00
TL,YPM,38,0.55,0.75,"0,52-1,1",YPM 143 İR 72 / 80 M4a,YPM 143 İR 72,80 M4a,203253.00,216032.00
TL,YPM,38,0.55,0.75,"0,47-2,3",YPM 123 İR 72 / 80 M4a,YPM 123 İR 72,80 M4a,134030.00,141639.00
TL,YPM,38,0.55,0.75,"1,2-1,4",YPM 124 / 80 M6b,YPM 124,80 M6b,122222.00,129831.00
TL,YPM,38,0.55,0.75,"0,87-5,8",YPM 102 İR 63 / 80 M4a,YPM 102 İR 63,80 M4a,98426.00,103660.00
TL,YPM,38,0.55,0.75,"1,0-1,4",YPM 104 / 80 M6b,YPM 104,80 M6b,93053.00,98287.00
TL,YPM,38,0.55,0.75,"1,6-4,0",YPM 104 / 80 M4a,YPM 104,80 M4a,92204.00,97438.00
TL,YPM,38,0.55,0.75,"1,2-3,9",YPM 92 İR 63 / 80 M4a,YPM 92 İR 63,80 M4a,76792.00,79290.00
TL,YPM,38,0.55,0.75,"4,9-6,2",YPM 92 İR 62 / 80 M4a,YPM 92 İR 62,80 M4a,74492.00,76990.00
TL,YPM,38,0.55,0.75,"1,4-2,1",YPM 94 / 80 M6b,YPM 94,80 M6b,71347.00,73845.00
TL,YPM,38,0.55,0.75,"1,8-4,4",YPM 94 / 80 M4a,YPM 94,80 M4a,70485.00,72983.00
TL,YPM,38,0.55,0.75,"3,1-4,5",YPM 93 / 80 M6b,YPM 93,80 M6b,61934.00,64432.00
TL,YPM,38,0.55,0.75,"4,9-6,6",YPM 93 / 80 M4a,YPM 93,80 M4a,61072.00,63570.00
TL,YPM,38,0.55,0.75,"2,7-5,2",YPM 82 İR 53 / 80 M4a,YPM 82 İR 53,80 M4a,56439.00,57940.00
TL,YPM,38,0.55,0.75,"3,2-6,3",YPM 82 İR 52 / 80 M4a,YPM 82 İR 52,80 M4a,55967.00,57468.00
TL,YPM,38,0.55,0.75,"3,0-5,4",YPM 84 / 80 M4a,YPM 84,80 M4a,51239.00,52740.00
TL,YPM,38,0.55,0.75,"3,7-5,2",YPM 83 / 80 M6b,YPM 83,80 M6b,45136.00,46637.00
TL,YPM,38,0.55,0.75,"5,8-14",YPM 83 / 80 M4a,YPM 83,80 M4a,44302.00,45803.00
TL,YPM,38,0.55,0.75,"5,3-7,2",YPM 73 İR 52 / 80 M4a,YPM 73 İR 52,80 M4a,41694.00,42827.00
TL,YPM,38,0.55,0.75,"4,3-6,4",YPM 72 İR 53 / 80 M4a,YPM 72 İR 53,80 M4a,41279.00,42412.00
TL,YPM,38,0.55,0.75,"6,1",YPM 74 / 80 M4a,YPM 74,80 M4a,35618.00,36751.00
TL,YPM,38,0.55,0.75,"6,2-7,0",YPM 73 / 80 M6b,YPM 73,80 M6b,31897.00,32925.00
TL,YPM,38,0.55,0.75,"6,6-7,1",YPPM 73 / 80 M4a(*P),YPPM 73,80 M4a(*P),32814.00,33842.00
TL,YPM,38,0.55,0.75,"7,6-27",YPM 73 / 80 M4a,YPM 73,80 M4a,31102.00,32130.00
TL,YPM,38,0.55,0.75,11-46,YPM 63 / 80 M4a,YPM 63,80 M4a,22922.00,23950.00
TL,YPM,38,0.55,0.75,21-61,YPM 53 / 80 M4a,YPM 53,80 M4a,18021.00,18882.00
TL,YPM,38,0.55,0.75,63-391,YPM 52 / 80 M4a,YPM 52,80 M4a,17675.00,18536.00
TL,YPM,38,0.55,0.75,433-782,YPM 52 / 71 M2b,YPM 52,71 M2b,16689.00,17550.00
TL,YPM,38,0.55,0.75,33-60,YPM 43 / 80 M4a,YPM 43,80 M4a,15997.00,16858.00
TL,YPM,38,0.55,0.75,37-58,YPM 43 / 71 M2b,YPM 43,71 M2b,14904.00,15765.00
TL,YPM,38,0.55,0.75,62-72,YPPM 42 / 80 M4a(*P),YPPM 42,80 M4a(*P),16480.00,17341.00
TL,YPM,38,0.55,0.75,83-302,YPM 42 / 80 M4a,YPM 42,80 M4a,15622.00,16483.00
TL,YPM,38,0.55,0.75,332-605,YPM 42 / 71 M2b,YPM 42,71 M2b,14672.00,15533.00
TL,YPM,38,0.75,0.75,"0,27-0,60",YPM 153 İR 83 / 80 M4b,YPM 153 İR 83,80 M4b,317818.00,334855.00
TL,YPM,38,0.75,1,"0,63-0,78",YPM 152 İR 83 / 80 M4b,YPM 152 İR 83,80 M4b,306687.00,323724.00
TL,YPM,38,0.75,1,"0,38-0,64",YPM 143 İR 73 / 80 M4b,YPM 143 İR 73,80 M4b,206393.00,219172.00
TL,YPM,38,0.75,1,"0,52-1,1",YPM 143 İR 72 / 80 M4b,YPM 143 İR 72,80 M4b,205452.00,218231.00
TL,YPM,38,0.75,1,"1,1-1,3",YPM 144 / 90 S6a(*P),YPM 144,90 S6a(*P),203954.00,216733.00
TL,YPM,38,0.75,1,"0,59-3,5",YPM 123 İR 72 / 80 M4b,YPM 123 İR 72,80 M4b,135996.00,143605.00
TL,YPM,39,0.75,,"1,2-1,6",YPM 124 / 90 S6a,YPM 124,90 S6a,124055.00,131664.00
TL,YPM,39,0.75,1,"1,8-2,2",YPM 124 / 80 M4b,YPM 124,80 M4b,123479.00,131088.00
TL,YPM,39,0.75,1,"1,5-5,8",YPM 102 İR 63 / 80 M4b,YPM 102 İR 63,80 M4b,100397.00,108006.00
TL,YPM,39,0.75,1,"1,4",YPPM 104 / 90 S6a,YPPM 104,90 S6a,94912.00,100146.00
TL,YPM,39,0.75,1,"1,6-5,4",YPM 104 / 80 M4b,YPM 104,80 M4b,94209.00,99443.00
TL,YPM,39,0.75,1,"3,3-5,6",YPPM 103 / 90 S6a(*P),YPPM 103,90 S6a(*P),91108.00,96342.00
TL,YPM,39,0.75,1,"1,6-3,9",YPM 92 İR 63 / 80 M4b,YPM 92 İR 63,80 M4b,78916.00,81414.00
TL,YPM,39,0.75,1,"4,9-6,2",YPM 92 İR 62 / 80 M4b,YPM 92 İR 62,80 M4b,76617.00,79115.00
TL,YPM,39,0.75,1,"2,1",YPM 94 / 90 S6a,YPM 94,90 S6a,73347.00,75845.00
TL,YPM,39,0.75,1,"2,0-4,4",YPM 94 / 80 M4b,YPM 94,80 M4b,72677.00,75175.00
TL,YPM,39,0.75,1,"3,1",YPPM 93 / 90 S6a(*P),YPPM 93,90 S6a(*P),66352.00,68850.00
TL,YPM,39,0.75,1,"3,6-4,5",YPM 93 / 90 S6a,YPM 93,90 S6a,63493.00,65991.00
TL,YPM,39,0.75,1,"4,9-7,0",YPM 93 / 80 M4b,YPM 93,80 M4b,62876.00,65374.00
TL,YPM,39,0.75,1,"3,6-6,3",YPM 82 İR 53 / 80 M4b,YPM 82 İR 53,80 M4b,58452.00,59953.00
TL,YPM,39,0.75,1,"3,6-6,3",YPM 82 İR 52 / 80 M4b,YPM 82 İR 52,80 M4b,57964.00,59465.00
TL,YPM,39,0.75,1,"4,3-5,4",YPM 84 / 80 M4b,YPM 84,80 M4b,53223.00,54724.00
TL,YPM,39,0.75,1,"4,3-5,2",YPM 83 / 90 S6a,YPM 83,90 S6a,47008.00,48509.00
TL,YPM,39,0.75,1,"5,8-16",YPM 83 / 80 M4b,YPM 83,80 M4b,46326.00,47827.00
TL,YPM,39,0.75,1,"8,5-31",YPM 73 / 80 M4b,YPM 73,80 M4b,33269.00,34402.00
TL,YPM,39,0.75,1,15-46,YPM 63 / 80 M4b,YPM 63,80 M4b,24917.00,25945.00
TL,YPM,39,0.75,1,44-77,YPM 62 / 80 M4b,YPM 62,80 M4b,24303.00,25331.00
TL,YPM,39,0.75,1,29-61,YPM 53 / 80 M4b,YPM 53,80 M4b,19902.00,20763.00
TL,YPM,39,0.75,1,63-391,YPM 52 / 80 M4b,YPM 52,80 M4b,19556.00,20417.00
TL,YPM,39,0.75,1,433-782,YPM 52 / 80 M2a,YPM 52,80 M2a,17893.00,18754.00
TL,YPM,39,0.75,1,37-58,YPM 43 / 80 M2a,YPM 43,80 M2a,16565.00,17426.00
TL,YPM,39,0.75,1,62-72,YPPM 42 / 80 M4b(*P),YPPM 42,80 M4b(*P),18496.00,19357.00
TL,YPM,39,0.75,1,83-302,YPM 42 / 80 M4b,YPM 42,80 M4b,17533.00,18394.00
TL,YPM,39,0.75,1,332-605,YPM 42 / 80 M2a,YPM 42,80 M2a,15846.00,16707.00
TL,YPM,39,1.1,1,"0,45-0,60",YPM 153 İR 83 / 90 S4a,YPM 153 İR 83,90 S4a,321838.00,338875.00
TL,YPM,39,1.1,1.5,"0,63-1,1",YPM 152 İR 83 / 90 S4a,YPM 152 İR 83,90 S4a,310723.00,327760.00
TL,YPM,39,1.1,1.5,"0,58-0,64",YPM 143 İR 73 / 90 S4a,YPM 143 İR 73,90 S4a,207997.00,220776.00
TL,YPM,39,1.1,1.5,"0,72-2,6",YPM 143 İR 72 / 90 S4a,YPM 143 İR 72,90 S4a,206745.00,219524.00
TL,YPM,39,1.1,1.5,"1,1-1,4",YPPM 144 / 90 L6b(*P),YPPM 144,90 L6b(*P),205324.00,218103.00
TL,YPM,39,1.1,1.5,"1,6-2,2",YPPM 144 / 90 S4a(*P),YPPM 144,90 S4a(*P),204495.00,217274.00
TL,YPM,39,1.1,1.5,"0,86-4,5",YPM 123 İR 72 / 90 S4a,YPM 123 İR 72,90 S4a,135097.00,142706.00
TL,YPM,39,1.1,1.5,"1,2-1,6",YPPM 124 / 90 L6b(*P),YPPM 124,90 L6b(*P),125395.00,133004.00
TL,YPM,39,1.1,1.5,"1,8-4,5",YPPM 124 / 90 S4a(*P),YPPM 124,90 S4a(*P),124655.00,132264.00
TL,YPM,39,1.1,1.5,"1,8-5,8",YPM 102 İR 63 / 90 S4a,YPM 102 İR 63,90 S4a,101212.00,106446.00
TL,YPM,39,1.1,1.5,"2,0-6,8",YPM 104 / 90 S4a,YPM 104,90 S4a,95583.00,100817.00
TL,YPM,39,1.1,1.5,"3,3-5,6",YPPM 103 / 90 L6b(*P),YPPM 103,90 L6b(*P),91552.00,96786.00
TL,YPM,39,1.1,1.5,"5,2-8,7",YPPM 103 / 90 S4a(*P),YPPM 103,90 S4a(*P),91207.00,96441.00
TL,YPM,39,1.1,1.5,"2,2-3,9",YPM 92 İR 63 / 90 S4a,YPM 92 İR 63,90 S4a,83089.00,85587.00
TL,YPM,39,1.1,1.5,"1,9-6,2",YPM 92 İR 62 / 90 S4a,YPM 92 İR 62,90 S4a,80799.00,83297.00
TL,YPM,39,1.1,1.5,"3,2-4,4",YPM 94 / 90 S4a,YPM 94,90 S4a,73888.00,76386.00
TL,YPM,39,1.1,1.5,"3,6-4,5",YPM 93 / 90 L6b,YPM 93,90 L6b,64959.00,67457.00
TL,YPM,39,1.1,1.5,"4,9-11",YPM 93 / 90 S4a,YPM 93,90 S4a,64225.00,66723.00
TL,YPM,39,1.1,1.5,"6,7-29",YPM 83 / 90 S4a,YPM 83,90 S4a,47690.00,49191.00
TL,YPM,39,1.1,1.5,13-47,YPM 73 / 90 S4a,YPM 73,90 S4a,34622.00,35755.00
TL,YPM,39,1.1,1.5,42-50,YPM 72 / 90 S4a,YPM 72,90 S4a,33806.00,34939.00
TL,YPM,39,1.1,1.5,21-46,YPM 63 / 90 S4a,YPM 63,90 S4a,26326.00,27354.00
TL,YPM,40,1.1,,44-61,YPPM 62 / 90 S4a(*P),YPPM 62,90 S4a(*P),27031.00,28059.00
TL,YPM,40,1.1,1.5,56-116,YPM 62 / 90 S4a,YPM 62,90 S4a,25622.00,26650.00
TL,YPM,40,1.1,1.5,45-61,YPM 53 / 90 S4a,YPM 53,90 S4a,21225.00,22086.00
TL,YPM,40,1.1,1.5,54-72,YPPM 52 / 90 S4a(*P),YPPM 52,90 S4a(*P),21958.00,22819.00
TL,YPM,40,1.1,1.5,81-391,YPM 52 / 90 S4a,YPM 52,90 S4a,20886.00,21747.00
TL,YPM,40,1.1,1.5,433-782,YPM 52 / 80 M2b,YPM 52,80 M2b,18399.00,19260.00
TL,YPM,40,1.1,1.5,45-58,YPM 43 / 80 M2b,YPM 43,80 M2b,16697.00,17558.00
TL,YPM,40,1.1,1.5,62-209,YPPM 42 / 90 S4a(*P),YPPM 42,90 S4a(*P),19940.00,20801.00
TL,YPM,40,1.1,1.5,108-302,YPM 42 / 90 S4a,YPM 42,90 S4a,18899.00,19760.00
TL,YPM,40,1.1,1.5,332-605,YPM 42 / 80 M2b,YPM 42,80 M2b,16343.00,17204.00
TL,YPM,40,1.5,1.5,"0,6",YPM 153 İR 83 / 90 L4a,YPM 153 İR 83,90 L4a,324057.00,341094.00
TL,YPM,40,1.5,2,"0,63-1,3",YPM 152 İR 83 / 90 L4a,YPM 152 İR 83,90 L4a,313220.00,330257.00
TL,YPM,40,1.5,2,"1,5-2,9",YPM 154 / 100 L6a(*P),YPM 154,100 L6a(*P),301847.00,318884.00
TL,YPM,40,1.5,2,"0,72-3,4",YPM 143 İR 72 / 90 L4a,YPM 143 İR 72,90 L4a,208102.00,220881.00
TL,YPM,40,1.5,2,"1,1-1,4",YPM 144 / 100 L6a(*P),YPM 144,100 L6a(*P),205787.00,218566.00
TL,YPM,40,1.5,2,"1,6-3,6",YPPM 144 / 90 L4a(*P),YPPM 144,90 L4a(*P),202987.00,215766.00
TL,YPM,40,1.5,2,"1,3-6,1",YPM 123 İR 72 / 90 L4a,YPM 123 İR 72,90 L4a,136789.00,144398.00
TL,YPM,40,1.5,2,"1,4-1,6",YPPM 124 / 100 L6a(*P),YPPM 124,100 L6a(*P),127086.00,134695.00
TL,YPM,40,1.5,2,"1,8-5,5",YPPM 124 / 90 L4a(*P),YPPM 124,90 L4a(*P),125867.00,133476.00
TL,YPM,40,1.5,2,"3,6-5,1",YPPM 123 / 100 L6a(*P),YPPM 123,100 L6a(*P),113820.00,121429.00
TL,YPM,40,1.5,2,"2,7-5,8",YPM 102 İR 63 / 90 L4a,YPM 102 İR 63,90 L4a,102394.00,107628.00
TL,YPM,40,1.5,2,"2,8-6,8",YPM 104 / 90 L4a,YPM 104,90 L4a,96738.00,101972.00
TL,YPM,40,1.5,2,"4,1-5,6",YPM 103 / 100 L6a,YPM 103,100 L6a,88065.00,93299.00
TL,YPM,40,1.5,2,"5,2-11",YPPM 103 / 90 L4a(*P),YPPM 103,90 L4a(*P),92247.00,97481.00
TL,YPM,40,1.5,2,"3,6-3,9",YPM 92 İR 63 / 90 L4a,YPM 92 İR 63,90 L4a,84204.00,86702.00
TL,YPM,40,1.5,2,"4,9-6,2",YPM 92 İR 62 / 90 L4a,YPM 92 İR 62,90 L4a,81939.00,84437.00
TL,YPM,40,1.5,2,"3,9-4,4",YPM 94 / 90 L4a,YPM 94,90 L4a,77294.00,79792.00
TL,YPM,40,1.5,2,"4,9-15",YPM 93 / 90 L4a,YPM 93,90 L4a,65395.00,67893.00
TL,YPM,40,1.5,2,"9,0-41",YPM 83 / 90 L4a,YPM 83,90 L4a,48914.00,50415.00
TL,YPM,40,1.5,2,15-47,YPM 73 / 90 L4a,YPM 73,90 L4a,35819.00,36952.00
TL,YPM,40,1.5,2,42-70,YPM 72 / 90 L4a,YPM 72,90 L4a,34881.00,36014.00
TL,YPM,40,1.5,2,29-46,YPM 63 / 90 L4a,YPM 63,90 L4a,27502.00,28530.00
TL,YPM,40,1.5,2,56-165,YPM 62 / 90 L4a,YPM 62,90 L4a,26865.00,27893.00
TL,YPM,40,1.5,2,81-391,YPM 52 / 90 L4a,YPM 52,90 L4a,22035.00,22896.00
TL,YPM,40,1.5,2,433-782,YPM 52 / 90 S2a,YPM 52,90 S2a,19993.00,20854.00
TL,YPM,40,1.5,2,95,YPPM 42 / 90 L4a(*P),YPPM 42,90 L4a(*P),21106.00,21967.00
TL,YPM,40,1.5,2,107-302,YPM 42 / 90 L4a,YPM 42,90 L4a,20004.00,20865.00
TL,YPM,40,1.5,2,332-605,YPM 42 / 90 S2a,YPM 42,90 S2a,17953.00,18814.00
TL,YPM,40,2.2,2,"0,86-1,5",YPM 152 İR 83 / 100 L4a,YPM 152 İR 83,100 L4a,314803.00,331840.00
TL,YPM,40,2.2,3,"1,5-2,3",YPM 154 / 112 M6(*P),YPM 154,112 M6(*P),306011.00,323048.00
TL,YPM,40,2.2,3,"2,4-4,0",YPM 154 / 100 L4a(*P),YPM 154,100 L4a(*P),303051.00,320088.00
TL,YPM,40,2.2,3,"1,1-5,0",YPM 143 İR 72 / 100 L4a,YPM 143 İR 72,100 L4a,210382.00,223161.00
TL,YPM,40,2.2,3,"1,3-1,4",YPM 144 / 112 M6(*P),YPM 144,112 M6(*P),208630.00,221409.00
TL,YPM,40,2.2,3,"1,6-4,6",YPM 144 / 100 L4a(*P),YPM 144,100 L4a(*P),205697.00,218476.00
TL,YPM,40,2.2,3,"2,0-6,1",YPM 123 İR 72 / 100 L4a,YPM 123 İR 72,100 L4a,140772.00,148381.00
TL,YPM,40,2.2,3,"2,2-5,5",YPPM 124 / 100 L4a(*P),YPPM 124,100 L4a(*P),128146.00,135755.00
TL,YPM,40,2.2,3,"3,6-5,1",YPPM 123 / 112 M6a(*P),YPPM 123,112 M6a(*P),117778.00,125387.00
TL,YPM,40,2.2,3,"5,6-9,7",YPPM 123 / 100 L4a(*P),YPPM 123,100 L4a(*P),114771.00,122380.00
TL,YPM,40,2.2,3,"4,0-5,4",YPM 104 / 100 L4a,YPM 104,100 L4a,99666.00,104900.00
TL,YPM,40,2.2,3,"4,6-5,6",YPM 103 / 112 M6,YPM 103,112 M6,91960.00,97194.00
TL,YPM,41,2.2,,"5,2-5,6",YPPM 103 / 100 L4a(*P),YPPM 103,100 L4a(*P),93048.00,98282.00
TL,YPM,41,2.2,3,"6,3-16",YPM 103 / 100 L4a,YPM 103,100 L4a,89043.00,94277.00
TL,YPM,41,2.2,3,"7,0-22",YPM 93 / 100 L4a,YPM 93,100 L4a,67580.00,70078.00
TL,YPM,41,2.2,3,13-51,YPM 83 / 100 L4a,YPM 83,100 L4a,51169.00,52670.00
TL,YPM,41,2.2,3,54-75,YPM 82 / 100 L4a,YPM 82,100 L4a,50009.00,51510.00
TL,YPM,41,2.2,3,20-47,YPM 73 / 100 L4a,YPM 73,100 L4a,37867.00,39000.00
TL,YPM,41,2.2,3,57-100,YPM 72 / 100 L4a,YPM 72,100 L4a,36967.00,38100.00
TL,YPM,41,2.2,3,46,YPM 63 / 100 L4a,YPM 63,100 L4a,29747.00,30775.00
TL,YPM,41,2.2,3,44-61,YPPM 62 / 100 L4a(*P),YPPM 62,100 L4a(*P),30703.00,31731.00
TL,YPM,41,2.2,3,69-247,YPM 62 / 100 L4a,YPM 62,100 L4a,29103.00,30131.00
TL,YPM,41,2.2,3,102-391,YPM 52 / 100 L4a,YPM 52,100 L4a,24198.00,25059.00
TL,YPM,41,2.2,3,433-782,YPM 52 / 90 L2a,YPM 52,90 L2a,21039.00,21900.00
TL,YPM,41,2.2,3,418-536,YPPM 42 / 90 L2a(*P),YPPM 42,90 L2a(*P),19884.00,20745.00
TL,YPM,41,2.2,3,332-605,YPM 42 / 90 L2a,YPM 42,90 L2a,18995.00,19856.00
TL,YPM,41,3.0,3,"1,1-1,5",YPM 152 İR 83 / 100 L4b,YPM 152 İR 83,100 L4b,317164.00,334201.00
TL,YPM,41,3.0,4,"1,5-2,3",YPM 154 / 132 S6b,YPM 154,132 S6b,311943.00,328980.00
TL,YPM,41,3.0,4,"2,4-5,6",YPM 154 / 100 L4b(*P),YPM 154,100 L4b(*P),304817.00,321854.00
TL,YPM,41,3.0,4,"1,5-6,2",YPM 143 İR 72 / 100 L4b,YPM 143 İR 72,100 L4b,212283.00,225062.00
TL,YPM,41,3.0,4,"2,0-6,8",YPM 144 / 100 L4b(*P),YPM 144,100 L4b(*P),207612.00,220391.00
TL,YPM,41,3.0,4,"3,1-6,1",YPM 123 İR 72 / 100 L4b,YPM 123 İR 72,100 L4b,142977.00,150586.00
TL,YPM,41,3.0,4,"3,0-5,5",YPPM 124 / 100 L4b(*P),YPPM 124,100 L4b(*P),130395.00,138004.00
TL,YPM,41,3.0,4,"4,6-5,1",YPM 123 / 132 S6b,YPM 123,132 S6b,123236.00,130845.00
TL,YPM,41,3.0,4,"5,6-13",YPPM 123 / 100 L4b(*P),YPPM 123,100 L4b(*P),116621.00,124230.00
TL,YPM,41,3.0,4,"6,3-24",YPM 103 / 100 L4b,YPM 103,100 L4b,90828.00,96062.00
TL,YPM,41,3.0,4,"9,7-31",YPM 93 / 100 L4b,YPM 93,100 L4b,69399.00,71897.00
TL,YPM,41,3.0,4,16-63,YPM 83 / 100 L4b,YPM 83,100 L4b,53003.00,54504.00
TL,YPM,41,3.0,4,54-104,YPM 82 / 100 L4b,YPM 82,100 L4b,51738.00,53239.00
TL,YPM,41,3.0,4,28-47,YPM 73 / 100 L4b,YPM 73,100 L4b,39688.00,40821.00
TL,YPM,41,3.0,4,57-138,YPM 72 / 100 L4b,YPM 72,100 L4b,38737.00,39870.00
TL,YPM,41,3.0,4,69-247,YPM 62 / 100 L4b,YPM 62,100 L4b,30888.00,31916.00
TL,YPM,41,3.0,4,277-494,YPM 62 / 100 L2a,YPM 62,100 L2a,28728.00,29756.00
TL,YPM,41,3.0,4,114-391,YPM 52 / 100 L4b,YPM 52,100 L4b,25936.00,26797.00
TL,YPM,41,3.0,4,433-782,YPM 52 / 100 L2a,YPM 52,100 L2a,23855.00,24716.00
TL,YPM,41,4.0,4,"1,7-6,0",YPM 153 İR 92 / 112 M4b,YPM 153 İR 92,112 M4b,357891.00,374928.00
TL,YPM,41,4.0,5.5,"1,5-2,3",YPM 154 / 132 M6a,YPM 154,132 M6a,313653.00,330690.00
TL,YPM,41,4.0,5.5,"2,4-7,4",YPM 154 / 112 M4b(*P),YPM 154,112 M4b(*P),308876.00,325913.00
TL,YPM,41,4.0,5.5,"3,0-5,1",YPM 143 İR 82 / 112 M4b,YPM 143 İR 82,112 M4b,238448.00,251227.00
TL,YPM,41,4.0,5.5,"2,0-2,3",YPM 143 İR 72 / 112 M4b,YPM 143 İR 72,112 M4b,218932.00,231711.00
TL,YPM,41,4.0,5.5,"2,2-6,8",YPM 144 / 112 M4b(*P),YPM 144,112 M4b(*P),211276.00,224055.00
TL,YPM,41,4.0,5.5,"4,5-7,6",YPM 143 / 132 M6a,YPM 143,132 M6a,195257.00,208036.00
TL,YPM,41,4.0,5.5,"4,1-5,5",YPPM 124 / 112 M4b(*P),YPPM 124,112 M4b(*P),134272.00,141881.00
TL,YPM,41,4.0,5.5,"5,6-18",YPPM 123 / 112 M4b(*P),YPPM 123,112 M4b(*P),120469.00,128078.00
TL,YPM,41,4.0,5.5,"8,7-33",YPM 103 / 112 M4b,YPM 103,112 M4b,94367.00,99601.00
TL,YPM,41,4.0,5.5,12-42,YPM 93 / 112 M4b,YPM 93,112 M4b,72960.00,75458.00
TL,YPM,41,4.0,5.5,44-53,YPM 92 / 112 M4b,YPM 92,112 M4b,70516.00,73014.00
TL,YPM,41,4.0,5.5,21-63,YPM 83 / 112 M4b,YPM 83,112 M4b,56417.00,57918.00
TL,YPM,41,4.0,5.5,54-134,YPM 82 / 112 M4b,YPM 82,112 M4b,55203.00,56704.00
TL,YPM,41,4.0,5.5,57-304,YPM 72 / 112 M4b,YPM 72,112 M4b,42181.00,43314.00
TL,YPM,41,4.0,5.5,85-247,YPM 62 / 112 M4b,YPM 62,112 M4b,34356.00,35384.00
TL,YPM,41,4.0,5.5,277-494,YPM 62 / 112 M2a,YPM 62,112 M2a,32117.00,33145.00
TL,YPM,42,5.5,,"2,2-7,1",YPM 153 İR 92 / C112 M4b(*C),YPM 153 İR 92,C112 M4b(*C),362453.00,379490.00
TL,YPM,42,5.5,7.5,"3,0-6,2",YPM 143 İR 82 / C112 M4b(*C),YPM 143 İR 82,C112 M4b(*C),240840.00,253619.00
TL,YPM,42,5.5,7.5,"2,7-6,2",YPM 143 İR 72 / C112 M4b(*C),YPM 143 İR 72,C112 M4b(*C),221324.00,234103.00
TL,YPM,42,5.5,7.5,"5,5",YPM 124 / C112 M4b(*C),YPM 124,C112 M4b(*C),137438.00,145047.00
TL,YPM,42,5.5,7.5,12-49,YPM 103 / C112 M4b(*C),YPM 103,C112 M4b(*C),97101.00,102335.00
TL,YPM,42,5.5,7.5,20-50,YPM 93 / C112 M4b(*C),YPM 93,C112 M4b(*C),75781.00,78279.00
TL,YPM,42,5.5,7.5,53-64,YPM 92 / C112 M4b(*C),YPM 92,C112 M4b(*C),73314.00,75812.00
TL,YPM,42,5.5,7.5,33-63,YPM 83 / C112 M4b(*C),YPM 83,C112 M4b(*C),58089.00,59590.00
TL,YPM,42,5.5,7.5,68-328,YPM 82 / C112 M4b(*C),YPM 82,C112 M4b(*C),57642.00,59143.00
TL,YPM,42,5.5,7.5,80-370,YPM 72 / C112 M4b(*C),YPM 72,C112 M4b(*C),44904.00,46037.00
TL,YPM,42,5.5,7.5,"2,2-7,1",YPM 153 İR 92 / 132 S4c,YPM 153 İR 92,132 S4c,364330.00,381367.00
TL,YPM,42,5.5,7.5,"2,3",YPM 154 / 132 M6b,YPM 154,132 M6b,318210.00,335247.00
TL,YPM,42,5.5,7.5,"2,4-9,5",YPM 154 / 132 S4c,YPM 154,132 S4c,313425.00,330462.00
TL,YPM,42,5.5,7.5,"3,0-6,2",YPM 143 İR 82 / 132 S4c,YPM 143 İR 82,132 S4c,242666.00,255445.00
TL,YPM,42,5.5,7.5,"2,7-6,2",YPM 143 İR 72 / 132 S4c,YPM 143 İR 72,132 S4c,223106.00,235885.00
TL,YPM,42,5.5,7.5,"3,1-6,8",YPM 144 / 132 S4c,YPM 144,132 S4c,216385.00,229164.00
TL,YPM,42,5.5,7.5,"4,5-7,6",YPM 143 / 132 M6b,YPM 143,132 M6b,200471.00,213250.00
TL,YPM,42,5.5,7.5,"7,0-13",YPM 143 / 132 S4c,YPM 143,132 S4c,195720.00,208499.00
TL,YPM,42,5.5,7.5,"5,5",YPM 124 / 132 S4c,YPM 124,132 S4c,139264.00,146873.00
TL,YPM,42,5.5,7.5,"7,2-28",YPM 123 / 132 S4c,YPM 123,132 S4c,125032.00,132641.00
TL,YPM,42,5.5,7.5,12-49,YPM 103 / 132 S4c,YPM 103,132 S4c,98978.00,104212.00
TL,YPM,42,5.5,7.5,20-50,YPM 93 / 132 S4c,YPM 93,132 S4c,77607.00,80105.00
TL,YPM,42,5.5,7.5,53-64,YPM 92 / 132 S4c,YPM 92,132 S4c,75140.00,77638.00
TL,YPM,42,5.5,7.5,33-63,YPM 83 / 132 S4c,YPM 83,132 S4c,61089.00,62590.00
TL,YPM,42,5.5,7.5,68-328,YPM 82 / 132 S4c,YPM 82,132 S4c,59871.00,61372.00
TL,YPM,42,5.5,7.5,372-656,YPM 82 / 132 S2a,YPM 82,132 S2a,59424.00,60925.00
TL,YPM,42,5.5,7.5,80-370,YPM 72 / 132 S4c,YPM 72,132 S4c,46661.00,47794.00
TL,YPM,42,5.5,7.5,371-722,YPM 72 / 132 S2a,YPM 72,132 S2a,46214.00,47347.00
TL,YPM,42,7.5,7.5,"3,0-7,1",YPM 153 İR 92 / 132 M4b,YPM 153 İR 92,132 M4b,367949.00,384986.00
TL,YPM,42,7.5,10,"3,1-9,5",YPM 154 / 132 M4b,YPM 154,132 M4b,317847.00,334884.00
TL,YPM,42,7.5,10,"3,5-14",YPM 153 / 160 M6b,YPM 153,160 M6b,298567.00,315604.00
TL,YPM,42,7.5,10,"3,7-9,9",YPM 143 İR 82 / 132 M4b,YPM 143 İR 82,132 M4b,239889.00,252668.00
TL,YPM,42,7.5,10,"4,1-6,8",YPM 144 / 132 M4b,YPM 144,132 M4b,221990.00,234769.00
TL,YPM,42,7.5,10,"5,0-7,6",YPM 143 / 160 M6b,YPM 143,160 M6b,214498.00,227277.00
TL,YPM,42,7.5,10,"7,0-19",YPM 143 / 132 M4b,YPM 143,132 M4b,199490.00,212269.00
TL,YPM,42,7.5,10,"8,0-34",YPM 123 / 132M4b,YPM 123,132M4b,128532.00,136141.00
TL,YPM,42,7.5,10,16-69,YPM 103 / 132 M4b,YPM 103,132 M4b,102583.00,107817.00
TL,YPM,42,7.5,10,53-58,YPM 102 / 132 M4b,YPM 102,132 M4b,99028.00,104262.00
TL,YPM,42,7.5,10,25-50,YPM 93 / 132 M4b,YPM 93,132 M4b,81160.00,83658.00
TL,YPM,42,7.5,10,49-94,YPM 92 / 132 M4b,YPM 92,132 M4b,78704.00,81202.00
TL,YPM,42,7.5,10,41-63,YPM 83 / 132 M4b,YPM 83,132 M4b,64679.00,66180.00
TL,YPM,42,7.5,10,68-328,YPM 82 / 132 M4b,YPM 82,132 M4b,63452.00,64953.00
TL,YPM,42,7.5,10,372-656,YPM 82 / 132 S2b,YPM 82,132 S2b,61658.00,63159.00
TL,YPM,42,7.5,10,80-361,YPM 72 / 132 M4b,YPM 72,132 M4b,50309.00,51442.00
TL,YPM,42,7.5,10,371-722,YPM 72 / 132 S2b,YPM 72,132 S2b,48496.00,49629.00
TL,YPM,42,11,10,"4,1-7,1",YPM 153 İR 92 / C132 M4b(*C),YPM 153 İR 92,C132 M4b(*C),380185.00,397222.00
TL,YPM,42,11,15,"6,2-9,9",YPM 143 İR 82 / C132 M4b(*C),YPM 143 İR 82,C132 M4b(*C),242582.00,255361.00
TL,YPM,42,11,15,"7,8-25",YPM 143 / C132 M4b(*C),YPM 143,C132 M4b(*C),213267.00,226046.00
TL,YPM,42,11,15,13-52,YPM 123 / C132 M4b(*C),YPM 123,C132 M4b(*C),140833.00,148442.00
TL,YPM,42,11,15,24-69,YPM 103 / C132 M4b(*C),YPM 103,C132 M4b(*C),114705.00,119939.00
TL,YPM,42,11,15,53-94,YPM 102 / C132 M4b(*C),YPM 102,C132 M4b(*C),111248.00,116482.00
TL,YPM,42,11,15,38-50,YPM 93 / C132 M4b(*C),YPM 93,C132 M4b(*C),93192.00,95690.00
TL,YPM,42,11,15,53-115,YPM 92 / C132 M4b(*C),YPM 92,C132 M4b(*C),90494.00,92992.00
TL,YPM,42,11,15,84-328,YPM 82 / C132 M4b(*C),YPM 82,C132 M4b(*C),75483.00,76984.00
TL,YPM,42,11,15,80-361,YPM 72 / C132 M4b(*C),YPM 72,C132 M4b(*C),61827.00,62960.00
TL,YPM,43,11,,"4,1-7,1",YPM 153 İR 92 / 160 M4b,YPM 153 İR 92,160 M4b,382839.00,399876.00
TL,YPM,43,11,15,"4,7-6,0",YPM 153 / 160 L6b,YPM 153,160 L6b,307537.00,324574.00
TL,YPM,43,11,15,"5,4-19",YPM 153 / 160 M4b,YPM 153,160 M4b,299991.00,317028.00
TL,YPM,43,11,15,"6,2-9,9",YPM 143 İR 82 / 160 M4b,YPM 143 İR 82,160 M4b,245178.00,257957.00
TL,YPM,43,11,15,"6,7-7,6",YPM 143 / 160 L6b,YPM 143,160 L6b,223121.00,235900.00
TL,YPM,43,11,15,"7,8-25",YPM 143 / 160 M4b,YPM 143,160 M4b,216044.00,228823.00
TL,YPM,43,11,15,13-52,YPM 123 / 160 M4b,YPM 123,160 M4b,143530.00,151139.00
TL,YPM,43,11,15,24-69,YPM 103 / 160 M4b,YPM 103,160 M4b,117339.00,122573.00
TL,YPM,43,11,15,53-94,YPM 102 / 160 M4b,YPM 102,160 M4b,113882.00,119116.00
TL,YPM,43,11,15,38-50,YPM 93 / 160 M4b,YPM 93,160 M4b,95788.00,98286.00
TL,YPM,43,11,15,53-66,YPPM 92 / 160 M4b(*P),YPPM 92,160 M4b(*P),97744.00,100242.00
TL,YPM,43,11,15,74-115,YPM 92 / 160 M4b,YPM 92,160 M4b,93090.00,95588.00
TL,YPM,43,11,15,84-328,YPM 82 / 160 M4b,YPM 82,160 M4b,78035.00,79536.00
TL,YPM,43,15,15,"6,0-7,1",YPM 153 İR 92 / 160 L4a,YPM 153 İR 92,160 L4a,390381.00,391514.00
TL,YPM,43,15,20,"6,7-25",YPM 153 / 160 L4a,YPM 153,160 L4a,306948.00,323985.00
TL,YPM,43,15,20,"8,9-9,9",YPM 143 İR 82 / 160 L4a,YPM 143 İR 82,160 L4a,252350.00,269387.00
TL,YPM,43,15,20,10-32,YPM 143 / 160 L4a,YPM 143,160 L4a,223194.00,235973.00
TL,YPM,43,15,20,18-57,YPM 123 / 160 L4a,YPM 123,160 L4a,150197.00,157806.00
TL,YPM,43,15,20,33-69,YPM 103 / 160 L4a,YPM 103,160 L4a,123933.00,131542.00
TL,YPM,43,15,20,53-166,YPM 102 / 160 L4a,YPM 102,160 L4a,120485.00,125719.00
TL,YPM,43,15,20,53-340,YPM 92 / 160 L4a,YPM 92,160 L4a,99980.00,107589.00
TL,YPM,43,15,20,94-328,YPM 82 / 160 L4a,YPM 82,160 L4a,84668.00,86169.00
TL,YPM,43,18.5,20,"7,3-31",YPM 153 / C160 L4b(*C),YPM 153,C160 L4b(*C),316846.00,333883.00
TL,YPM,43,18.5,25,13-40,YPM 143 / C160 L4b(*C),YPM 143,C160 L4b(*C),232444.00,245223.00
TL,YPM,43,18.5,25,22-57,YPM 123 / C160 L4b(*C),YPM 123,C160 L4b(*C),158664.00,166273.00
TL,YPM,43,18.5,25,52-100,YPM 122 / C160 L4b(*C),YPM 122,C160 L4b(*C),154934.00,162543.00
TL,YPM,43,18.5,25,58-270,YPM 102 / C160 L4b(*C),YPM 102,C160 L4b(*C),129093.00,134327.00
TL,YPM,43,18.5,25,94-340,YPM 92 / C160 L4b(*C),YPM 92,C160 L4b(*C),108531.00,111029.00
TL,YPM,43,18.5,25,140-328,YPM 82 / C160 L4b(*C),YPM 82,C160 L4b(*C),95662.00,97163.00
TL,YPM,43,18.5,25,"7,3-31",YPM 153 / 180 M4b,YPM 153,180 M4b,321186.00,338223.00
TL,YPM,43,18.5,25,13-40,YPM 143 / 180 M4b,YPM 143,180 M4b,236633.00,249412.00
TL,YPM,43,18.5,25,22-57,YPM 123 / 180 M4b,YPM 123,180 M4b,162722.00,170331.00
TL,YPM,43,18.5,25,52-100,YPM 122 / 180 M4b,YPM 122,180 M4b,158992.00,166601.00
TL,YPM,43,18.5,25,58-270,YPM 102 / 180 M4b,YPM 102,180 M4b,132956.00,138190.00
TL,YPM,43,18.5,25,94-340,YPM 92 / 180 M4b,YPM 92,180 M4b,112316.00,114814.00
TL,YPM,43,22,25,"8,3-42",YPM 153 / 180 L4b,YPM 153,180 L4b,325708.00,342745.00
TL,YPM,43,22,30,15-49,YPM 143 / 180 L4b,YPM 143,180 L4b,241448.00,254227.00
TL,YPM,43,22,30,52-64,YPM 142 / 180 L4b,YPM 142,180 L4b,228293.00,241072.00
TL,YPM,43,22,30,24-57,YPM 123 / 180 L4b,YPM 123,180 L4b,167494.00,175103.00
TL,YPM,43,22,30,52-135,YPM 122 / 180 L4b,YPM 122,180 L4b,163838.00,171447.00
TL,YPM,43,22,30,67-298,YPM 102 / 180 L4b,YPM 102,180 L4b,137576.00,142810.00
TL,YPM,43,22,30,94-340,YPM 92 / 180 L4b,YPM 92,180 L4b,116637.00,119135.00
TL,YPM,43,30,30,12-55,YPM 153 / C180 L4b(*C),YPM 153,C180 L4b(*C),338006.00,355043.00
TL,YPM,43,30,40,22-67,YPM 143 / C180 L4b(*C),YPM 143,C180 L4b(*C),254198.00,266977.00
TL,YPM,43,30,40,52-87,YPM 142 / C180 L4b(*C),YPM 142,C180 L4b(*C),240784.00,253563.00
TL,YPM,43,30,40,34-57,YPM 123 / C180 L4b(*C),YPM 123,C180 L4b(*C),178816.00,186425.00
TL,YPM,43,30,40,71-358,YPM 122 / C180 L4b(*C),YPM 122,C180 L4b(*C),175219.00,182828.00
TL,YPM,43,30,40,94-298,YPM 102 / C180 L4b(*C),YPM 102,C180 L4b(*C),148872.00,154106.00
TL,YPM,43,30,40,104-340,YPM 92 / C180 L4b(*C),YPM 92,C180 L4b(*C),128222.00,130720.00
TL,YPM,44,30,,12-55,YPM 153 / 200 L4c,YPM 153,200 L4c,347084.00,364121.00
TL,YPM,44,30,40,22-67,YPM 143 / 200 L4c,YPM 143,200 L4c,262441.00,275220.00
TL,YPM,44,30,40,52-87,YPM 142 / 200 L4c,YPM 142,200 L4c,249027.00,261806.00
TL,YPM,44,30,40,34-57,YPM 123 / 200 L4c,YPM 123,200 L4c,186771.00,194380.00
TL,YPM,44,30,40,71-358,YPM 122 / 200 L4c,YPM 122,200 L4c,183174.00,190783.00
TL,YPM,44,30,40,94-298,YPM 102 / 200 L4c,YPM 102,200 L4c,156665.00,161899.00
TL,YPM,44,37,40,17-66,YPM 153 / C200 L4b(*C),YPM 153,C200 L4b(*C),358232.00,375269.00
TL,YPM,44,37,50,22-67,YPM 143 / C200 L4b(*C),YPM 143,C200 L4b(*C),274328.00,287107.00
TL,YPM,44,37,50,52-108,YPM 142 / C200 L4b(*C),YPM 142,C200 L4b(*C),260526.00,273305.00
TL,YPM,44,37,50,71-358,YPM 122 / C200 L4b(*C),YPM 122,C200 L4b(*C),188806.00,196415.00
TL,YPM,44,37,50,94-298,YPM 102 / C200 L4b(*C),YPM 102,C200 L4b(*C),168062.00,173296.00
TL,YPM,44,37,50,17-66,YPM 153 / 225 S4a,YPM 153,225 S4a,376016.00,393053.00
TL,YPM,44,37,50,22-67,YPM 143 / 225 S4a,YPM 143,225 S4a,291330.00,304109.00
TL,YPM,44,37,50,52-108,YPM 142 / 225 S4a,YPM 142,225 S4a,277528.00,290307.00
TL,YPM,44,37,50,71-358,YPM 122 / 225 S4a,YPM 122,225 S4a,204950.00,212559.00
TL,YPM,44,45,50,22-66,YPM 153 / 225 M4c,YPM 153,225 M4c,381607.00,398644.00
TL,YPM,44,45,60,50-95,YPM 152 / 225 M4c,YPM 152,225 M4c,364747.00,381784.00
TL,YPM,44,45,60,40-67,YPM 143 / 225 M4c,YPM 143,225 M4c,295315.00,308094.00
TL,YPM,44,45,60,58-349,YPM 142 / 225 M4c,YPM 142,225 M4c,281124.00,293903.00
TL,YPM,44,45,60,71-358,YPM 122 / 225 M4c,YPM 122,225 M4c,209167.00,216776.00
TL,YPM,44,55,60,25-66,YPM 153 / C225M4b(*C),YPM 153,C225M4b(*C),443384.00,460421.00
TL,YPM,44,55,75,50-72,YPM 152 / C225M4b(*C),YPM 152,C225M4b(*C),430387.00,447424.00
TL,YPM,44,55,75,40-67,YPM 143 / C225M4b(*C),YPM 143,C225M4b(*C),355809.00,368588.00
TL,YPM,44,55,75,58-349,YPM 142 / C225M4b(*C),YPM 142,C225M4b(*C),341550.00,354329.00
TL,YPM,44,55,75,25-66,YPM 153 / 250 M4c,YPM 153,250 M4c,449216.00,466253.00
TL,YPM,44,55,75,50-72,YPM 152 / 250 M4c,YPM 152,250 M4c,436219.00,453256.00
TL,YPM,44,55,75,40-67,YPM 143 / 250 M4c,YPM 143,250 M4c,361368.00,374147.00
TL,YPM,44,55,75,58-349,YPM 142 / 250 M4c,YPM 142,250 M4c,347109.00,359888.00
TL,YPM,44,75,75,31-66,YPM 153 / 280 S4,YPM 153,280 S4,530287.00,547324.00
TL,YPM,44,75,100,79-142,YPM 152 / 280 S4,YPM 152,280 S4,517445.00,534482.00
TL,YPM,44,75,100,60-67,YPM 143 / 280 S4,YPM 143,280 S4,439891.00,452670.00
TL,YPM,44,75,100,74-349,YPM 142 / 280 S4,YPM 142,280 S4,425235.00,438014.00
TL,YPM,44,90,100,42-66,YPM 153 / 315 S4,YPM 153,315 S4,550290.00,567327.00
TL,YPM,44,90,120,79-142,YPM 152 / 315 S4,YPM 152,315 S4,536977.00,554014.00
TL,YPM,44,90,120,60-67,YPM 143 / 280 M4,YPM 143,280 M4,460634.00,473413.00
TL,YPM,44,90,120,73-349,YPM 142 / 280 M4,YPM 142,280 M4,446616.00,459395.00
TL,YPM,44,110,120,46-66,YPM 153 / 315 S4,YPM 153,315 S4,691363.00,708400.00
TL,YPM,44,110,150,79-142,YPM 152 / 315 S4,YPM 152,315 S4,676857.00,693894.00
TL,YPM,44,132,160,79-142,YPM 152 / 315 M4a,YPM 152,315 M4a,735317.00,752354.00
TL,YPM,44,160,220,87--142,YPM 152 / 315 M4b,YPM 152,315 M4b,795235.00,812272.00
TL,YPM,44,185,250,103-142,YPM 152 / 315 L4a,YPM 152,315 L4a,831861.00,848898.00
TL,YPM,44,200,275,122-142,YPM 152 / 315 L4b,YPM 152,315 L4b,945988.00,963025.00
TL,İRSM,50,0.18,0.25,"1,0-2,0",İRSM 102 İR 43 / 63 M4b,İRSM 102 İR 43,63 M4b,38327.00,39760.00
TL,İRSM,50,0.25,0.25,"0,7-2,3",İRSM 127 İRS 65 / 71 M4a,İRSM 127 İRS 65,71 M4a,50602.00,52408.00
TL,İRSM,50,0.25,0.34,"0,9-3,3",İRSM 127 İR 43 / 71 M4a,İRSM 127 İR 43,71 M4a,49865.00,51671.00
TL,İRSM,50,0.25,0.34,"0,9-3,2",İRSM 102 İRS 52 / 71 M4a,İRSM 102 İRS 52,71 M4a,36671.00,38113.00
TL,İRSM,50,0.25,0.34,"2,2-3,5",İRSM 102 İR 43 / 71 M4a,İRSM 102 İR 43,71 M4a,38540.00,39982.00
TL,İRSM,50,0.25,0.34,"4,1-9,4",İRSM 102 İR 42 / 71 M4a,İRSM 102 İR 42,71 M4a,38390.00,39832.00
TL,İRSM,50,0.25,0.34,22-95,İRSM 52 / 71 M4a,İRSM 52,71 M4a,13143.00,13653.00
TL,İRSM,50,0.37,0.34,"0,9-4,6",İRSM 127 İRS 65 / 71 M4b,İRSM 127 İRS 65,71 M4b,50925.00,52731.00
TL,İRSM,50,0.37,0.50,"2,1-3,3",İRSM 127 İR 43 / 71 M4b,İRSM 127 İR 43,71 M4b,50188.00,51994.00
TL,İRSM,50,0.37,0.50,"1,6-3,2",İRSM 102 İRS 52 / 71 M4b,İRSM 102 İRS 52,71 M4b,36994.00,38436.00
TL,İRSM,50,0.37,0.50,"2,2-3,6",İRSM 102 İR 43 / 71 M4b,İRSM 102 İR 43,71 M4b,38863.00,40305.00
TL,İRSM,50,0.37,0.50,"4,1-9,5",İRSM 102 İR 42 / 71 M4b,İRSM 102 İR 42,71 M4b,38713.00,40155.00
TL,İRSM,50,0.37,0.50,15-93,İRSM 65 / 80 M6a,İRSM 65,80 M6a,17052.00,17691.00
TL,İRSM,50,0.37,0.50,15-125,İRSM 52 / 80 M6a,İRSM 52,80 M6a,14711.00,15221.00
TL,İRSM,50,0.37,0.50,22-192,İRSM 52 / 71 M4b,İRSM 52,71 M4b,13466.00,13976.00
TL,İRSM,50,0.55,0.50,"1,1-5,9",İRSM 127 İRS 65 / 80 M4a,İRSM 127 İRS 65,80 M4a,51945.00,53751.00
TL,İRSM,50,0.55,0.75,"2,5-4,5",İRSM 127 İR 52 / 80 M4a,İRSM 127 İR 52,80 M4a,53239.00,55045.00
TL,İRSM,50,0.55,0.75,"2,4-6,3",İRSM 102 İRS 52 / 80 M4a,İRSM 102 İRS 52,80 M4a,38014.00,39456.00
TL,İRSM,50,0.55,0.75,"5,3-9,3",İRSM 102 İR 42 / 80 M4a,İRSM 102 İR 42,80 M4a,39733.00,41175.00
TL,İRSM,50,0.55,0.75,"14,5-30",İRSM 82 / 80 M6b,İRSM 82,80 M6b,22073.00,23034.00
TL,İRSM,50,0.55,0.75,18-30,İRSM 65 / 80 M6b,İRSM 65,80 M6b,18131.00,18770.00
TL,İRSM,50,0.55,0.75,27-140,İRSM 65 / 80 M4a,İRSM 65,80 M4a,16827.00,17466.00
TL,İRSM,50,0.55,0.75,23-123,İRSM 52 / 80 M6b,İRSM 52,80 M6b,15790.00,16300.00
TL,İRSM,50,0.55,0.75,22-188,İRSM 52 / 80 M4a,İRSM 52,80 M4a,14486.00,14996.00
TL,İRSM,50,0.75,0.75,"0,9-2,4",İRSM 162 İRS 82 / 80 M4b,İRSM 162 İRS 82,80 M4b,132650.00,139427.00
TL,İRSM,50,0.75,1,"2,3-6,1",İRSM 127 İRS 65 / 80 M4b,İRSM 127 İRS 65,80 M4b,53482.00,55288.00
TL,İRSM,50,0.75,1,"2,6-7,2",İRSM 127 İR 52 / 80 M4b,İRSM 127 İR 52,80 M4b,54776.00,56582.00
TL,İRSM,50,0.75,1,"3,2-13",İRSM 102 İRS 52 / 80 M4b,İRSM 102 İRS 52,80 M4b,39551.00,40993.00
TL,İRSM,50,0.75,1,15-46,İRSM 82 / 90 S6,İRSM 82,90 S6,22876.00,23837.00
TL,İRSM,50,0.75,1,18-94,İRSM 65 / 90 S6,İRSM 65,90 S6,18934.00,19573.00
TL,İRSM,50,0.75,1,17-188,İRSM 65 / 80 M4b,İRSM 65,80 M4b,18364.00,19003.00
TL,İRSM,50,0.75,1,28-194,İRSM 52 / 80 M4b,İRSM 52,80 M4b,16023.00,16533.00
TL,İRSM,50,1.1,1,"1,6-4,7",İRSM 162 İRS 82 / 90 S4,İRSM 162 İRS 82,90 S4,133766.00,140543.00
TL,İRSM,50,1.1,1.5,"1,9-2,6",İRSM 162 İR 63 / 90 S4,İRSM 162 İR 63,90 S4,137432.00,144209.00
TL,İRSM,50,1.1,1.5,"3,0-5,9",İRSM 127 İRS 65 / 90 S4,İRSM 127 İRS 65,90 S4,54598.00,56404.00
TL,İRSM,50,1.1,1.5,"3,8-13",İRSM 127 İR 52 / 90 S4,İRSM 127 İR 52,90 S4,55892.00,57698.00
TL,İRSM,50,1.1,1.5,11-18,İRSM 102 / 90 L6,İRSM 102,90 L6,30771.00,32213.00
TL,İRSM,50,1.1,1.5,15-94,İRSM 82 / 90 L6,İRSM 82,90 L6,24342.00,25303.00
TL,İRSM,50,1.1,1.5,23-32,İRSM 82 / 90 S4,İRSM 82,90 S4,23422.00,24383.00
TL,İRSM,50,1.1,1.5,24-126,İRSM 65 / 90 L6,İRSM 65,90 L6,20400.00,21039.00
TL,İRSM,50,1.1,1.5,28-190,İRSM 65 / 90 S4,İRSM 65,90 S4,19480.00,20119.00
TL,İRSM,51,1.5,,"2,4-4,7",İRSM 162 İRS 82 / 90 L4,İRSM 162 İRS 82,90 L4,134713.00,141490.00
TL,İRSM,51,1.5,2,"4,7-11",İRSM 127 İR 52 / 90 L4,İRSM 127 İR 52,90 L4,56839.00,58645.00
TL,İRSM,51,1.5,2,"11,5-23,5",İRSM 127 / 100 L6,İRSM 127,100 L6,43243.00,45049.00
TL,İRSM,51,1.5,2,"11,5-47",İRSM 102 / 100 L6,İRSM 102,100 L6,32458.00,33900.00
TL,İRSM,51,1.5,2,18-95,İRSM 82 / 100 L6,İRSM 82,100 L6,26029.00,26990.00
TL,İRSM,51,1.5,2,23-143,İRSM 82 / 90 L4,İRSM 82,90 L4,24369.00,25330.00
TL,İRSM,51,1.5,2,28-190,İRSM 65 / 90 L4,İRSM 65,90 L4,20427.00,21066.00
TL,İRSM,51,2.2,2,"3,9-13",İRSM 162 İR 62 / 100 L4a,İRSM 162 İR 62,100 L4a,139936.00,146713.00
TL,İRSM,51,2.2,3,11-23,İRSM 162 / 112 M6,İRSM 162,112 M6,117834.00,124611.00
TL,İRSM,51,2.2,3,11-30,İRSM 127 / 112 M6,İRSM 127,112 M6,46729.00,48535.00
TL,İRSM,51,2.2,3,17-36,İRSM 127 / 100 L4a,İRSM 127,100 L4a,43735.00,45541.00
TL,İRSM,51,2.2,3,17-191,İRSM 102 / 100 L4a,İRSM 102,100 L4a,32950.00,34392.00
TL,İRSM,51,2.2,3,27-143,İRSM 82 / 100 L4a,İRSM 82,100 L4a,26521.00,27482.00
TL,İRSM,51,3.0,3,11-15,İRSM 201 İR 72 / 100 L4b,İRSM 201 İR 72,100 L4b,247761.00,261006.00
TL,İRSM,51,3.0,4,11-32,İRSM 162 / 132 S6,İRSM 162,132 S6,122711.00,129488.00
TL,İRSM,51,3.0,4,17-143,İRSM 127 / 100 L4b,İRSM 127,100 L4b,45590.00,47396.00
TL,İRSM,51,3.0,4,23-191,İRSM 102 / 100 L4b,İRSM 102,100 L4b,34805.00,36247.00
TL,İRSM,51,3.0,4,36-191,İRSM 82 / 100 L4b,İRSM 82,100 L4b,28376.00,29337.00
TL,İRSM,51,4.0,4,"5,2-15",İRSM 201 İR 72 / 112M4,İRSM 201 İR 72,112M4,250906.00,264151.00
TL,İRSM,51,4.0,5.5,11-24,İRSM 201 / 132 M6,İRSM 201,132 M6,215132.00,228377.00
TL,İRSM,51,4.0,5.5,11-46,İRSM 162 / 132 M6,İRSM 162,132 M6,124451.00,131228.00
TL,İRSM,51,4.0,5.5,"17,5-112",İRSM 127 / 112 M4,İRSM 127,112 M4,48735.00,50541.00
TL,İRSM,51,4.0,5.5,29-194,İRSM 102 / 112 M4,İRSM 102,112 M4,37950.00,39392.00
TL,İRSM,51,4.0,5.5,48-191,İRSM 82 / 112 M4,İRSM 82,112 M4,31521.00,32482.00
TL,İRSM,51,5.5,5.5,11-24,İRSM 201 / 132 M6,İRSM 201,132 M6,219933.00,233178.00
TL,İRSM,51,5.5,7.5,11-64,İRSM 162 / 132 M6,İRSM 162,132 M6,129252.00,136029.00
TL,İRSM,51,5.5,7.5,17-98,İRSM 162 / 132 S4,İRSM 162,132 S4,124282.00,131059.00
TL,İRSM,51,5.5,7.5,22-146,İRSM 127 / 132 S4,İRSM 127,132 S4,53177.00,54983.00
TL,İRSM,51,7.5,7.5,11-24,İRSM 201 / 160 M6,İRSM 201,160 M6,229982.00,243227.00
TL,İRSM,51,7.5,10,18-64,İRSM 162 / 160 M6,İRSM 162,160 M6,139301.00,146078.00
TL,İRSM,51,7.5,10,17-98,İRSM 162 / 132 M4,İRSM 162,132 M4,127834.00,134611.00
TL,İRSM,51,7.5,10,36-183,İRSM 127 / 132 M4,İRSM 127,132 M4,56729.00,58535.00
TL,İRSM,51,11,10,18-48,İRSM 250 / 160 L6b,İRSM 250,160 L6b,328581.00,352219.00
TL,İRSM,51,11,15,15-32,İRSM 201 / 160 L6b,İRSM 201,160 L6b,239640.00,252885.00
TL,İRSM,51,11,15,18-64,İRSM 162 / 160 L6b,İRSM 162,160 L6b,148959.00,155736.00
TL,İRSM,51,11,15,27-195,İRSM 162 / 160 M4,İRSM 162,160 M4,142124.00,148901.00
TL,İRSM,51,15,15,15-48,İRSM 250 / 180 L6a,İRSM 250,180 L6a,338002.00,361640.00
TL,İRSM,51,15,20,28-146,İRSM 250 / 160 L4a,İRSM 250,160 L4a,329085.00,352723.00
TL,İRSM,51,15,20,27-195,İRSM 201 / 160 L4a,İRSM 201,160 L4a,240144.00,253389.00
TL,İRSM,51,15,20,35-195,İRSM 162 / 160 L4a,İRSM 162,160 L4a,149463.00,156240.00
TL,İRSM,51,18.5,25,28-190,İRSM 250 / 180 M4b,İRSM 250,180 M4b,338561.00,362199.00
TL,İRSM,51,22,30,28-190,İRSM 250 / 180L4b,İRSM 250,180L4b,344464.00,368102.00
TL,SM,53,0.12,,"0,28-047",SM 110 S50 / 63 M4a,SM 110 S50,63 M4a,25408.00,26854.00
TL,SM,53,0.12,0.18,"0,58-0,78",SM 90 S40 / 63 M4a,SM 90 S40,63 M4a,19573.00,20196.00
TL,SM,53,0.12,0.18,"0,9-5,5",SM 75 S40 / 63M4a,SM 75 S40,63M4a,15910.00,16428.00
TL,SM,53,0.12,0.18,"1,5-9,0",SM 63 S30 / 63M4a,SM 63 S30,63M4a,12753.00,13074.00
TL,SM,53,0.12,0.18,"2,7-14",SM 50 S30 / 63M4a,SM 50 S30,63M4a,11173.00,11431.00
TL,SM,53,0.12,0.18,14-17,SM 50 / 63 M4a,SM 50,63 M4a,8395.00,8653.00
TL,SM,53,0.12,0.18,14-68,SM 40 / 63 M4a,SM 40,63 M4a,7381.00,7590.00
TL,SM,53,0.12,0.18,27-182,SM 30 / 63 M4a,SM 30,63 M4a,6230.00,6394.00
TL,SM,53,0.18,0.18,"0,58-0,78",SM 110 S50 / 63 M4b,SM 110 S50,63 M4b,25664.00,27110.00
TL,SM,53,0.18,0.25,"0,93-1,20",SM 90 S40 / 63 M4b,SM 90 S40,63 M4b,19829.00,20452.00
TL,SM,53,0.18,0.25,"1,5-6,7",SM 75 S40 / 63M4b,SM 75 S40,63M4b,16166.00,16684.00
TL,SM,53,0.18,0.25,"2,7-13,4",SM 63 S30 / 63M4b,SM 63 S30,63M4b,13009.00,13330.00
TL,SM,53,0.18,0.25,"4,5-9,0",SM 50 S30 / 63M4b,SM 50 S30,63M4b,11429.00,11687.00
TL,SM,53,0.18,0.25,"9,2-23",SM 63 / 71 M6a,SM 63,71 M6a,11103.00,11424.00
TL,SM,53,0.18,0.25,23-46,SM 50 / 71 M6a,SM 50,71 M6a,9538.00,9796.00
TL,SM,53,0.18,0.25,13-17,SM 50 / 63 M4b,SM 50,63 M4b,8651.00,8909.00
TL,SM,53,0.18,0.25,23-91,SM 40 / 71 M6a,SM 40,71 M6a,8524.00,8733.00
TL,SM,53,0.18,0.25,22-89,SM 40 / 63 M4b,SM 40,63 M4b,7637.00,7846.00
TL,SM,53,0.18,0.25,45-178,SM 30 / 63 M4b,SM 30,63 M4b,6486.00,6650.00
TL,SM,53,0.25,0.25,"0,28-0,78",SM 150 S63 / 71 M4a,SM 150 S63,71 M4a,45291.00,47272.00
TL,SM,53,0.25,0.34,"0,28-0,58",SM 130 S63 / 71 M4a,SM 130 S63,71 M4a,31974.00,33761.00
TL,SM,53,0.25,0.34,"0,78-1,20",SM 110 S50 / 71 M4a,SM 110 S50,71 M4a,25867.00,27313.00
TL,SM,53,0.25,0.34,"1,6-2,3",SM 90 S40 / 71 M4a,SM 90 S40,71 M4a,20032.00,20655.00
TL,SM,53,0.25,0.34,"2,8-14",SM 75 S40 / 71 M4a,SM 75 S40,71 M4a,16369.00,16887.00
TL,SM,53,0.25,0.34,"9,2-23",SM 63 / 71 M6b,SM 63,71 M6b,11480.00,11801.00
TL,SM,53,0.25,0.34,14-34,SM 63 / 71 M4a,SM 63,71 M4a,10419.00,10740.00
TL,SM,53,0.25,0.34,15-61,SM 50 / 71 M6b,SM 50,71 M6b,9915.00,10173.00
TL,SM,53,0.25,0.34,17-69,SM 50 / 71 M4a,SM 50,71 M4a,8854.00,9112.00
TL,SM,53,0.25,0.34,30-122,SM 40 / 71 M6b,SM 40,71 M6b,8901.00,9110.00
TL,SM,53,0.25,0.34,34-138,SM 40 / 71 M4a,SM 40,71 M4a,7840.00,8049.00
TL,SM,53,0.37,0.34,"0,47-0,78",SM 150 S63 / 71 M4b,SM 150 S63,71 M4b,45597.00,47578.00
TL,SM,53,0.37,0.50,"0,78-0,93",SM 130 S63/ 71 M4b,SM 130 S63,71 M4b,32280.00,34067.00
TL,SM,53,0.37,0.50,"1,2-1,9",SM 110 S50 / 71 M4b,SM 110 S50,71 M4b,26173.00,27619.00
TL,SM,53,0.37,0.50,"2,3-4,7",SM 90 S40 / 71 M4b,SM 90 S40,71 M4b,20338.00,20961.00
TL,SM,53,0.37,0.50,"3,5-14",SM 75 S40 / 71 M4b,SM 75 S40,71 M4b,16675.00,17193.00
TL,SM,53,0.37,0.50,"9,0-11",SM 90 / 80 M6a,SM 90,80 M6a,16401.00,17024.00
TL,SM,53,0.37,0.50,"9,1-36",SM 75 / 80 M6a,SM 75,80 M6a,13843.00,14361.00
TL,SM,53,0.37,0.50,11-45,SM 63 / 80 M6a,SM 63,80 M6a,11908.00,12229.00
TL,SM,53,0.37,0.50,14-35,SM 63 / 71 M4b,SM 63,71 M4b,10725.00,11046.00
TL,SM,53,0.37,0.50,30-91,SM 50 / 80 M6a,SM 50,80 M6a,10343.00,10601.00
TL,SM,53,0.37,0.50,23-98,SM 50 / 71 M4b,SM 50,71 M4b,9160.00,9418.00
TL,SM,53,0.37,0.50,46-185,SM 40 / 71 M4b,SM 40,71 M4b,8146.00,8355.00
TL,SM,54,0.55,,"0,58-0,78",SM 150 S63 / 80 M4a,SM 150 S63,80 M4a,46331.00,48312.00
TL,SM,54,0.55,0.75,"1,2-2,8",SM 130 S63 / 80 M4a,SM 130 S63,80 M4a,33156.00,34943.00
TL,SM,54,0.55,0.75,"1,9-4,7",SM 110 S50 / 80 M4a,SM 110 S50,80 M4a,27115.00,28561.00
TL,SM,54,0.55,0.75,"9,0-18",SM 90 / 80 M6b,SM 90,80 M6b,17311.00,17934.00
TL,SM,54,0.55,0.75,14-18,SM 90 / 80 M4a,SM 90,80 M4a,16278.00,16901.00
TL,SM,54,0.55,0.75,11-22,SM 75 / 80 M6b,SM 75,80 M6b,14780.00,15298.00
TL,SM,54,0.55,0.75,14-34,SM 75 / 80 M4a,SM 75,80 M4a,13747.00,14265.00
TL,SM,54,0.55,0.75,15-30,SM 63 / 80 M6b,SM 63,80 M6b,12866.00,13187.00
TL,SM,54,0.55,0.75,17-91,SM 63 / 80 M4a,SM 63,80 M4a,11833.00,12154.00
TL,SM,54,0.55,0.75,30-60,SM 50 / 80 M6b,SM 50,80 M6b,11318.00,11576.00
TL,SM,54,0.55,0.75,45-182,SM 50 / 80 M4a,SM 50,80 M4a,10285.00,10543.00
TL,SM,54,0.75,0.75,"1,2-2,8",SM 150 S63 / 80 M4b,SM 150 S63,80 M4b,47586.00,49567.00
TL,SM,54,0.75,1,"1,6-2,8",SM 130 S63 / 80 M4b,SM 130 S63,80 M4b,34411.00,36198.00
TL,SM,54,0.75,1,"3,5-4,7",SM 110 S50 / 80 M4b,SM 110 S50,80 M4b,28370.00,29816.00
TL,SM,54,0.75,1,15-30,SM 90 / 90 S6,SM 90,90 S6,18074.00,18697.00
TL,SM,54,0.75,1,14-28,SM 90 / 80 M4b,SM 90,80 M4b,17533.00,18156.00
TL,SM,54,0.75,1,15-60,SM 75 / 90 S6,SM 75,90 S6,15543.00,16061.00
TL,SM,54,0.75,1,18-70,SM 75 / 80 M4b,SM 75,80 M4b,15002.00,15520.00
TL,SM,54,0.75,1,30-123,SM 63 / 90 S6,SM 63,90 S6,13629.00,13950.00
TL,SM,54,0.75,1,28-94,SM 63 / 80 M4b,SM 63,80 M4b,13088.00,13409.00
TL,SM,54,0.75,1,47-188,SM 50 / 80 M4b,SM 50,80 M4b,11540.00,11798.00
TL,SM,54,1.1,1,"1,9-9,3",SM 150 S63 / 90 S4a,SM 150 S63,90 S4a,48646.00,50627.00
TL,SM,54,1.1,1.5,"2,8-4,7",SM 130 S63 / 90 S4a,SM 130 S63,90 S4a,35471.00,37258.00
TL,SM,54,1.1,1.5,14-18,SM 130 / 90 S4a,SM 130,90 S4a,29224.00,31011.00
TL,SM,54,1.1,1.5,14-28,SM 110 / 90 S4a,SM 110,90 S4a,24647.00,26093.00
TL,SM,54,1.1,1.5,15-36,SM 90 / 90 L6,SM 90,90 L6,19467.00,20090.00
TL,SM,54,1.1,1.5,23-35,SM 90 / 90 S4a,SM 90,90 S4a,18593.00,19216.00
TL,SM,54,1.1,1.5,24-126,SM 75 / 90 L6,SM 75,90 L6,16936.00,17454.00
TL,SM,54,1.1,1.5,24-95,SM 75 / 90 S4a,SM 75,90 S4a,16062.00,16580.00
TL,SM,54,1.1,1.5,47-126,SM 63 / 90 L6,SM 63,90 L6,15022.00,15343.00
TL,SM,54,1.1,1.5,47-190,SM 63 / 90 S4a,SM 63,90 S4a,14148.00,14469.00
TL,SM,54,1.5,1.5,"2,3-9,3",SM 150 S63 / 90 L4a,SM 150 S63,90 L4a,49545.00,51526.00
TL,SM,54,1.5,2,"3,5-4,7",SM 130 S63 / 90 L4a,SM 130 S63,90 L4a,36370.00,38157.00
TL,SM,54,1.5,2,14-18,SM 130 / 90 L4a,SM 130,90 L4a,30123.00,31910.00
TL,SM,54,1.5,2,18-35,SM 110 / 90 L4a,SM 110,90 L4a,25546.00,26992.00
TL,SM,54,1.5,2,30-90,SM 90 / 100 L6,SM 90,100 L6,21069.00,21692.00
TL,SM,54,1.5,2,23-70,SM 90 / 90 L4a,SM 90,90 L4a,19492.00,20115.00
TL,SM,54,1.5,2,45-120,SM 75 / 100 L6,SM 75,100 L6,18538.00,19056.00
TL,SM,54,1.5,2,47-140,SM 75 / 90 L4a,SM 75,90 L4a,16961.00,17479.00
TL,SM,54,1.5,2,71-190,SM 63 / 90 L4a,SM 63,90 L4a,15047.00,15368.00
TL,SM,54,2.2,2,14-28,SM 150 / 100 L4a,SM 150,100 L4a,45360.00,47341.00
TL,SM,54,2.2,3,18-35,SM 130 / 100 L4a,SM 130,100 L4a,32168.00,33955.00
TL,SM,54,2.2,3,23-70,SM 110 / 100 L4a,SM 110,100 L4a,27591.00,29037.00
TL,SM,54,2.2,3,45-120,SM 90 / 112 M6a,SM 90,112 M6a,24381.00,25004.00
TL,SM,54,2.2,3,47-187,SM 90 / 100 L4a,SM 90,100 L4a,21537.00,22160.00
TL,SM,54,2.2,3,72-191,SM 75 / 100 L4a,SM 75,100 L4a,19006.00,19524.00
TL,SM,55,3.0,,14-28,SM 150 / 100 L4b,SM 150,100 L4b,47122.00,49103.00
TL,SM,55,3.0,4,18-56,SM 130 / 100 L4b,SM 130,100 L4b,33930.00,35717.00
TL,SM,55,3.0,4,28-93,SM 110 / 100 L4b,SM 110,100 L4b,29353.00,30799.00
TL,SM,55,3.0,4,47-187,SM 90 / 100 L4b,SM 90,100 L4b,23299.00,23922.00
TL,SM,55,4.0,4,18-28,SM 150 / 112 M4b,SM 150,112 M4b,50110.00,52091.00
TL,SM,55,4.0,5.5,23-56,SM 130 / 112 M4b,SM 130,112 M4b,36918.00,38705.00
TL,SM,55,4.0,5.5,35-140,SM 110 / 112 M4b,SM 110,112 M4b,32341.00,33787.00
TL,SM,55,4.0,5.5,70-187,SM 90 / 112 M4b,SM 90,112 M4b,26287.00,26910.00
TL,SM,55,5.5,5.5,23-70,SM 150 / 132 S4c,SM 150,132 S4c,54330.00,56311.00
TL,SM,55,5.5,7.5,35-140,SM 130 / 132 S4c,SM 130,132 S4c,41138.00,42925.00
TL,SM,55,5.5,7.5,70-187,SM 110 / 132 S4c,SM 110,132 S4c,36561.00,38007.00
TL,SM,55,7.5,7.5,35-70,SM 150 / 132 M4a,SM 150,132 M4a,57704.00,59685.00
TL,SM,55,7.5,10,35-187,SM 130 / 132 M4a,SM 130,132 M4a,44512.00,46299.00
TL,SM,55,7.5,10,93-187,SM 110 / 132 M4a,SM 110,132 M4a,39935.00,41381.00
TL,SM,55,11,15,35-70,SM 150 / 160 M4a,SM 150,160 M4a,71280.00,73261.00
TL,SM,55,15,20,35-70,SM 150 / 160 L4a,SM 150,160 L4a,78252.00,80233.00
TL,İRSDM,57,0.12,0.18,"5,4-16",İRSDPM 43 / 63M4a(*P),İRSDPM 43,63M4a(*P),21090.00,21773.00
TL,İRSDM,57,0.18,0.18,"3,4-5,0",İRSDM 63 / 71 M6a,İRSDM 63,71 M6a,35065.00,36152.00
TL,İRSDM,57,0.18,0.25,"3,3-7,0",İRSDM 53 / 71 M6a,İRSDM 53,71 M6a,28068.00,28913.00
TL,İRSDM,57,0.18,0.25,"6,3-32",İRSDPM 43 / 63M4b(*P),İRSDPM 43,63M4b(*P),21360.00,22043.00
TL,İRSDM,57,0.25,0.25,"2,1-2,7",İRSDM 83 / 71 M6b,İRSDM 83,71 M6b,81385.00,83694.00
TL,İRSDM,57,0.25,0.34,"3,4-5,0",İRSDM 63 / 71 M6b,İRSDM 63,71 M6b,35065.00,36152.00
TL,İRSDM,57,0.25,0.34,"5,2-8,2",İRSDM 63 / 71 M4a,İRSDM 63,71 M4a,34345.00,35432.00
TL,İRSDM,57,0.25,0.34,"3,8-9,0",İRSDM 53 / 71 M6b,İRSDM 53,71 M6b,28068.00,28913.00
TL,İRSDM,57,0.25,0.34,"5,1-18",İRSDM 53 / 71 M4a,İRSDM 53,71 M4a,27348.00,28193.00
TL,İRSDM,57,0.25,0.34,"9,7-63",İRSDM 43 / 71M4a,İRSDM 43,71M4a,21573.00,22256.00
TL,İRSDM,57,0.37,0.34,"2,1-3,8",İRSDM 83 / 80 M6a,İRSDM 83,80 M6a,82233.00,84542.00
TL,İRSDM,57,0.37,0.50,"2,6-4,3",İRSDM 73 / 80 M6a,İRSDM 73,80 M6a,46947.00,48502.00
TL,İRSDM,57,0.37,0.50,"4,1-5,3",İRSDM 73 / 71 M4b,İRSDM 73,71 M4b,45702.00,47257.00
TL,İRSDM,57,0.37,0.50,"3,4-4,9",İRSDM 63 / 80 M6a,İRSDM 63,80 M6a,35913.00,37000.00
TL,İRSDM,57,0.37,0.50,"5,2-13",İRSDM 63 / 71 M4b,İRSDM 63,71 M4b,34668.00,35755.00
TL,İRSDM,57,0.37,0.50,"5,4-9,0",İRSDM 53 / 80 M6a,İRSDM 53,80 M6a,28916.00,29761.00
TL,İRSDM,57,0.37,0.50,"6,8-28",İRSDM 53 / 71 M4b,İRSDM 53,71 M4b,27671.00,28516.00
TL,İRSDM,57,0.37,0.50,12-93,İRSDM 43 / 71 M4b,İRSDM 43,71 M4b,21896.00,22579.00
TL,İRSDM,57,0.55,0.50,"2,1-4,8",İRSDM 83 / 80 M6b,İRSDM 83,80 M6b,83312.00,85621.00
TL,İRSDM,57,0.55,0.75,"3,3-6,0",İRSDM 83 / 80 M4a,İRSDM 83,80 M4a,82008.00,84317.00
TL,İRSDM,57,0.55,0.75,"2,6-4,3",İRSDM 73 / 80 M6b,İRSDM 73,80 M6b,48026.00,49581.00
TL,İRSDM,57,0.55,0.75,"4,1-11",İRSDM 73 / 80 M4a,İRSDM 73,80 M4a,46722.00,48277.00
TL,İRSDM,57,0.55,0.75,"3,9-5,0",İRSDM 63 / 80 M6b,İRSDM 63,80 M6b,36992.00,38079.00
TL,İRSDM,57,0.55,0.75,"5,2-23",İRSDM 63 / 80 M4a,İRSDM 63,80 M4a,35688.00,36775.00
TL,İRSDM,57,0.55,0.75,"7,0-9,0",İRSDM 53 / 80 M6b,İRSDM 53,80 M6b,29995.00,30840.00
TL,İRSDM,57,0.55,0.75,"8,4-63",İRSDM 53 / 80 M4a,İRSDM 53,80 M4a,28691.00,29536.00
TL,İRSDM,57,0.55,0.75,16-93,İRSDM 43 / 80 M4a,İRSDM 43,80 M4a,22916.00,23599.00
TL,İRSDM,57,0.75,0.75,"1,8-2,5",İRSDPM 103 / 90 S6(*P),İRSDPM 103,90 S6(*P),141070.00,146138.00
TL,İRSDM,57,0.75,1.0,"2,1-4,8",İRSDM 83 / 90 S6a,İRSDM 83,90 S6a,84115.00,86424.00
TL,İRSDM,57,0.75,1.0,"3,3-7,5",İRSDM 83 / 80 M4b,İRSDM 83,80 M4b,83545.00,85854.00
TL,İRSDM,57,0.75,1.0,"3,0-4,3",İRSDM 73 / 90 S6a,İRSDM 73,90 S6a,48829.00,50384.00
TL,İRSDM,57,0.75,1.0,"4,1-14",İRSDM 73 / 80 M4b,İRSDM 73,80 M4b,48259.00,49814.00
TL,İRSDM,57,0.75,1.0,"6,1-29",İRSDM 63 / 80 M4b,İRSDM 63,80 M4b,37225.00,38312.00
TL,İRSDM,57,0.75,1.0,11-83,İRSDM 53 / 80 M4b,İRSDM 53,80 M4b,30228.00,31073.00
TL,İRSDM,57,0.75,1.0,21-93,İRSDM 43 / 80 M4b,İRSDM 43,80 M4b,24453.00,25136.00
TL,İRSDM,57,1.1,1.0,"1,8-2,5",İRSDPM 103 / 90 L6b(*P),İRSDPM 103,90 L6b(*P),142536.00,147604.00
TL,İRSDM,57,1.1,1.5,"2,7-4,8",İRSDM 83 / 90 L6b,İRSDM 83,90 L6b,85581.00,87890.00
TL,İRSDM,57,1.1,1.5,"3,3-9,7",İRSDM 83 / 90 S4a,İRSDM 83,90 S4a,84661.00,86970.00
TL,İRSDM,57,1.1,1.5,"4,7-20",İRSDM 73 / 90 S4a,İRSDM 73,90 S4a,49375.00,50930.00
TL,İRSDM,57,1.1,1.5,"9,6-35",İRSDM 63 / 90 S4a,İRSDM 63,90 S4a,38341.00,39896.00
TL,İRSDM,57,1.1,1.5,16-83,İRSDM 53 / 90 S4a,İRSDM 53,90 S4a,31344.00,32189.00
TL,İRSDM,57,1.1,1.5,54-93,İRSDM 43 / 90 S4a,İRSDM 43,90 S4a,25569.00,26252.00
TL,İRSDM,57,1.5,1.5,"1,8-2,5",İRSDPM 103 / 100 L6a(*P),İRSDPM 103,100 L6a(*P),146056.00,151124.00
TL,İRSDM,57,1.5,2.0,"2,8-5,7",İRSDM 103 / 90 L4a,İRSDM 103,90 L4a,136425.00,141493.00
TL,İRSDM,57,1.5,2.0,"3,4-4,8",İRSDM 83 / 100 L6a,İRSDM 83,100 L6a,87268.00,89577.00
TL,İRSDM,57,1.5,2.0,"4,1-13",İRSDM 83 / 90 L4a,İRSDM 83,90 L4a,85608.00,87917.00
TL,İRSDM,57,1.5,2.0,"6,7-38",İRSDM 73 / 90 L4a,İRSDM 73,90 L4a,50322.00,51877.00
TL,İRSDM,57,1.5,2.0,13-35,İRSDM 63 / 90 L4a,İRSDM 63,90 L4a,39288.00,40375.00
TL,İRSDM,57,1.5,2.0,23-83,İRSDM 53 / 90 L4a,İRSDM 53,90 L4a,32291.00,33136.00
TL,İRSDM,57,1.5,2.0,82-93,IRSDM 43 / 90 L4a - 56 -,IRSDM 43,90 L4a - 56 -,26516.00,27199.00
TL,İRSDM,58,2.2,,"2,8-11",İRSDM 103 / 100 L4a,İRSDM 103,100 L4a,138577.00,143645.00
TL,İRSDM,58,2.2,3.0,"4,3-4,8",İRSDM 83 / 112 M6a,İRSDM 83,112 M6a,90754.00,93063.00
TL,İRSDM,58,2.2,3.0,"5,3-25",İRSDM 83 / 100 L4a,İRSDM 83,100 L4a,87760.00,90069.00
TL,İRSDM,58,2.2,3.0,"9,6-70",İRSDM 73 / 100 L4a,İRSDM 73,100 L4a,52474.00,54029.00
TL,İRSDM,58,2.2,3.0,17-35,İRSDM 63 / 100 L4a,İRSDM 63,100 L4a,41440.00,42527.00
TL,İRSDM,58,2.2,3.0,41-83,İRSDM 53 / 100 L4a,İRSDM 53,100 L4a,34443.00,35288.00
TL,İRSDM,58,3.0,3.0,"3,5-13",İRSDM 103 / 100 L4b,İRSDM 103,100 L4b,140432.00,145500.00
TL,İRSDM,58,3.0,4.0,"6,7-41",İRSDM 83 /100 L4b,İRSDM 83,100 L4b,89615.00,91924.00
TL,İRSDM,58,3.0,4.0,12-85,İRSDM 73 / 100 L4b,İRSDM 73,100 L4b,54329.00,55884.00
TL,İRSDM,58,3.0,4.0,25-35,İRSDM 63 / 100 L4b,İRSDM 63,100 L4b,43295.00,44382.00
TL,İRSDM,58,4.0,4.0,"4,5-22",İRSDM 103 / 112 M4,İRSDM 103,112 M4,143577.00,148645.00
TL,İRSDM,58,4.0,5.5,"8,6-41",İRSDM 83 / 112 M4,İRSDM 83,112 M4,92760.00,95069.00
TL,İRSDM,58,4.0,5.5,15-85,İRSDM 73 / 112 M4,İRSDM 73,112 M4,57474.00,59029.00
TL,İRSDM,58,5.5,5.5,"6,3-33",İRSDM 103 / 132 S4c,İRSDM 103,132 S4c,148019.00,153087.00
TL,İRSDM,58,5.5,7.5,11-41,İRSDM 83 / 132 S4c,İRSDM 83,132 S4c,97202.00,99511.00
TL,İRSDM,58,5.5,7.5,20-85,İRSDM 73 / 132 S4c,İRSDM 73,132 S4c,61916.00,63471.00
TL,İRSDM,58,7.5,7.5,"8,2-64",İRSDM 103 / 132 M4b,İRSDM 103,132 M4b,151571.00,156639.00
TL,İRSDM,58,7.5,10,15-41,İRSDM 83 / 132 M4b,İRSDM 83,132 M4b,100754.00,103063.00
TL,İRSDM,58,7.5,10,35-85,İRSDM 73 / 132 M4b,İRSDM 73,132 M4b,65468.00,67023.00
TL,İRSDM,58,11,10,12-64,İRSDM 103 / 160 M4b,İRSDM 103,160 M4b,165861.00,170929.00
TL,İRSDM,58,11,15,24-128,İRSDM 103 / 160 M2a,İRSDM 103,160 M2a,163079.00,168147.00
TL,İRSDM,58,11,15,28-41,İRSDM 83 / 160 M4b,İRSDM 83,160 M4b,115044.00,117353.00
TL,İRSDM,58,15,20,15-64,İRSDM 103 / 160 M4b,İRSDM 103,160 M4b,173200.00,178268.00
TL,İRCM,60,0.18,,"9-10,5 d/d",İRCPM 63 / 63 M4a(*P),İRCPM 63,63 M4a(*P),22558.00,
TL,İRCM,60,0.25,,12-21 d/d,İRCM 73 / 71 M4a,İRCM 73,71 M4a,33061.00,
TL,İRCM,60,0.25,,"9-14,5 d/d",İRCM 63 / 71 M4a,İRCM 63,71 M4a,23061.00,
TL,İRCM,60,0.37,,21-21 d/d,İRCM 73 / 71 M4b,İRCM 73,71 M4b,33444.00,
TL,İRCM,60,0.37,,"9,5-35 d/d",İRCM 63 / 71 M4b,İRCM 63,71 M4b,23420.00,
TL,İRCM,60,0.55,,12-33 d/d,İRCM 73 / 80 M4a,İRCM 73,80 M4a,34478.00,
TL,İRCM,60,0.55,,13-53 d/d,İRCM 63 / 80 M4a,İRCM 63,80 M4a,24484.00,
TL,İRCM,60,0.75,,12-53 d/d,İRCM 73 / 80 L4a,İRCM 73,80 L4a,36598.00,
TL,İRCM,60,0.75,,18-55 d/d,İRCM 63 / 80 L4a,İRCM 63,80 L4a,26559.00,
TL,İRCM,60,1.1,,12-59 d/d,İRCM 73 / 90 S4,İRCM 73,90 S4,38115.00,
TL,İRCM,60,1.1,,23-55 d/d,İRCM 63 / 90 S4,İRCM 63,90 S4,28018.00,
TL,İRCM,60,1.5,,12-59 d/d,İRCM 73 / 90 L4a,İRCM 73,90 L4a,39362.00,
TL,İRCM,60,1.5,,33-55 d/d,İRCM 63 / 90 L4a,İRCM 63,90 L4a,29261.00,
TL,İRCM,60,2.2,,16-59 d/d,İRCM 73 / 100 L4a,İRCM 73,100 L4a,41610.00,
TL,İRCM,60,2.2,,50-55 d/d,İRCM 63 / 100 L4a,İRCM 63,100 L4a,31637.00,
TL,İRCM,60,3,,21-59 d/d,İRCM 73 / 100 L4b,İRCM 73,100 L4b,43490.00,
TL,İRCM,60,4,,33-59 d/d,İRCM 73 / 112 M4b,İRCM 73,112 M4b,47146.00,
TL,İRCM,60,5.5,,53-59 d/d,İRCM 73 / 132 S4c,İRCM 73,132 S4c,51767.00,
TL,İRCM,60,,,,Tambur Bağlantı Flanşı,Tambur Bağlantı Flanşı,,2285.00,
TL,İRCM,60,,,,Tambur Bağlantı Flanşı,Tambur Bağlantı Flanşı,,3205.00,
EUR,IRM,4,0.12,,"0,28-0,44",İRPM 93 İR 63 / 63 M4a(*P),İRPM 93 İR 63,63 M4a(*P),1662.00,1828.00
EUR,IRM,4,0.12,0.16,"0,47-1,3",İRPM 92 İR 63 / 63 M4a(*P),İRPM 92 İR 63,63 M4a(*P),1619.00,1785.00
EUR,IRM,4,0.12,0.16,"0,47-0,76",İRPM 83 İR 63 / 63 M4a(*P),İRPM 83 İR 63,63 M4a(*P),1379.00,1514.00
EUR,IRM,4,0.12,0.16,"0,79-2,3",İRPM 82 İR 63 / 63 M4a(*P),İRPM 82 İR 63,63 M4a(*P),1357.00,1492.00
EUR,IRM,4,0.12,0.16,"1,0-3,8",İRPM 73 İR 52 / 63 M4a(*P),İRPM 73 İR 52,63 M4a(*P),879.00,967.00
EUR,IRM,4,0.12,0.16,"2,4-4,4",İRPM 74 / 63 M4a(*P),İRPM 74,63 M4a(*P),767.00,844.00
EUR,IRM,4,0.12,0.16,"1,6-4,6",İRPM 731 İR 52 / 63 M4a(*P),İRPM 731 İR 52,63 M4a(*P),826.00,908.00
EUR,IRM,4,0.12,0.16,"1,8-4,6",İRPM 721 İR 53 / 63 M4a(*P),İRPM 721 İR 53,63 M4a(*P),822.00,905.00
EUR,IRM,4,0.12,0.16,"2,2-4,6",İRPM 741 / 63 M4a(*P),İRPM 741,63 M4a(*P),710.00,787.00
EUR,IRM,4,0.12,0.16,"1,8-6,5",İRM 63 İR 52 / 63 M4a(*P),İRM 63 İR 52,63 M4a(*P),650.00,716.00
EUR,IRM,4,0.12,0.16,"6,0-10",İRM 62 İR 52 / 63 M4a(*P),İRM 62 İR 52,63 M4a(*P),639.00,704.00
EUR,IRM,4,0.12,0.16,"3,2-5,0",İRPM 64 / 63 M4a(*P),İRPM 64,63 M4a(*P),518.00,571.00
EUR,IRM,4,0.12,0.16,"3,7-14",İRM 53 İR 42 / 63 M4a,İRM 53 İR 42,63 M4a,537.00,567.00
EUR,IRM,4,0.12,0.16,13-20,İRPM 53 / 63 M4a(*P),İRPM 53,63 M4a(*P),328.00,361.00
EUR,IRM,4,0.12,0.16,17-120,İRM 43 / 63 M4a,İRM 43,63 M4a,281.00,309.00
EUR,IRM,4,0.12,0.16,124-405,İRM 42 / 63 M4a,İRM 42,63 M4a,278.00,306.00
EUR,IRM,4,0.18,0.16,"0,53-1,4",İRPM 93 İR 63 / 63 M4b(*P),İRPM 93 İR 63,63 M4b(*P),1664.00,1830.00
EUR,IRM,4,0.18,0.25,"0,78-2,3",İRPM 83 İR 63 / 63 M4b(*P),İRPM 83 İR 63,63 M4b(*P),1381.00,1517.00
EUR,IRM,4,0.18,0.25,"1,2-2,9",İRM 84 / 71 M6a,İRM 84,71 M6a,1240.00,1364.00
EUR,IRM,4,0.18,0.25,"1,2-5,7",İRM 73 İR 52 / 63 M4b (*P),İRM 73 İR 52,63 M4b (*P),882.00,971.00
EUR,IRM,4,0.18,0.25,"1,5-2,5",İRM 74 / 71 M6a,İRM 74,71 M6a,788.00,866.00
EUR,IRM,4,0.18,0.25,"2,4-4,9",İRM 74 / 63 M4b(*P),İRM 74,63 M4b(*P),771.00,848.00
EUR,IRM,4,0.18,0.25,"5,8",İRM 73 / 71 M6a,İRM 73,71 M6a,656.00,722.00
EUR,IRM,4,0.18,0.25,"2,3-3,5",İRPM 731 İR 52 / 63 M4b(*P),İRPM 731 İR 52,63 M4b(*P),831.00,913.00
EUR,IRM,4,0.18,0.25,"2,6-4,5",İRPM 721 İR 53 / 63 M4b(*P),İRPM 721 İR 53,63 M4b(*P),825.00,907.00
EUR,IRM,4,0.18,0.25,"2,0-2,6",İRM 741 / 71 M6a,İRM 741,71 M6a,743.00,821.00
EUR,IRM,4,0.18,0.25,"2,2-7,4",İRPM 741 / 63 M4b(*P),İRPM 741,63 M4b(*P),713.00,791.00
EUR,IRM,4,0.18,0.25,"5,9-8,9",İRM 731 / 71 M6a,İRM 731,71 M6a,600.00,659.00
EUR,IRM,4,0.18,0.25,"2,9-6,5",İRPM 63 İR 52 / 63 M4b(*P),İRPM 63 İR 52,63 M4b(*P),653.00,718.00
EUR,IRM,4,0.18,0.25,"6,0-10",İRPM 62 İR 52 / 63 M4b(*P),İRPM 62 İR 52,63 M4b(*P),642.00,707.00
EUR,IRM,4,0.18,0.25,"2,8-3,0",İRM 64 / 71 M6a,İRM 64,71 M6a,577.00,637.00
EUR,IRM,4,0.18,0.25,"3,2-8,9",İRM 64 / 63 M4b(*P),İRM 64,63 M4b(*P),589.00,649.00
EUR,IRM,4,0.18,0.25,"7,0-7,5",İRPM 63 / 71 M6a(*P),İRPM 63,71 M6a(*P),486.00,533.00
EUR,IRM,4,0.18,0.25,"9,3-10",İRM 63 / 71 M6a,İRM 63,71 M6a,465.00,512.00
EUR,IRM,4,0.18,0.25,10-11,İRM 63 / 63 M4b(*P),İRM 63,63 M4b(*P),481.00,527.00
EUR,IRM,4,0.18,0.25,"7,0-7,5",İRPM 631 / 71 M6a(*P),İRPM 631,71 M6a(*P),486.00,535.00
EUR,IRM,4,0.18,0.25,"9,3-10",İRM 631 / 71 M6a,İRM 631,71 M6a,465.00,512.00
EUR,IRM,4,0.18,0.25,10-11,İRM 631 / 63 M4b(*P),İRM 631,63 M4b(*P),436.00,529.00
EUR,IRM,4,0.18,0.25,"5,9-14",İRM 53 İR 42 / 63 M4b,İRM 53 İR 42,63 M4b,540.00,569.00
EUR,IRM,4,0.18,0.25,"8,5-11",İRPM 53 / 71 M6a(*P),İRPM 53,71 M6a(*P),355.00,390.00
EUR,IRM,4,0.18,0.25,13-28,İRPM 53 / 63 M4b(*P),İRPM 53,63 M4b(*P),335.00,372.00
EUR,IRM,4,0.18,0.25,16-19,İRM 43 / 71 M6a,İRM 43,71 M6a,309.00,342.00
EUR,IRM,4,0.18,0.25,17-120,İRM 43 / 63 M4b,İRM 43,63 M4b,284.00,315.00
EUR,IRM,4,0.18,0.25,124-405,İRM 42 / 63 M4b,İRM 42,63 M4b,281.00,312.00
EUR,IRM,4,0.18,0.25,407-812,İRM 42 / 63 M2a,İRM 42,63 M2a,283.00,314.00
EUR,IRM,5,0.25,,"0,13-0,48",İRM 143 IR 73 / 71 M4a,İRM 143 IR 73,71 M4a,5794.00,6380.00
EUR,IRM,5,0.25,0.34,"0,19-0,42",İRM 123 IR 73 / 71 M4a,İRM 123 IR 73,71 M4a,3069.00,3382.00
EUR,IRM,5,0.25,0.34,"0,34-0,60",İRM 122 IR 73 / 71 M4a,İRM 122 IR 73,71 M4a,2947.00,3255.00
EUR,IRM,5,0.25,0.34,"0,29-0,57",İRM 103 IR 73 / 71 M4a,İRM 103 IR 73,71 M4a,2331.00,2564.00
EUR,IRM,5,0.25,0.34,"0,51-2,4",İRM 102 IR 73 / 71 M4a,İRM 102 IR 73,71 M4a,2314.00,2545.00
EUR,IRM,5,0.25,0.34,"1,9-2,1",İRM 93 IR 62 / 71 M4a,İRM 93 IR 62,71 M4a,1697.00,1864.00
EUR,IRM,5,0.25,0.34,"0,74-2,0",İRM 92 İR 63 / 71 M4a,İRM 92 İR 63,71 M4a,1674.00,1842.00
EUR,IRM,5,0.25,0.34,"1,2-5,3",İRM 82 İR 63 / 71 M4a,İRM 82 İR 63,71 M4a,1370.00,1495.00
EUR,IRM,5,0.25,0.34,"1,2-1,8",İRM 84 / 71 M6b,İRM 84,71 M6b,1246.00,1370.00
EUR,IRM,5,0.25,0.34,"2,0-4,5",İRM 84 / 71 M4a,İRM 84,71 M4a,1228.00,1351.00
EUR,IRM,5,0.25,0.34,"1,9-5,7",İRM 73 IR 52 / 71 M4a,İRM 73 IR 52,71 M4a,912.00,1006.00
EUR,IRM,5,0.25,0.34,"6,0-6,7",İRM 72 IR 52 / 71 M4a,İRM 72 IR 52,71 M4a,907.00,1008.00
EUR,IRM,5,0.25,0.34,"2,2-2,5",İRM 74 / 71 M6b,İRM 74,71 M6b,808.00,888.00
EUR,IRM,5,0.25,0.34,"2,4-4,9",İRM 74 / 71 M4a,İRM 74,71 M4a,790.00,870.00
EUR,IRM,5,0.25,0.34,"5,9-8,7",İRM 73 / 71 M6b,İRM 73,71 M6b,664.00,731.00
EUR,IRM,5,0.25,0.34,"9,0",İRM 73 / 71 M4a,İRM 73,71 M4a,647.00,717.00
EUR,IRM,5,0.25,0.34,"2,6-8,5",İRM 731 İR 52 / 71 M4a,İRM 731 İR 52,71 M4a,838.00,921.00
EUR,IRM,5,0.25,0.34,"2,9-9,4",İRM 721 İR 53 / 71 M4a,İRM 721 İR 53,71 M4a,832.00,914.00
EUR,IRM,5,0.25,0.34,"3,0",İRPM 741 / 71 M4a(*P),İRPM 741,71 M4a(*P),758.00,838.00
EUR,IRM,5,0.25,0.34,"3,2-9,2",İRM 741 / 71 M4a,İRM 741,71 M4a,735.00,799.00
EUR,IRM,5,0.25,0.34,"5,9-8,9",İRM 731 / 71 M6b,İRM 731,71 M6b,610.00,671.00
EUR,IRM,5,0.25,0.34,"9,2-15",İRM 731 / 71 M4a,İRM 731,71 M4a,592.00,651.00
EUR,IRM,5,0.25,0.34,"4,3-9,2",İRM 63 İR 52 / 71 M4a,İRM 63 İR 52,71 M4a,658.00,723.00
EUR,IRM,5,0.25,0.34,"6,1-9,4",İRM 62 İR 52 / 71 M4a,İRM 62 İR 52,71 M4a,650.00,716.00
EUR,IRM,5,0.25,0.34,"4,3-8,9",İRM 64 / 71 M4a,İRM 64,71 M4a,557.00,608.00
EUR,IRM,5,0.25,0.34,"7,0-7,5",İRPM 63 / 71 M6b(*P),İRPM 63,71 M6b(*P),493.00,541.00
EUR,IRM,5,0.25,0.34,"9,3-10",İRM 63 / 71 M6b,İRM 63,71 M6b,472.00,518.00
EUR,IRM,5,0.25,0.34,10-11,IRPM 63 / 71 M4a(*P),IRPM 63,71 M4a(*P),476.00,524.00
EUR,IRM,5,0.25,0.34,14-19,İRM 63 / 71 M4a,İRM 63,71 M4a,456.00,501.00
EUR,IRM,5,0.25,0.34,"7,0-7,5",İRPM 631 / 71 M6b(*P),İRPM 631,71 M6b(*P),488.00,535.00
EUR,IRM,5,0.25,0.34,"9,3-10",İRM 631 / 71 M6b,İRM 631,71 M6b,467.00,512.00
EUR,IRM,5,0.25,0.34,10-11,İRPM 631 / 71 M4a(*P),İRPM 631,71 M4a(*P),470.00,517.00
EUR,IRM,5,0.25,0.34,14-19,İRM 631 / 71 M4a,İRM 631,71 M4a,450.00,495.00
EUR,IRM,5,0.25,0.34,"5,9-14",İRM 53 IR 42 / 71 M4a,İRM 53 IR 42,71 M4a,546.00,576.00
EUR,IRM,5,0.25,0.34,"8,3-14",İRM 53 / 71 M6b,İRM 53,71 M6b,359.00,395.00
EUR,IRM,5,0.25,0.34,13-15,İRPM 53 / 71 M4a(*P),İRPM 53,71 M4a(*P),357.00,393.00
EUR,IRM,5,0.25,0.34,18-40,İRM 53 / 71 M4a,İRM 53,71 M4a,342.00,376.00
EUR,IRM,5,0.25,0.34,22-120,İRM 43 / 71 M4a,İRM 43,71 M4a,294.00,324.00
EUR,IRM,5,0.25,0.34,124-405,İRM 42 / 71 M4a,İRM 42,71 M4a,291.00,320.00
EUR,IRM,5,0.25,0.34,407-812,İRM 42 / 63 M2b,İRM 42,63 M2b,287.00,316.00
EUR,IRM,5,0.37,0.34,"0,22-0,67",İRM 143 İR 73 / 71 M4b,İRM 143 İR 73,71 M4b,5811.00,6410.00
EUR,IRM,5,0.37,0.50,"0,28-0,42",İRM 123 İR 73 / 71 M4b,İRM 123 İR 73,71 M4b,3104.00,3427.00
EUR,IRM,5,0.37,0.50,"0,34-0,84",İRM 122 İR 73 / 71 M4b,İRM 122 İR 73,71 M4b,3014.00,3320.00
EUR,IRM,5,0.37,0.50,"0,57",İRM 103 İR 73 / 71 M4b,İRM 103 İR 73,71 M4b,2389.00,2622.00
EUR,IRM,5,0.37,0.50,"0,65-2,4",İRM 102 İR 73 / 71 M4b,İRM 102 İR 73,71 M4b,2320.00,2552.00
EUR,IRM,5,0.37,0.50,"1,1-1,8",İRM 104 / 80 M6a,İRM 104,80 M6a,2071.00,2278.00
EUR,IRM,5,0.37,0.50,"1,9-4,1",İRM 93 İR 62 / 71 M4b,İRM 93 İR 62,71 M4b,1703.00,1870.00
EUR,IRM,5,0.37,0.50,"1,2-2,0",İRM 92 İR 63 / 71 M4b,İRM 92 İR 63,71 M4b,1680.00,1848.00
EUR,IRM,5,0.37,0.50,"1,9-2,6",İRM 94 / 80 M6a,İRM 94,80 M6a,1565.00,1722.00
EUR,IRM,5,0.37,0.50,"3,0-4,2",İRPM 93 / 80 M6a(*P),İRPM 93,80 M6a(*P),1476.00,1628.00
EUR,IRM,5,0.37,0.50,"1,8-5,3",İRM 82 İR 63 / 71 M4a,İRM 82 İR 63,71 M4a,1378.00,1503.00
EUR,IRM,6,0.37,,"1,6-1,8",İRM 84 / 80 M6a,İRM 84,80 M6a,1257.00,1388.00
EUR,IRM,6,0.37,0.50,"2,0-5,0",İRM 84 / 71 M4b,İRM 84,71 M4b,1236.00,1360.00
EUR,IRM,6,0.37,0.50,"3,5-5,3",İRM 83 / 80 M6a,İRM 83,80 M6a,1058.00,1164.00
EUR,IRM,6,0.37,0.50,"3,9-4,9",İRM 74 / 71 M4b,İRM 74,71 M4b,796.00,874.00
EUR,IRM,6,0.37,0.50,"5,8-9,8",İRM 73 / 80 M6a,İRM 73,80 M6a,674.00,741.00
EUR,IRM,6,0.37,0.50,"9,0-13",İRM 73 / 71 M4b,İRM 73,71 M4b,651.00,715.00
EUR,IRM,6,0.37,0.50,"3,7-5,2",İRM 731 İR 52 / 71 M4b,İRM 731 İR 52,71 M4b,842.00,924.00
EUR,IRM,6,0.37,0.50,"4,0-9,4",İRM 721 İR 53 / 71 M4b,İRM 721 İR 53,71 M4b,839.00,921.00
EUR,IRM,6,0.37,0.50,"4,6-9,2",İRM 741 / 71 M4b,İRM 741,71 M4b,742.00,812.00
EUR,IRM,6,0.37,0.50,"5,9-8,9",İRM 731 / 80 M6a,İRM 731,80 M6a,621.00,680.00
EUR,IRM,6,0.37,0.50,"9,2-15",İRM 731 / 71 M4b,İRM 731,71 M4b,599.00,656.00
EUR,IRM,6,0.37,0.50,"5,9-8,9",İRM 64 / 71 M4b,İRM 64,71 M4b,568.00,618.00
EUR,IRM,6,0.37,0.50,"7,0-7,5",İRPM 63 / 80 M6a(*P),İRPM 63,80 M6a(*P),508.00,559.00
EUR,IRM,6,0.37,0.50,"9,3-10",İRM 63 / 80 M6a,İRM 63,80 M6a,486.00,535.00
EUR,IRM,6,0.37,0.50,10-11,İRPM 63 / 71 M4b(*P),İRPM 63,71 M4b(*P),483.00,529.00
EUR,IRM,6,0.37,0.50,14-27,İRM 63 / 71 M4b,İRM 63,71 M4b,462.00,507.00
EUR,IRM,6,0.37,0.50,"7,0-7,5",İRPM 631 / 80 M6a(*P),İRPM 631,80 M6a(*P),508.00,558.00
EUR,IRM,6,0.37,0.50,"9,3-10",İRM 631 / 80 M6a,İRM 631,80 M6a,483.00,532.00
EUR,IRM,6,0.37,0.50,10-11,İRPM 631 / 71 M4b(*P),İRPM 631,71 M4b(*P),483.00,531.00
EUR,IRM,6,0.37,0.50,14-27,İRM 631 / 71 M4b,İRM 631,71 M4b,462.00,508.00
EUR,IRM,6,0.37,0.50,12-14,İRM 53 IR 42 / 71 M4b,İRM 53 IR 42,71 M4b,555.00,585.00
EUR,IRM,6,0.37,0.50,15,İRPM 53 / 71 M4b(*P),İRPM 53,71 M4b(*P),364.00,400.00
EUR,IRM,6,0.37,0.50,18-63,İRM 53 / 71 M4b,İRM 53,71 M4b,348.00,383.00
EUR,IRM,6,0.37,0.50,81-132,İRM 52 / 71 M4b,İRM 52,71 M4b,334.00,367.00
EUR,IRM,6,0.37,0.50,38-120,İRM 43 / 71 M4b,İRM 43,71 M4b,301.00,331.00
EUR,IRM,6,0.37,0.50,124-405,İRM 42 / 71 M4b,İRM 42,71 M4b,298.00,327.00
EUR,IRM,6,0.37,0.50,407-812,İRM 42 / 71 M2b,İRM 42,71 M2b,292.00,321.00
EUR,IRM,6,0.55,0.50,"0,23-0,34",İRPM 153 İR 93 / 80 M4a(*P),İRPM 153 İR 93,80 M4a(*P),9122.00,10068.00
EUR,IRM,6,0.55,0.75,"0,47-0,80",İRPM 153 İR 92 / 80 M4a(*P),İRPM 153 İR 92,80 M4a(*P),9018.00,9935.00
EUR,IRM,6,0.55,0.75,"0,51-0,83",İRPM 152 İR 93 / 80 M4a(*P),İRPM 152 İR 93,80 M4a(*P),8632.00,9551.00
EUR,IRM,6,0.55,0.75,"0,32-0,68",İRM 143 İR 73 / 80 M4a,İRM 143 İR 73,80 M4a,5852.00,6455.00
EUR,IRM,6,0.55,0.75,"0,64-1,1",İRM 143 İR 72 / 80 M4a,İRM 143 İR 72,80 M4a,5816.00,6417.00
EUR,IRM,6,0.55,0.75,"0,49-1,3",İRM 123 İR 72 / 80 M4a,İRM 123 İR 72,80 M4a,3132.00,3467.00
EUR,IRM,6,0.55,0.75,"0,51-0,91",İRM 122 İR 73 / 80 M4a,İRM 122 İR 73,80 M4a,3020.00,3330.00
EUR,IRM,6,0.55,0.75,"1,1-2,3",İRM 103 İR 72 / 80 M4a,İRM 103 İR 72,80 M4a,2391.00,2624.00
EUR,IRM,6,0.55,0.75,"1,2-2,4",İRM 102 İR 73 / 80 M4a,İRM 102 İR 73,80 M4a,2337.00,2570.00
EUR,IRM,6,0.55,0.75,"1,2-1,8",İRM 104 / 80 M6b,İRM 104,80 M6b,2083.00,2292.00
EUR,IRM,6,0.55,0.75,"1,7-3,4",İRM 104 / 80 M4a,İRM 104,80 M4a,2066.00,2272.00
EUR,IRM,6,0.55,0.75,"1,9-4,1",İRM 93 İR 62 / 80 M4a,İRM 93 İR 62,80 M4a,1717.00,1884.00
EUR,IRM,6,0.55,0.75,"4,4-6,3",İRM 92 İR 62 / 80 M4a,İRM 92 İR 62,80 M4a,1694.00,1861.00
EUR,IRM,6,0.55,0.75,"1,8-2,6",İRM 94 / 80 M6b,İRM 94,80 M6b,1579.00,1737.00
EUR,IRM,6,0.55,0.75,"2,9-5,2",İRM 94 / 80 M4a,İRM 94,80 M4a,1562.00,1717.00
EUR,IRM,6,0.55,0.75,"3,0-4,2",İRPM 93 / 80 M6b(*P),İRPM 93,80 M6b(*P),1506.00,1659.00
EUR,IRM,6,0.55,0.75,"4,7-6,5",İRPM 93 / 80 M4a(*P),İRPM 93,80 M4a(*P),1443.00,1594.00
EUR,IRM,6,0.55,0.75,"2,6-7,7",İRM 82 İR 63 / 80 M4a,İRM 82 İR 63,80 M4a,1385.00,1509.00
EUR,IRM,6,0.55,0.75,"2,8-8,3",İRM 84 / 80 M4a,İRM 84,80 M4a,1253.00,1379.00
EUR,IRM,6,0.55,0.75,"3,6-5,3",İRM 83 / 80 M6b,İRM 83,80 M6b,1070.00,1177.00
EUR,IRM,6,0.55,0.75,"5,5-13",İRM 83 / 80 M4a,İRM 83,80 M4a,1053.00,1158.00
EUR,IRM,6,0.55,0.75,"6,0-8,7",İRM 72 IR 52 / 80 M4a,İRM 72 IR 52,80 M4a,946.00,1024.00
EUR,IRM,6,0.55,0.75,"4,9",İRM 74 / 80 M4a,İRM 74,80 M4a,817.00,899.00
EUR,IRM,6,0.55,0.75,"5,8-9,8",İRM 73 / 80 M6b,İRM 73,80 M6b,688.00,757.00
EUR,IRM,7,0.55,,"9,0-23",İRM 73 / 80 M4a,İRM 73,80 M4a,671.00,738.00
EUR,IRM,7,0.55,0.75,"6,9-9,5",İRM 731 İR 52 / 71 M4b,İRM 731 İR 52,71 M4b,854.00,936.00
EUR,IRM,7,0.55,0.75,"7,0-9,4",İRM 721 İR 53 / 71 M4b,İRM 721 İR 53,71 M4b,851.00,933.00
EUR,IRM,7,0.55,0.75,"7,4-9,2",İRM 741 / 80 M4a,İRM 741,80 M4a,755.00,825.00
EUR,IRM,7,0.55,0.75,"7,7-8,9",İRM 731 / 80 M6b,İRM 731,80 M6b,633.00,697.00
EUR,IRM,7,0.55,0.75,"9,2-31",İRM 731 / 80 M4a,İRM 731,80 M4a,616.00,678.00
EUR,IRM,7,0.55,0.75,"8,9",İRM 64 / 80 M6b,İRM 64,80 M6b,583.00,632.00
EUR,IRM,7,0.55,0.75,10,İRM 63 / 80 M6b,İRM 63,80 M6b,499.00,548.00
EUR,IRM,7,0.55,0.75,10-11,İRPM 63 / 80 M4a(*P),İRPM 63,80 M4a(*P),504.00,554.00
EUR,IRM,7,0.55,0.75,14-39,İRM 63 / 80 M4a,İRM 63,80 M4a,482.00,530.00
EUR,IRM,7,0.55,0.75,10,İRM 631 / 80 M6b,İRM 631,80 M6b,489.00,782.00
EUR,IRM,7,0.55,0.75,10-11,İRPM 631 / 80 M4a(*P),İRPM 631,80 M4a(*P),498.00,553.00
EUR,IRM,7,0.55,0.75,14-39,İRM 631 / 80 M4a,İRM 631,80 M4a,477.00,529.00
EUR,IRM,7,0.55,0.75,25-63,İRM 53 / 80 M4a,İRM 53,80 M4a,369.00,405.00
EUR,IRM,7,0.55,0.75,81-147,İRM 52 / 80 M4a,İRM 52,80 M4a,359.00,395.00
EUR,IRM,7,0.55,0.75,49-120,İRM 43 / 80 M4a,İRM 43,80 M4a,321.00,353.00
EUR,IRM,7,0.55,0.75,124-405,İRM 42 / 80 M4a,İRM 42,80 M4a,318.00,350.00
EUR,IRM,7,0.55,0.75,407-812,İRM 42 / 71 M2b,İRM 42,71 M2b,298.00,327.00
EUR,IRM,7,0.75,0.75,"0,34",İRPM 153 İR 93 / 80 M4b(*P),İRPM 153 İR 93,80 M4b(*P),9155.00,10102.00
EUR,IRM,7,0.75,1,"0,47-1,0",İRPM 153 İR 92 / 80 M4b(*P),İRPM 153 İR 92,80 M4b(*P),9056.00,9977.00
EUR,IRM,7,0.75,1,"0,51-1,1",İRPM 152 İR 93 / 80 M4b(*P),İRPM 152 İR 93,80 M4b(*P),8668.00,9591.00
EUR,IRM,7,0.75,1,"0,45-0,67",İRM 143 İR 73 / 80 M4b,İRM 143 İR 73,80 M4b,5885.00,6474.00
EUR,IRM,7,0.75,1,"0,64-1,5",İRM 143 İR 72 / 80 M4b,İRM 143 İR 72,80 M4b,5872.00,6460.00
EUR,IRM,7,0.75,1,"0,68-1,9",İRM 123 İR 72 / 80 M4b,İRM 123 İR 72,80 M4b,3100.00,3418.00
EUR,IRM,7,0.75,1,"0,75-4,6",İRM 122 İR 73 / 80 M4b,İRM 122 İR 73,80 M4b,3053.00,3371.00
EUR,IRM,7,0.75,1,"1,0-1,5",İRM 124 / 90 S6a,İRM 124,90 S6a,2856.00,3147.00
EUR,IRM,7,0.75,1,"1,1-2,3",İRM 103 İR 72 / 80 M4b,İRM 103 İR 72,80 M4b,2433.00,2671.00
EUR,IRM,7,0.75,1,"1,2-2,4",İRM 102 İR 73 / 80 M4b,İRM 102 İR 73,80 M4b,2379.00,2617.00
EUR,IRM,7,0.75,1,"1,4-1,8",İRM 104 / 90 S6a,İRM 104,90 S6a,2123.00,2335.00
EUR,IRM,7,0.75,1,"1,7-4,5",İRM 104 / 80 M4b,İRM 104,80 M4b,2109.00,2320.00
EUR,IRM,7,0.75,1,"2,1-4,1",İRM 93 İR 62 / 80 M4b,İRM 93 İR 62,80 M4b,1755.00,1922.00
EUR,IRM,7,0.75,1,"4,4-6,3",İRM 92 İR 62 / 80 M4b,İRM 92 İR 62,80 M4b,1732.00,1900.00
EUR,IRM,7,0.75,1,"1,8-2,6",İRM 94 / 90 S6a,İRM 94,90 S6a,1620.00,1782.00
EUR,IRM,7,0.75,1,"2,9-7,4",İRM 94 / 80 M4b,İRM 94,80 M4b,1603.00,1763.00
EUR,IRM,7,0.75,1,"3,0-4,2",İRPM 93 / 90 S6a(*P),İRPM 93,90 S6a(*P),1527.00,1679.00
EUR,IRM,7,0.75,1,"4,7-8,1",İRPM 93 / 80 M4b(*P),İRPM 93,80 M4b(*P),1481.00,1631.00
EUR,IRM,7,0.75,1,"3,8-7,7",İRM 82 İR 63 / 80 M4b,İRM 82 İR 63,80 M4b,1422.00,1546.00
EUR,IRM,7,0.75,1,"3,2-8,3",İRM 84 / 80 M4b,İRM 84,80 M4b,1296.00,1426.00
EUR,IRM,7,0.75,1,"4,0-5,3",İRM 83 / 90 S6a,İRM 83,90 S6a,1109.00,1220.00
EUR,IRM,7,0.75,1,"5,5-15",İRM 83 / 80 M4b,İRM 83,80 M4b,1095.00,1204.00
EUR,IRM,7,0.75,1,"6,7-9,8",İRM 73 / 90 S6a,İRM 73,90 S6a,728.00,801.00
EUR,IRM,7,0.75,1,"9,0-30",İRM 73 / 80 M4b,İRM 73,80 M4b,713.00,784.00
EUR,IRM,7,0.75,1,"9,2",İRM 741 / 80 M4b,İRM 741,80 M4b,805.00,868.00
EUR,IRM,7,0.75,1,12-39,İRM 731 / 80 M4b,İRM 731,80 M4b,664.00,726.00
EUR,IRM,7,0.75,1,44-49,İRM 721 / 80 M4b,İRM 721,80 M4b,649.00,712.00
EUR,IRM,8,0.75,,14-55,İRM 63 / 80 M4b,İRM 63,80 M4b,528.00,581.00
EUR,IRM,8,0.75,1,14-55,İRM 631 / 80 M4b,İRM 631,80 M4b,525.00,578.00
EUR,IRM,8,0.75,1,31-87,İRM 53 / 80 M4b,İRM 53,80 M4b,410.00,451.00
EUR,IRM,8,0.75,1,81-240,İRM 52 / 80 M4b,İRM 52,80 M4b,400.00,439.00
EUR,IRM,8,0.75,1,66-120,İRM 43 / 80 M4b,İRM 43,80 M4b,362.00,398.00
EUR,IRM,8,0.75,1,124-405,İRM 42 / 80 M4b,İRM 42,80 M4b,359.00,395.00
EUR,IRM,8,0.75,1,407-812,İRM 42 / 80 M2a,İRM 42,80 M2a,323.00,355.00
EUR,IRM,8,1.1,1,"0,47-1,3",İRPM 153 İR 92 / 90 S4a(*P),İRPM 153 İR 92,90 S4a(*P),9172.00,10122.00
EUR,IRM,8,1.1,1.5,"0,51-1,1",İRPM 152 İR 93 / 90 S4a(*P),İRPM 152 İR 93,90 S4a(*P),9734.00,9734.00
EUR,IRM,8,1.1,1.5,"2,6",İRM 143 İR 82 / 90 S4a,İRM 143 İR 82,90 S4a,6323.00,6927.00
EUR,IRM,8,1.1,1.5,"0,64-2,3",İRM 143 İR 72 / 90 S4a,İRM 143 İR 72,90 S4a,5923.00,6527.00
EUR,IRM,8,1.1,1.5,"1,6-2,3",İRM 144 / 90 L6b,İRM 144,90 L6b,5784.00,6388.00
EUR,IRM,8,1.1,1.5,"0,84-2,8",İRM 123 İR 72 / 90 S4a,İRM 123 İR 72,90 S4a,3123.00,3440.00
EUR,IRM,8,1.1,1.5,"0,91-4,6",İRM 122 İR 73 / 90 S4a,İRM 122 İR 73,90 S4a,3045.00,3346.00
EUR,IRM,8,1.1,1.5,"1,0-1,5",İRPM 124 / 90 L6b(*P),İRPM 124,90 L6b(*P),2895.00,3185.00
EUR,IRM,8,1.1,1.5,"1,5-3,9",İRPM 124 / 90 S4a(*P),İRPM 124,90 S4a(*P),2873.00,3163.00
EUR,IRM,8,1.1,1.5,"1,9-4,9",İRM 104 / 90 S4a,İRM 104,90 S4a,2127.00,2336.00
EUR,IRM,8,1.1,1.5,"3,2-4,1",İRM 93 İR 62 / 90 S4a,İRM 93 İR 62,90 S4a,1771.00,1937.00
EUR,IRM,8,1.1,1.5,"4,4-6,3",İRM 92 İR 62 / 90 S4a,İRM 92 İR 62,90 S4a,1749.00,1915.00
EUR,IRM,8,1.1,1.5,"2,9-9,1",İRM 94 / 90 S4a,İRM 94,90 S4a,1625.00,1788.00
EUR,IRM,8,1.1,1.5,"3,0-4,2",İRPM 93 / 90 L6b(*P),İRPM 93,90 L6b(*P),1541.00,1691.00
EUR,IRM,8,1.1,1.5,"4,7-12",İRPM 93 / 90 S4a(*P),İRPM 93,90 S4a(*P),1467.00,1617.00
EUR,IRM,8,1.1,1.5,"5,3-7,7",İRM 82 İR 63 / 90 S4a,İRM 82 İR 63,90 S4a,1439.00,1562.00
EUR,IRM,8,1.1,1.5,"5,1-8,3",İRM 84 / 90 S4,İRM 84,90 S4,1314.00,1443.00
EUR,IRM,8,1.1,1.5,"6,3-29",İRM 83 / 90 S4a,İRM 83,90 S4a,1117.00,1240.00
EUR,IRM,8,1.1,1.5,10-50,İRM 73 / 90 S4a,İRM 73,90 S4a,741.00,815.00
EUR,IRM,8,1.1,1.5,15-61,İRM 731 / 90 S4a,İRM 731,90 S4a,687.00,756.00
EUR,IRM,8,1.1,1.5,57,İRM 721 / 90 S4a,İRM 721,90 S4a,672.00,739.00
EUR,IRM,8,1.1,1.5,19-77,İRM 63 / 90 S4a,İRM 63,90 S4a,554.00,609.00
EUR,IRM,8,1.1,1.5,83-114,İRM 62 / 90 S4a,İRM 62,90 S4a,542.00,596.00
EUR,IRM,8,1.1,1.5,19-77,İRM 631 / 90 S4a,İRM 631,90 S4a,549.00,604.00
EUR,IRM,8,1.1,1.5,83-114,İRM 621 / 90 S4a,İRM 621,90 S4a,536.00,590.00
EUR,IRM,8,1.1,1.5,44-87,İRM 53 / 90 S4a,İRM 53,90 S4a,437.00,480.00
EUR,IRM,8,1.1,1.5,105-381,İRM 52 / 90 S4a,İRM 52,90 S4a,427.00,469.00
EUR,IRM,8,1.1,1.5,95-120,İRM 43 / 90 S4a,İRM 43,90 S4a,390.00,429.00
EUR,IRM,8,1.1,1.5,182-405,İRM 42 / 90 S4a,İRM 42,90 S4a,386.00,425.00
EUR,IRM,8,1.1,1.5,407-812,İRM 42 / 80 M2b,İRM 42,80 M2b,332.00,365.00
EUR,IRM,8,1.5,1.5,"0,64-1,1",İRPM 153 İR 92 / 90 L4a(*P),İRPM 153 İR 92,90 L4a(*P),9203.00,10148.00
EUR,IRM,8,1.5,2,"0,72-1,3",İRPM 152 İR 93 / 90 L4a(*P),İRPM 152 İR 93,90 L4a(*P),8815.00,9760.00
EUR,IRM,8,1.5,2,"2,6-3,5",İRM 143 İR 82 / 90 L4a,İRM 143 İR 82,90 L4a,6360.00,6967.00
EUR,IRM,8,1.5,2,"1,0-3,0",İRM 143 İR 72 / 90 L4a,İRM 143 İR 72,90 L4a,5960.00,6567.00
EUR,IRM,8,1.5,2,"1,6-2,3",İRPM 144 / 100 L6a(*P),İRPM 144,100 L6a(*P),5823.00,6412.00
EUR,IRM,8,1.5,2,"2,5-2,8",İRPM 144 / 90 L4a(*P),İRPM 144,90 L4a(*P),5814.00,6403.00
EUR,IRM,8,1.5,2,"1,1-4,0",İRM 123 İR 72 / 90 L4a,İRM 123 İR 72,90 L4a,3183.00,3468.00
EUR,IRM,8,1.5,2,"1,3-4,6",İRM 122 İR 73 / 90 L4a,İRM 122 İR 73,90 L4a,3136.00,3421.00
EUR,IRM,8,1.5,2,"1,3-1,5",İRM 124 / 100 L6a(*P),İRM 124,100 L6a(*P),2953.00,3238.00
EUR,IRM,9,1.5,,"1,5-5,5",İRPM 124 / 90 L4a(*P),İRPM 124,90 L4a(*P),2940.00,3225.00
EUR,IRM,9,1.5,2,"2,6-5,6",İRPM 103 İR 72 / 90 L4a(*P),İRPM 103 İR 72,90 L4a(*P),2578.00,3889.00
EUR,IRM,9,1.5,2,"5,8-8,3",İRPM 102 İR 72 / 90 L4a(*P),İRPM 102 İR 72,90 L4a(*P),2519.00,3808.00
EUR,IRM,9,1.5,2,"2,5-4,9",İRM 104 / 90 L4a,İRM 104,90 L4a,2256.00,2482.00
EUR,IRM,9,1.5,2,"3,5-7,1",İRPM 103 / 90 L4a(*P),İRPM 103,90 L4a(*P),2092.00,2200.00
EUR,IRM,9,1.5,2,"3,9-4,1",İRM 93 İR 62 / 90 L4a,İRM 93 İR 62,90 L4a,1881.00,2052.00
EUR,IRM,9,1.5,2,"4,4-6,3",İRM 92 İR 62 / 90 L4a,İRM 92 İR 62,90 L4a,1857.00,2029.00
EUR,IRM,9,1.5,2,"3,6-9,1",İRM 94 / 90 L4a,İRM 94,90 L4a,1730.00,1903.00
EUR,IRM,9,1.5,2,"4,7-16",İRPM 93 / 90 L4a(*P),İRPM 93,90 L4a(*P),1586.00,1742.00
EUR,IRM,9,1.5,2,"7,1-8,3",İRM 84 / 90 L4a,İRM 84,90 L4a,1395.00,1537.00
EUR,IRM,9,1.5,2,"8,3-37",İRM 83 / 90 L4a,İRM 83,90 L4a,1198.00,1318.00
EUR,IRM,9,1.5,2,15-62,İRM 73 / 90 L4a,İRM 73,90 L4a,801.00,881.00
EUR,IRM,9,1.5,2,22-61,İRM 731 / 90 L4a,İRM 731,90 L4a,741.00,815.00
EUR,IRM,9,1.5,2,57-65,İRM 721 / 90 L4a,İRM 721,90 L4a,726.00,804.00
EUR,IRM,9,1.5,2,27-101,İRM 63 / 90 L4a,İRM 63,90 L4a,604.00,664.00
EUR,IRM,9,1.5,2,83-196,İRM 62 / 90 L4a,İRM 62,90 L4a,591.00,651.00
EUR,IRM,9,1.5,2,27-101,İRM 631 / 90 L4a,İRM 631,90 L4a,598.00,658.00
EUR,IRM,9,1.5,2,83-196,İRM 621 / 90 L4a,İRM 621,90 L4a,585.00,644.00
EUR,IRM,9,1.5,2,63-87,İRM 53 / 90 L4a,İRM 53,90 L4a,478.00,525.00
EUR,IRM,9,1.5,2,105-544,İRM 52 / 90 L4a,İRM 52,90 L4a,471.00,518.00
EUR,IRM,9,1.5,2,295-620,İRM 52 / 90 S2a,İRM 52,90 S2a,426.00,472.00
EUR,IRM,9,1.5,2,203-405,İRM 42 / 90 L4a,İRM 42,90 L4a,428.00,471.00
EUR,IRM,9,1.5,2,407-812,İRM 42 / 90 S2a,İRM 42,90 S2a,382.00,420.00
EUR,IRM,9,2.2,2,"0,88-2,7",İRM 153 İR 92 / 100 L4a,İRM 153 İR 92,100 L4a,9249.00,10208.00
EUR,IRM,9,2.2,3,"0,99-1,3",İRM 152 İR 93 / 100 L4a,İRM 152 İR 93,100 L4a,8861.00,9820.00
EUR,IRM,9,2.2,3,"1,7-4,3",İRPM 154 / 100 L4a(*P),İRPM 154,100 L4a(*P),8936.00,9846.00
EUR,IRM,9,2.2,3,"2,6-5,0",İRM 143 İR 82 / 100 L4a,İRM 143 İR 82,100 L4a,6502.00,7120.00
EUR,IRM,9,2.2,3,"1,2-4,4",İRM 143 İR 72 / 100 L4a,İRM 143 İR 72,100 L4a,6039.00,6657.00
EUR,IRM,9,2.2,3,"1,6-2,3",İRPM 144 / 112 M6a(*P),İRPM 144,112 M6a(*P),5925.00,6524.00
EUR,IRM,9,2.2,3,"2,5-4,5",İRPM 144 / 100 L4a(*P),İRPM 144,100 L4a(*P),5829.00,6412.00
EUR,IRM,9,2.2,3,"1,7-6,5",İRM 123 İR 72 / 100 L4a,İRM 123 İR 72,100 L4a,3250.00,3599.00
EUR,IRM,9,2.2,3,"2,1-6,5",İRM 124 / 100 L4a(*P),İRM 124,100 L4a(*P),2958.00,3254.00
EUR,IRM,9,2.2,3,"3,2-5,6",İRM 103 İR 72 / 100 L4a,İRM 103 İR 72,100 L4a,2590.00,2811.00
EUR,IRM,9,2.2,3,"5,6-8,3",İRM 102 İR 72 / 100 L4a,İRM 102 İR 72,100 L4a,2535.00,2756.00
EUR,IRM,9,2.2,3,"3,7-4,9",İRM 104 / 100 L4a,İRM 104,100 L4a,2347.00,2573.00
EUR,IRM,9,2.2,3,"3,5-7,1",İRPM 103 / 112 M6a(*P),İRPM 103,112 M6a(*P),2138.00,2245.00
EUR,IRM,9,2.2,3,"5,4-18",İRPM 103 / 100 L4a(*P),İRPM 103,100 L4a(*P),2082.00,2190.00
EUR,IRM,9,2.2,3,"5,9-9,1",İRM 94 / 100 L4a,İRM 94,100 L4a,1780.00,1952.00
EUR,IRM,9,2.2,3,"6,5-32",İRM 93 / 100 L4a,İRM 93,100 L4a,1562.00,1718.00
EUR,IRM,9,2.2,3,10-62,İRM 83 / 100 L4a,İRM 83,100 L4a,1246.00,1371.00
EUR,IRM,9,2.2,3,17-92,İRM 73 / 100 L4a,İRM 73,100 L4a,852.00,937.00
EUR,IRM,9,2.2,3,103,İRM 72 / 100 L4a,İRM 72,100 L4a,833.00,917.00
EUR,IRM,9,2.2,3,31-61,İRM 731 / 100 L4a,İRM 731,100 L4a,793.00,872.00
EUR,IRM,9,2.2,3,65-141,İRM 721 / 100 L4a,İRM 721,100 L4a,775.00,852.00
EUR,IRM,9,2.2,3,39-101,İRM 63 / 100 L4a,İRM 63,100 L4a,649.00,714.00
EUR,IRM,9,2.2,3,103-233,İRM 62 / 100 L4a,İRM 62,100 L4a,637.00,700.00
EUR,IRM,9,2.2,3,39-101,İRM 631 / 100 L4a,İRM 631,100 L4a,643.00,707.00
EUR,IRM,9,2.2,3,103-233,İRM 621 / 100 L4a,İRM 621,100 L4a,630.00,693.00
EUR,IRM,9,2.2,3,132-544,İRM 52 / 100 L4a,İRM 52,100 L4a,520.00,572.00
EUR,IRM,9,2.2,3,265-844,İRM 52 / 90 L2a,İRM 52,90 L2a,450.00,495.00
EUR,IRM,10,3.0,,"1,3-4,0",İRM 153 İR 92 / 100 L4b,İRM 153 İR 92,100 L4b,9281.00,10220.00
EUR,IRM,10,3.0,4,"1,8-6,0",İRM 154 / 100 L4b(*P),İRM 154,100 L4b(*P),8948.00,9871.00
EUR,IRM,10,3.0,4,"2,6-6,5",İRM 143 İR 82 / 100 L4b,İRM 143 İR 82,100 L4b,6523.00,7129.00
EUR,IRM,10,3.0,4,"1,7-5,1",İRM 143 İR 72 / 100 L4b,İRM 143 İR 72,100 L4b,6061.00,6667.00
EUR,IRM,10,3.0,4,"1,8-2,3",İRM 144 / 132 S6b,İRM 144,132 S6b,6059.00,6665.00
EUR,IRM,10,3.0,4,"2,5-5,9",İRM 144 / 100 L4b(*P),İRM 144,100 L4b(*P),5881.00,6469.00
EUR,IRM,10,3.0,4,"2,5-6,5",İRM 123 İR 72 / 100 L4b,İRM 123 İR 72,100 L4b,3194.00,3502.00
EUR,IRM,10,3.0,4,"2,9-6,5",İRM 124 / 100 L4b(*P),İRM 124,100 L4b(*P),2966.00,3274.00
EUR,IRM,10,3.0,4,"4,3",İRPM 123 / 132 S6b(*P),İRPM 123,132 S6b(*P),3039.00,3386.00
EUR,IRM,10,3.0,4,"4,8-11",İRM 123 / 132 S6b,İRM 123,132 S6b,2919.00,3266.00
EUR,IRM,10,3.0,4,"5,0-5,6",İRM 103 İR 72 / 100 L4b,İRM 103 İR 72,100 L4b,2608.00,2826.00
EUR,IRM,10,3.0,4,"5,8-8,3",İRM 102 İR 72 / 100 L4b,İRM 102 İR 72,100 L4b,2554.00,2772.00
EUR,IRM,10,3.0,4,"5,4-23",İRPM 103 / 100 L4b(*P),İRPM 103,100 L4b(*P),2112.00,2332.00
EUR,IRM,10,3.0,4,"7,4-9,1",İRM 94 / 100 L4b,İRM 94,100 L4b,1847.00,2024.00
EUR,IRM,10,3.0,4,"8,9-43",İRM 93 / 100 L4b,İRM 93,100 L4b,1609.00,1770.00
EUR,IRM,10,3.0,4,16-90,İRM 83 / 100 L4b,İRM 83,100 L4b,1293.00,1422.00
EUR,IRM,10,3.0,4,93-118,İRM 82 / 100 L4b,İRM 82,100 L4b,1250.00,1384.00
EUR,IRM,10,3.0,4,26-92,İRM 73 / 100 L4b,İRM 73,100 L4b,891.00,980.00
EUR,IRM,10,3.0,4,103-168,İRM 72 / 100 L4b,İRM 72,100 L4b,872.00,959.00
EUR,IRM,10,3.0,4,35-61,İRM 731 / 100 L4b,İRM 731,100 L4b,832.00,915.00
EUR,IRM,10,3.0,4,65-221,İRM 721 / 100 L4b,İRM 721,100 L4b,813.00,894.00
EUR,IRM,10,3.0,4,46-101,İRM 63 / 100 L4b,İRM 63,100 L4b,685.00,753.00
EUR,IRM,10,3.0,4,103-572,İRM 62 / 100 L4b,İRM 62,100 L4b,673.00,740.00
EUR,IRM,10,3.0,4,46-101,İRM 631 / 100 L4b,İRM 631,100 L4b,676.00,745.00
EUR,IRM,10,3.0,4,103-572,İRM 621 / 100 L4b,İRM 621,100 L4b,666.00,720.00
EUR,IRM,10,3.0,4,157-544,İRM 52 / 100 L4b,İRM 52,100 L4b,562.00,618.00
EUR,IRM,10,3.0,4,265-844,İRM 52 / 100 L2a,İRM 52,100 L2a,513.00,564.00
EUR,IRM,10,4.0,4,"1,7-5,3",İRM 153 İR 92 / 112 M4a,İRM 153 İR 92,112 M4a,9496.00,10446.00
EUR,IRM,10,4.0,5.5,"1,7-6,0",İRM 154 / 112 M4a(*P),İRM 154,112 M4a(*P),9231.00,10181.00
EUR,IRM,10,4.0,5.5,"2,6-8,4",İRM 143 İR 82 / 112 M4a,İRM 143 İR 82,112 M4a,6636.00,7272.00
EUR,IRM,10,4.0,5.5,"2,3-5,1",İRM 143 İR 72 / 112 M4a,İRM 143 İR 72,112 M4a,6174.00,6810.00
EUR,IRM,10,4.0,5.5,"2,0-2,3",İRM 144 / 132 M6a,İRM 144,132 M6a,6118.00,6754.00
EUR,IRM,10,4.0,5.5,"2,5-8,0",İRM 144 / 112 M4a(*P),İRM 144,112 M4a(*P),5979.00,6586.00
EUR,IRM,10,4.0,5.5,"5,5-6,7",İRM 143 / 132 M6a,İRM 143,132 M6a,5729.00,6301.00
EUR,IRM,10,4.0,5.5,"3,2-6,5",İRM 123 İR 72 / 112 M4a,İRM 123 İR 72,112 M4a,3276.00,3586.00
EUR,IRM,10,4.0,5.5,"3,4-6,5",İRM 124 / 112 M4b(*P),İRM 124,112 M4b(*P),2999.00,3309.00
EUR,IRM,10,4.0,5.5,"4,3",İRPM 123 / 132 M6a(*P),İRPM 123,132 M6a(*P),3169.00,3469.00
EUR,IRM,10,4.0,5.5,"4,8-11",İRM 123 / 132 M6a,İRM 123,132 M6a,2966.00,3266.00
EUR,IRM,10,4.0,5.5,"7,5-31",İRPM 103 / 112 M4a(*P),İRPM 103,112 M4a(*P),2145.00,2362.00
EUR,IRM,10,4.0,5.5,10-47,İRM 93 / 112 M4a,İRM 93,112 M4a,1682.00,1850.00
EUR,IRM,10,4.0,5.5,59-76,İRM 92 / 112 M4a,İRM 92,112 M4a,1638.00,1802.00
EUR,IRM,10,4.0,5.5,21-90,İRM 83 / 112 M4a,İRM 83,112 M4a,1363.00,1499.00
EUR,IRM,10,4.0,5.5,93-144,İRM 82 / 112 M4a,İRM 82,112 M4a,1341.00,1475.00
EUR,IRM,10,4.0,5.5,37-92,İRM 73 / 112 M4a,İRM 73,112 M4a,969.00,1066.00
EUR,IRM,10,4.0,5.5,103-230,İRM 72 / 112 M4a,İRM 72,112 M4a,950.00,1045.00
EUR,IRM,10,4.0,5.5,73-548,İRM 721 / 112 M4a,İRM 721,112 M4a,890.00,979.00
EUR,IRM,10,4.0,5.5,65-101,İRM 63 / 112 M4a,İRM 63,112 M4a,764.00,840.00
EUR,IRM,10,4.0,5.5,103-572,İRM 62 / 112 M4a,İRM 62,112 M4a,752.00,827.00
EUR,IRM,10,4.0,5.5,65-101,İRM 631 / 112 M4a,İRM 631,112 M4a,753.00,828.00
EUR,IRM,10,4.0,5.5,103-572,İRM 621 / 112 M4a,İRM 621,112 M4a,745.00,838.00
EUR,IRM,11,5.5,,"2,7-5,8",İRM 153 İR 92 / C112 M4b(*C),İRM 153 İR 92,C112 M4b(*C),9582.00,10543.00
EUR,IRM,11,5.5,7.5,"3,2-8,4",İRM 143 İR 82 / C112 M4b(*C),İRM 143 İR 82,C112 M4b(*C),6714.00,7335.00
EUR,IRM,11,5.5,7.5,"3,0-5,1",İRM 143 İR 72 / C112 M4b(*C),İRM 143 İR 72,C112 M4b(*C),6255.00,6876.00
EUR,IRM,11,5.5,7.5,14-83,İRM 93 / C112 M4b(*C),İRM 93,C112 M4b(*C),1725.00,1894.00
EUR,IRM,11,5.5,7.5,59-105,İRM 92 / C112 M4b(*C),İRM 92,C112 M4b(*C),1681.00,1855.00
EUR,IRM,11,5.5,7.5,29-90,İRM 83 / C112 M4b(*C),İRM 83,C112 M4b(*C),1414.00,1560.00
EUR,IRM,11,5.5,7.5,93-276,İRM 82 / C112 M4b(*C),İRM 82,C112 M4b(*C),1391.00,1535.00
EUR,IRM,11,5.5,7.5,62-92,İRM 73 / C112 M4b(*C),İRM 73,C112 M4b(*C),1019.00,1125.00
EUR,IRM,11,5.5,7.5,103-544,İRM 72 / C112 M4b(*C),İRM 72,C112 M4b(*C),1000.00,1104.00
EUR,IRM,11,5.5,7.5,115-548,İRM 721 / C112 M4b(*C),İRM 721,C112 M4b(*C),939.00,1037.00
EUR,IRM,11,5.5,7.5,182-572,İRM 62 / C112 M4b(*C),İRM 62,C112 M4b(*C),800.00,885.00
EUR,IRM,11,5.5,7.5,182-572,İRM 621 / C112 M4b(*C),İRM 621,C112 M4b(*C),781.00,879.00
EUR,IRM,11,5.5,7.5,"2,7-5,8",İRM 153 İR 92 / 132 S4c,İRM 153 İR 92,132 S4c,9640.00,10601.00
EUR,IRM,11,5.5,7.5,"2,2-6,0",İRM 154 / 132 S4c,İRM 154,132 S4c,9349.00,10310.00
EUR,IRM,11,5.5,7.5,"3,2-8,4",İRM 143 İR 82 / 132 S4c,İRM 143 İR 82,132 S4c,6767.00,7388.00
EUR,IRM,11,5.5,7.5,"3,0-5,1",İRM 143 İR 72 / 132 S4c,İRM 143 İR 72,132 S4c,6305.00,6926.00
EUR,IRM,11,5.5,7.5,"2,8-8,0",İRM 144 / 132 S4c,İRM 144,132 S4c,6085.00,6706.00
EUR,IRM,11,5.5,7.5,"5,5-12",İRM 143 / 132 M6b,İRM 143,132 M6b,5802.00,6423.00
EUR,IRM,11,5.5,7.5,"4,4-6,5",İRM 124 / 132 S4c,İRM 124,132 S4c,3138.00,3579.00
EUR,IRM,11,5.5,7.5,"5,3-5,9",İRM 123 / 132 M6b,İRM 123,132 M6b,3053.00,3364.00
EUR,IRM,11,5.5,7.5,"7,5-26",İRM 123 / 132 S4c,İRM 123,132 S4c,2944.00,3241.00
EUR,IRM,11,5.5,7.5,11-44,İRM 103 / 132 S4c,İRM 103,132 S4c,2237.00,2442.00
EUR,IRM,11,5.5,7.5,14-83,İRM 93 / 132 S4c,İRM 93,132 S4c,1783.00,1952.00
EUR,IRM,11,5.5,7.5,59-105,İRM 92 / 132 S4c,İRM 92,132 S4c,1739.00,1913.00
EUR,IRM,11,5.5,7.5,29-90,İRM 83 / 132 S4c,İRM 83,132 S4c,1467.00,1613.00
EUR,IRM,11,5.5,7.5,93-276,İRM 82 / 132 S4c,İRM 82,132 S4c,1444.00,1588.00
EUR,IRM,11,5.5,7.5,62-92,İRM 73 / 132 S4c,İRM 73,132 S4c,1069.00,1175.00
EUR,IRM,11,5.5,7.5,103-544,İRM 72 / 132 S4c,İRM 72,132 S4c,1050.00,1154.00
EUR,IRM,11,5.5,7.5,460-689,İRM 72 / 132 S2a,İRM 72,132 S2a,1040.00,1144.00
EUR,IRM,11,5.5,7.5,115-548,İRM 721 / 132 S4c,İRM 721,132 S4c,989.00,1087.00
EUR,IRM,11,5.5,7.5,182-572,İRM 62 / 132 S4c,İRM 62,132 S4c,848.00,933.00
EUR,IRM,11,5.5,7.5,393-851,İRM 62 / 132 S2a,İRM 62,132 S2a,829.00,911.00
EUR,IRM,11,5.5,7.5,182-572,İRM 621 / 132 S4c,İRM 621,132 S4c,840.00,927.00
EUR,IRM,11,5.5,7.5,393-852,İRM 621 / 132 S2a,İRM 621,132 S2a,821.00,904.00
EUR,IRM,11,7.5,7.5,"3,2-5,8",İRM 153 İR 92 / 132 M4a,İRM 153 İR 92,132 M4a,9734.00,10699.00
EUR,IRM,11,7.5,10,"3,8-6,0",İRM 154 / 132 M4a,İRM 154,132 M4a,9412.00,10377.00
EUR,IRM,11,7.5,10,"4,0-13",İRM 153 / 160 M6a,İRM 153,160 M6a,9039.00,10054.00
EUR,IRM,11,7.5,10,"4,2-8,4",İRM 143 İR 82 / 132 M4a,İRM 143 İR 82,132 M4a,6893.00,7525.00
EUR,IRM,11,7.5,10,"4,0-8,0",İRM 144 / 132 M4a,İRM 144,132 M4a,6208.00,6840.00
EUR,IRM,11,7.5,10,"5,5-12",İRM 143 / 160 M6a,İRM 143,160 M6a,6241.00,6897.00
EUR,IRM,11,7.5,10,"8,6-16",İRPM 143 / 132 M4a(*P),İRPM 143,132 M4a(*P),6202.00,6858.00
EUR,IRM,11,7.5,10,"6,1-6,5",İRM 124 / 132 M4a,İRM 124,132 M4a,3270.00,3575.00
EUR,IRM,11,7.5,10,"7,5-34",İRM 123 / 132 M4a,İRM 123,132 M4a,3029.00,3351.00
EUR,IRM,11,7.5,10,16-62,İRM 103 / 132 M4a,İRM 103,132 M4a,2316.00,2548.00
EUR,IRM,11,7.5,10,20-98,İRM 93 / 132 M4a,İRM 93,132 M4a,1861.00,2047.00
EUR,IRM,11,7.5,10,59-152,İRM 92 / 132 M4a,İRM 92,132 M4a,1820.00,2002.00
EUR,IRM,11,7.5,10,37-90,İRM 83 / 132 M4a,İRM 83,132 M4a,1545.00,1700.00
EUR,IRM,11,7.5,10,93-589,İRM 82 / 132 M4a,İRM 82,132 M4a,1520.00,1672.00
EUR,IRM,11,7.5,10,68-92,İRM 73 / 132 M4a,İRM 73,132 M4a,1152.00,1283.00
EUR,IRM,11,7.5,10,103-544,İRM 72 / 132 M4a,İRM 72,132 M4a,1128.00,1240.00
EUR,IRM,11,7.5,10,460-689,İRM 72 / 132 S2b,İRM 72,132 S2b,1088.00,1196.00
EUR,IRM,11,7.5,10,115-548,İRM 721 / 132 M4a,İRM 721,132 M4a,1066.00,1172.00
EUR,IRM,12,11,,"5,3-5,8",İRM 153 İR 92 / C132 M4b(*C),İRM 153 İR 92,C132 M4b(*C),9932.00,10916.00
EUR,IRM,12,11,15,"4,8-6,0",İRM 154 / C132 M4b(*C),İRM 154,C132 M4b(*C),9587.00,10571.00
EUR,IRM,12,11,15,"5,9-8,0",İRM 144 / C132 M4b(*C),İRM 144,C132 M4b(*C),6480.00,7141.00
EUR,IRM,12,11,15,13-48,İRM 123 / C132 M4b(*C),İRM 123,C132 M4b(*C),3326.00,3662.00
EUR,IRM,12,11,15,23-93,İRM 103 / C132 M4b(*C),İRM 103,C132 M4b(*C),2581.00,2845.00
EUR,IRM,12,11,15,79,İRM 102 / C132 M4b(*C),İRM 102,C132 M4b(*C),2525.00,2784.00
EUR,IRM,12,11,15,29-98,İRM 93 / C132 M4b(*C),İRM 93,C132 M4b(*C),2130.00,2349.00
EUR,IRM,12,11,15,67-223,İRM 92 / C132 M4b(*C),İRM 92,C132 M4b(*C),2084.00,2298.00
EUR,IRM,12,11,15,62-90,İRM 83 / C132 M4b(*C),İRM 83,C132 M4b(*C),1807.00,1994.00
EUR,IRM,12,11,15,1005-589,İRM 82 / C132 M4b(*C),İRM 82,C132 M4b(*C),1782.00,1966.00
EUR,IRM,12,11,15,168-544,İRM 72 / C132 M4b(*C),İRM 72,C132 M4b(*C),1367.00,1478.00
EUR,IRM,12,11,15,"5,3-5,8",İRM 153 İR 92 / 160 M4b,İRM 153 İR 92,160 M4b,9993.00,10977.00
EUR,IRM,12,11,15,"4,8-6,0",İRM 154 / 160 M4b,İRM 154,160 M4b,9650.00,10634.00
EUR,IRM,12,11,15,"4,4-7,0",İRM 153 / 160 L6b,İRM 153,160 L6b,9158.00,10074.00
EUR,IRM,12,11,15,"6,3-16",İRM 153 / 160 M4b,İRM 153,160 M4b,8937.00,9816.00
EUR,IRM,12,11,15,"5,9-8,0",İRM 144 / 160 M4b,İRM 144,160 M4b,6543.00,7204.00
EUR,IRM,12,11,15,"6,1-12",İRM 143 / 160 L6b,İRM 143,160 L6b,6399.00,7073.00
EUR,IRM,12,11,15,"8,6-21",İRM 143 / 160 M4b,İRM 143,160 M4b,6209.00,6835.00
EUR,IRM,12,11,15,13-48,İRM 123 / 160 M4b,İRM 123,160 M4b,3391.00,3727.00
EUR,IRM,12,11,15,23-93,İRM 103 / 160 M4b,İRM 103,160 M4b,2644.00,2908.00
EUR,IRM,12,11,15,79,İRM 102 / 160 M4b,İRM 102,160 M4b,2588.00,2847.00
EUR,IRM,12,11,15,29-98,İRM 93 / 160 M4b,İRM 93,160 M4b,2191.00,2410.00
EUR,IRM,12,11,15,67-223,İRM 92 / 160 M4b,İRM 92,160 M4b,2145.00,2359.00
EUR,IRM,12,11,15,62-90,İRM 83 / 160 M4b,İRM 83,160 M4b,1866.00,2053.00
EUR,IRM,12,11,15,1005-589,İRM 82 / 160 M4b,İRM 82,160 M4b,1841.00,2025.00
EUR,IRM,12,11,15,168-230,İRPM 72 / 160 M4b(*P),İRPM 72,160 M4b(*P),1488.00,1604.00
EUR,IRM,12,11,15,254-544,İRM 72 / 160 M4b,İRM 72,160 M4b,1424.00,1535.00
EUR,IRM,12,15,15,"5,7-7,0",İRM 153 / 180 L6b,İRM 153,180 L6b,9517.00,10511.00
EUR,IRM,12,15,20,"6,3-20",İRM 153 / 160 L4a,İRM 153,160 L4a,9142.00,10094.00
EUR,IRM,12,15,20,"9,7-12",İRM 143 / 180 L6b,İRM 143,180 L6b,6779.00,7382.00
EUR,IRM,12,15,20,"8,6-34",İRM 143 / 160 L4a,İRM 143,160 L4a,6412.00,7080.00
EUR,IRM,12,15,20,15-65,İRM 123 / 160 L4a,İRM 123,160 L4a,3566.00,3927.00
EUR,IRM,12,15,20,53-80,İRM 122 / 160 L4a,İRM 122,160 L4a,3469.00,3823.00
EUR,IRM,12,15,20,25-93,İRM 103 / 160 L4a,İRM 103,160 L4a,2796.00,3078.00
EUR,IRM,12,15,20,79-148,İRM 102 / 160 L4a,İRM 102,160 L4a,2735.00,3008.00
EUR,IRM,12,15,20,69-98,İRM 93 / 160 L4a,İRM 93,160 L4a,2335.00,2564.00
EUR,IRM,12,15,20,67-315,İRM 92 / 160 L4a,İRM 92,160 L4a,2292.00,2521.00
EUR,IRM,12,15,20,83-90,İRM 83 / 160 L4a,İRM 83,160 L4a,2010.00,2211.00
EUR,IRM,12,15,20,105-589,İRM 82 / 160 L4a,İRM 82,160 L4a,1985.00,2184.00
EUR,IRM,12,18.5,20,"7,8-23",İRM 153 / C160 L4b(*C),İRM 153,C160 L4b(*C),9337.00,10298.00
EUR,IRM,12,18.5,25,10-41,İRM 143 / C160 L4b(*C),İRM 143,C160 L4b(*C),6591.00,7269.00
EUR,IRM,12,18.5,25,18-78,İRM 123 / C160 L4b(*C),İRM 123,C160 L4b(*C),3729.00,4122.00
EUR,IRM,12,18.5,25,58-101,İRM 122 / C160 L4b(*C),İRM 122,C160 L4b(*C),3629.00,4011.00
EUR,IRM,12,18.5,25,35-93,İRM 103 / C160 L4b(*C),İRM 103,C160 L4b(*C),2975.00,3281.00
EUR,IRM,12,18.5,25,79-195,İRM 102 / C160 L4b(*C),İRM 102,C160 L4b(*C),2921.00,3222.00
EUR,IRM,12,18.5,25,85-571,İRM 92 / C160 L4b(*C),İRM 92,C160 L4b(*C),2480.00,2736.00
EUR,IRM,12,18.5,25,130-523,İRM 82 / C160 L4b(*C),İRM 82,C160 L4b(*C),2199.00,2427.00
EUR,IRM,13,18.5,,"7,8-23",İRM 153 / 180 M4b,İRM 153,180 M4b,9434.00,10395.00
EUR,IRM,13,18.5,25,10-41,İRM 143 / 180 M4b,İRM 143,180 M4b,6684.00,7362.00
EUR,IRM,13,18.5,25,18-78,İRM 123 / 180 M4b,İRM 123,180 M4b,3822.00,4215.00
EUR,IRM,13,18.5,25,58-101,İRM 122 / 180 M4b,İRM 122,180 M4b,3722.00,4104.00
EUR,IRM,13,18.5,25,35-93,İRM 103 / 180 M4b,İRM 103,180 M4b,3066.00,3372.00
EUR,IRM,13,18.5,25,79-195,İRM 102 / 180 M4b,İRM 102,180 M4b,3012.00,3313.00
EUR,IRM,13,18.5,25,85-571,İRM 92 / 180 M4b,İRM 92,180 M4b,2566.00,2822.00
EUR,IRM,13,18.5,25,130-523,İRM 82 / 180 M4b,İRM 82,180 M4b,2283.00,2511.00
EUR,IRM,13,22,25,"8,8-32",İRM 153 / 180 L4b,İRM 153,180 L4b,9789.00,10804.00
EUR,IRM,13,22,30,15-50,İRM 143 / 180 L4b,İRM 143,180 L4b,7018.00,7719.00
EUR,IRM,13,22,30,23-78,İRM 123 / 180 L4b,İRM 123,180 L4b,4116.00,4534.00
EUR,IRM,13,22,30,70-121,İRM 122 / 180 L4b,İRM 122,180 L4b,4022.00,4418.00
EUR,IRM,13,22,30,44-93,İRM 103 / 180 L4b,İRM 103,180 L4b,3350.00,3689.00
EUR,IRM,13,22,30,79-618,İRM 102 / 180 L4b,İRM 102,180 L4b,3250.00,3581.00
EUR,IRM,13,22,30,105-571,İRM 92 / 180 L4b,İRM 92,180 L4b,2797.00,3079.00
EUR,IRM,13,22,30,208-589,İRM 82 / 180 L4b,İRM 82,180 L4b,2524.00,2780.00
EUR,IRM,13,30,30,12-59,İRM 153 / C180 L4b(*C),İRM 153,C180 L4b(*C),8814.00,9714.00
EUR,IRM,13,30,40,16-69,İRM 143 / C180 L4b(*C),İRM 143,C180 L4b(*C),6407.00,7092.00
EUR,IRM,13,30,40,69-96,İRM 142 / C180 L4b(*C),İRM 142,C180 L4b(*C),6197.00,6873.00
EUR,IRM,13,30,40,29-78,İRM 123 / C180 L4b(*C),İRM 123,C180 L4b(*C),4058.00,4481.00
EUR,IRM,13,30,40,80-426,İRM 122 / C180 L4b(*C),İRM 122,C180 L4b(*C),3985.00,4401.00
EUR,IRM,13,30,40,62-93,İRM 103 / C180 L4b(*C),İRM 103,C180 L4b(*C),3467.00,3936.00
EUR,IRM,13,30,40,89-618,İRM 102 / C180 L4b(*C),İRM 102,C180 L4b(*C),3349.00,3701.00
EUR,IRM,13,30,40,203-571,İRM 92 / C180 L4b(*C),İRM 92,C180 L4b(*C),2902.00,3209.00
EUR,IRM,13,30,40,12-59,İRM 153 / 200 L4c,İRM 153,200 L4c,10233.00,11248.00
EUR,IRM,13,30,40,16-69,İRM 143 / 200 L4c,İRM 143,200 L4c,7440.00,8140.00
EUR,IRM,13,30,40,69-96,İRM 142 / 200 L4c,İRM 142,200 L4c,7239.00,7940.00
EUR,IRM,13,30,40,29-78,İRM 123 / 200 L4c,İRM 123,200 L4c,4242.00,4665.00
EUR,IRM,13,30,40,80-426,İRM 122 / 200 L4c,İRM 122,200 L4c,4169.00,4585.00
EUR,IRM,13,30,40,62-93,İRM 103 / 200 L4c,İRM 103,200 L4c,3644.00,4113.00
EUR,IRM,13,30,40,89-618,İRM 102 / 200 L4c,İRM 102,200 L4c,3526.00,3878.00
EUR,IRM,13,30,40,203-571,İRM 92 / 200 L4c,İRM 92,200 L4c,3075.00,3382.00
EUR,IRM,13,37,40,15-59,İRM 153 / C200 L4b(*C),İRM 153,C200 L4b(*C),10587.00,11731.00
EUR,IRM,13,37,50,50-89,İRM 152 / C200 L4b(*C),İRM 152,C200 L4b(*C),9939.00,11083.00
EUR,IRM,13,37,50,22-70,İRM 143 / C200 L4b(*C),İRM 143,C200 L4b(*C),7601.00,8503.00
EUR,IRM,13,37,50,70-110,İRM 142 / C200 L4b(*C),İRM 142,C200 L4b(*C),7076.00,7959.00
EUR,IRM,13,37,50,39-78,İRM 123 / C200 L4b(*C),İRM 123,C200 L4b(*C),4860.00,5389.00
EUR,IRM,13,37,50,80-426,İRM 122 / C200 L4b(*C),İRM 122,C200 L4b(*C),4756.00,5277.00
EUR,IRM,13,37,50,89-619,İRM 102 / C200 L4b(*C),İRM 102,C200 L4b(*C),3876.00,4312.00
EUR,IRM,13,37,50,15-59,İRM 153 / 225 S4a,İRM 153,225 S4a,10982.00,12126.00
EUR,IRM,13,37,50,50-89,İRM 152 / 225 S4a,İRM 152,225 S4a,10334.00,11478.00
EUR,IRM,13,37,50,22-70,İRM 143 / 225 S4a,İRM 143,225 S4a,8171.00,9073.00
EUR,IRM,13,37,50,70-110,İRM 142 / 225 S4a,İRM 142,225 S4a,7646.00,8529.00
EUR,IRM,13,37,50,39-78,İRM 123 / 225 S4a,İRM 123,225 S4a,5232.00,5761.00
EUR,IRM,13,37,50,80-426,İRM 122 / 225 S4a,İRM 122,225 S4a,5128.00,5649.00
EUR,IRM,13,37,50,89-619,İRM 102 / 225 S4a,İRM 102,225 S4a,4217.00,4653.00
EUR,IRM,14,45,,18-59,İRM 153 / 225 M4c,İRM 153,225 M4c,11313.00,12430.00
EUR,IRM,14,45,60,49-97,İRM 152 / 225 M4c,İRM 152,225 M4c,10658.00,11815.00
EUR,IRM,14,45,60,25-69,İRM 143 / 225 M4c,İRM 143,225 M4c,8514.00,9376.00
EUR,IRM,14,45,60,69-109,İRM 142 / 225 M4c,İRM 142,225 M4c,7793.00,8420.00
EUR,IRM,14,45,60,43-78,İRM 123 / 225 M4c,İRM 123,225 M4c,5505.00,6070.00
EUR,IRM,14,45,60,80-426,İRM 122 / 225 M4c,İRM 122,225 M4c,5408.00,5958.00
EUR,IRM,14,45,60,100-618,İRM 102 / 225 M4c,İRM 102,225 M4c,4490.00,4946.00
EUR,IRM,14,55,60,23-59,İRM 153 /C 225 M4c(*C),İRM 153,C 225 M4c(*C),12138.00,13390.00
EUR,IRM,14,55,75,49-130,İRM 152 /C 225 M4c(*C),İRM 152,C 225 M4c(*C),11246.00,12423.00
EUR,IRM,14,55,75,31-69,İRM 143 /C 225 M4c(*C),İRM 143,C 225 M4c(*C),9359.00,10325.00
EUR,IRM,14,55,75,69-244,İRM 142 /C 225 M4c(*C),İRM 142,C 225 M4c(*C),8479.00,9457.00
EUR,IRM,14,55,75,80-426,İRM 122 /C 225 M4c(*C),İRM 122,C 225 M4c(*C),6732.00,7542.00
EUR,IRM,14,55,75,132-618,İRM 102/C 225 M4c(*C),İRM 102,C 225 M4c(*C),5932.00,6742.00
EUR,IRM,14,55,75,23-59,İRM 153 / 250 M4c,İRM 153,250 M4c,12408.00,13660.00
EUR,IRM,14,55,75,49-130,İRM 152 / 250 M4c,İRM 152,250 M4c,11516.00,12693.00
EUR,IRM,14,55,75,31-69,İRM 143 / 250 M4c,İRM 143,250 M4c,9587.00,10553.00
EUR,IRM,14,55,75,69-244,İRM 142 / 250 M4c,İRM 142,250 M4c,8707.00,9685.00
EUR,IRM,14,55,75,80-202,İRPM 122 / 250 M4c(*P),İRPM 122,250 M4c(*P),6960.00,7770.00
EUR,IRM,14,55,75,223-426,İRM 122 / 250 M4c,İRM 122,250 M4c,6489.00,7244.00
EUR,IRM,14,75,75,31-59,İRM 153 / 280 S4,İRM 153,280 S4,14073.00,15485.00
EUR,IRM,14,75,100,73-171,İRM 152 / 280 S4,İRM 152,280 S4,13425.00,14768.00
EUR,IRM,14,75,100,50-69,İRM 143 / 280 S4,İRM 143,280 S4,11182.00,12295.00
EUR,IRM,14,75,100,96-292,İRM 142 / 280 S4,İRM 142,280 S4,10549.00,11599.00
EUR,IRM,14,90,100,39-59,İRM 153 / 280 M4,İRM 153,280 M4,14433.00,15881.00
EUR,IRM,14,90,120,73-233,İRM 152 / 280 M4,İRM 152,280 M4,13845.00,15241.00
EUR,IRM,14,90,120,96-292,İRM 142 / 280 M4,İRM 142,280 M4,10932.00,12015.00
EUR,IRM,14,110,120,50-59,İRM 153 / 315 S4,İRM 153,315 S4,17883.00,19687.00
EUR,IRM,14,110,150,81-233,İRM 152 / 315 S4,İRM 152,315 S4,17272.00,18993.00
EUR,IRM,14,132,150,59,İRM 153 / 315 M4a,İRM 153,315 M4a,19349.00,21302.00
EUR,IRM,14,132,180,124-233,İRM 152 / 315 M4a,İRM 152,315 M4a,18714.00,20623.00
EUR,IRM,14,160,220,124-233,İRM 152 / 315 M4b,İRM 152,315 M4b,19868.00,21882.00
EUR,IRKM,21,0.12,,"0,17-1,2",İRKPM 103 İR 63 / 63 M4a(*P),İRKPM 103 İR 63,63 M4a(*P),2896.00,3007.00
EUR,IRKM,21,0.12,0.16,"0,27-0,63",İRKPM 93 İR 63 / 63 M4a(*P),İRKPM 93 İR 63,63 M4a(*P),1989.00,2042.00
EUR,IRKM,21,0.12,0.16,"0,48-1,1",İRKPM 83 İR 53 / 63 M4a(*P),İRKPM 83 İR 53,63 M4a(*P),1555.00,1587.00
EUR,IRKM,21,0.12,0.16,"1,3-2,2",İRKPM 83 İR 52 / 63 M4a(*P),İRKPM 83 İR 52,63 M4a(*P),1546.00,1578.00
EUR,IRKM,21,0.12,0.16,"1,0-2,0",İRKPM 73 İR 53 / 63 M4a(*P),İRKPM 73 İR 53,63 M4a(*P),1051.00,1075.00
EUR,IRKM,21,0.12,0.16,"2,3-6,8",İRKPM 73 İR 52 / 63 M4a(*P),İRKPM 73 İR 52,63 M4a(*P),1041.00,1065.00
EUR,IRKM,21,0.12,0.16,"3,6-4,6",İRKPM 74 / 63 M4a(*P),İRKPM 74,63 M4a(*P),916.00,940.00
EUR,IRKM,21,0.12,0.16,"2,4-10",İRKPM 63 İR 52 / 63M4a(*P),İRKPM 63 İR 52,63M4a(*P),725.00,747.00
EUR,IRKM,21,0.12,0.16,10-17,İRKPM 63 / 63 M4a(*P),İRKPM 63,63 M4a(*P),550.00,571.00
EUR,IRKM,21,0.12,0.16,18-47,İRKPM 53 / 63 M4a(*P),İRKPM 53,63 M4a(*P),440.00,460.00
EUR,IRKM,21,0.12,0.16,18-47,İRKPM 43 / 63 M4a(*P),İRKPM 43,63 M4a(*P),430.00,450.00
EUR,IRKM,21,0.18,0.16,"0,32-1,2",İRKPM 103 İR 63 / 63 M4b(*P),İRKPM 103 İR 63,63 M4b(*P),2899.00,3010.00
EUR,IRKM,21,0.18,0.25,"0,93-1,1",İRKPM 93 İR 63 / 63 M4b(*P),İRKPM 93 İR 63,63 M4b(*P),1994.00,2047.00
EUR,IRKM,21,0.18,0.25,"0,43-0,63",İRKPM 83 İR 53 / 63 M4b(*P),İRKPM 83 İR 53,63 M4b(*P),1566.00,1598.00
EUR,IRKM,21,0.18,0.25,"1,3-3,7",İRKPM 83 İR 52 / 63 M4b(*P),İRKPM 83 İR 52,63 M4b(*P),1558.00,1590.00
EUR,IRKM,21,0.18,0.25,"1,5-2,2",İRKM 84 / 71 M6a,İRKM 84,71 M6a,1415.00,1446.00
EUR,IRKM,21,0.18,0.25,"1,5-2,0",İRKPM 73 İR 53 / 63 M4b(*P),İRKPM 73 İR 53,63 M4b(*P),1054.00,1078.00
EUR,IRKM,21,0.18,0.25,"2,3-6,8",İRKPM 73 İR 52 / 63 M4b(*P),İRKPM 73 İR 52,63 M4b(*P),1044.00,1068.00
EUR,IRKM,21,0.18,0.25,"2,3-3,0",İRKM 74 / 71 M6a,İRKM 74,71 M6a,971.00,995.00
EUR,IRKM,21,0.18,0.25,"3,6-7,2",İRKPM 74 / 63 M4b(*P),İRKPM 74,63 M4b(*P),945.00,969.00
EUR,IRKM,21,0.18,0.25,"6,7-7,2",İRKPM 73 / 71 M6a(*P),İRKPM 73,71 M6a(*P),831.00,856.00
EUR,IRKM,21,0.18,0.25,"7,7",İRKM 73 / 71 M6a,İRKM 73,71 M6a,792.00,816.00
EUR,IRKM,21,0.18,0.25,"3,0-10",İRKPM 63 İR 52 / 63 M4b(*P),İRKPM 63 İR 52,63 M4b(*P),737.00,759.00
EUR,IRKM,21,0.18,0.25,"6,8-11",İRKPM 63 / 71 M6a(*P),İRKPM 63,71 M6a(*P),577.00,599.00
EUR,IRKM,21,0.18,0.25,"7,8-14",İRKM 63 / 71 M6a,İRKM 63,71 M6a,550.00,572.00
EUR,IRKM,21,0.18,0.25,11-28,İRKPM 63 / 63 M4b(*P),İRKPM 63,63 M4b(*P),559.00,581.00
EUR,IRKM,21,0.18,0.25,12-14,İRKPM 53 / 71 M6a(*P),İRKPM 53,71 M6a(*P),491.00,511.00
EUR,IRKM,21,0.18,0.25,16-21,İRKM 53 / 71 M6a,İRKM 53,71 M6a,465.00,486.00
EUR,IRKM,21,0.18,0.25,18-63,İRKPM 52 / 63 M4b(*P),İRKPM 52,63 M4b(*P),458.00,479.00
EUR,IRKM,21,0.18,0.25,12-14,İRKPM 43 / 71 M6a(*P),İRKPM 43,71 M6a(*P),482.00,503.00
EUR,IRKM,21,0.18,0.25,16-21,İRKM 43 / 71 M6a,İRKM 43,71 M6a,457.00,478.00
EUR,IRKM,21,0.18,0.25,18-63,İRKPM 43 / 63 M4b(*P),İRKPM 43,63 M4b(*P),434.00,454.00
EUR,IRKM,21,0.25,0.25,"0,14-0,97",İRKM 143 İR 73 / 71 M4a,İRKM 143 İR 73,71 M4a,5801.00,6073.00
EUR,IRKM,21,0.25,0.34,"0,18-1,3",İRKM 123 İR 73 / 71 M4a,İRKM 123 İR 73,71 M4a,3881.00,4042.00
EUR,IRKM,21,0.25,0.34,"0,40-2,5",İRKM 103 İR 63 / 71 M4a,İRKM 103 İR 63,71 M4a,2878.00,2989.00
EUR,IRKM,21,0.25,0.34,"0,70-3,3",İRKM 93 İR 63 / 71 M4a,İRKM 93 İR 63,71 M4a,2022.00,2075.00
EUR,IRKM,21,0.25,0.34,"1,8-2,6",İRKM 94 / 71 M6b,İRKM 94,71 M6b,1844.00,1897.00
EUR,IRKM,21,0.25,0.34,"1,1",İRKM 83 İR 53 / 71 M4a,İRKM 83 İR 53,71 M4a,1579.00,1611.00
EUR,IRKM,21,0.25,0.34,"1,3-7,7",İRKM 83 İR 52 / 71 M4a,İRKM 83 İR 52,71 M4a,1570.00,1602.00
EUR,IRKM,21,0.25,0.34,"1,5-2,2",İRKM 84 / 71 M6b,İRKM 84,71 M6b,1425.00,1457.00
EUR,IRKM,21,0.25,0.34,"2,3-4,3",İRKM 84 / 71 M4a,İRKM 84,71 M4a,1406.00,1438.00
EUR,IRKM,21,0.25,0.34,"3,8-6,3",İRKM 83 / 71 M6b,İRKM 83,71 M6b,1318.00,1354.00
EUR,IRKM,21,0.25,0.34,"2,0",İRKM 73 İR 53 / 71 M4a,İRKM 73 İR 53,71 M4a,1071.00,1095.00
EUR,IRKM,21,0.25,0.34,"2,3-11",İRKM 73 İR 52 / 71 M4a,İRKM 73 İR 52,71 M4a,1061.00,1085.00
EUR,IRKM,21,0.25,0.34,"2,3-3,0",İRKM 74 / 71 M6b,İRKM 74,71 M6b,981.00,1005.00
EUR,IRKM,21,0.25,0.34,"3,6-8,6",İRKM 74 / 71 M4a,İRKM 74,71 M4a,963.00,987.00
EUR,IRKM,21,0.25,0.34,"6,7-7,2",İRKPM 73 / 71 M6b(*P),İRKPM 73,71 M6b(*P),841.00,865.00
EUR,IRKM,21,0.25,0.34,"7,7",İRKM 73 / 71 M6b,İRKM 73,71 M6b,801.00,825.00
EUR,IRKM,21,0.25,0.34,10-11,İRKPM 73 / 71 M4a(*P),İRKPM 73,71 M4a(*P),827.00,851.00
EUR,IRKM,21,0.25,0.34,12-15,İRKM 73 / 71 M4a,İRKM 73,71 M4a,788.00,812.00
EUR,IRKM,22,0.25,,"4,1-10",İRKM 63 İR 52 / 71 M4a,İRKM 63 İR 52,71 M4a,755.00,777.00
EUR,IRKM,22,0.25,0.34,"6,8-11",İRKPM 63 / 71 M6b(*P),İRKPM 63,71 M6b(*P),585.00,606.00
EUR,IRKM,22,0.25,0.34,"7,8-14",İRKM 63 / 71 M6b,İRKM 63,71 M6b,557.00,579.00
EUR,IRKM,22,0.25,0.34,11-28,İRKPM 63 / 71 M4a(*P),İRKPM 63,71 M4a(*P),566.00,588.00
EUR,IRKM,22,0.25,0.34,12-31,İRKM 63 / 71 M4a,İRKM 63,71 M4a,539.00,561.00
EUR,IRKM,22,0.25,0.34,12-14,İRKPM 53 / 71 M6b(*P),İRKPM 53,71 M6b(*P),493.00,513.00
EUR,IRKM,22,0.25,0.34,16-21,İRKM 53 / 71 M6b,İRKM 53,71 M6b,469.00,490.00
EUR,IRKM,22,0.25,0.34,18-21,İRKPM 53 / 71 M4a(*P),İRKPM 53,71 M4a(*P),477.00,498.00
EUR,IRKM,22,0.25,0.34,24-89,İRKM 53 / 71 M4a,İRKM 53,71 M4a,452.00,473.00
EUR,IRKM,22,0.25,0.34,98-114,İRKPM 52 / 71 M4a(*P),İRKPM 52,71 M4a(*P),466.00,486.00
EUR,IRKM,22,0.25,0.34,131-324,İRKM 52 / 71 M4a,İRKM 52,71 M4a,442.00,462.00
EUR,IRKM,22,0.25,0.34,12-14,İRKPM 43 / 71 M6b(*P),İRKPM 43,71 M6b(*P),487.00,507.00
EUR,IRKM,22,0.25,0.34,16-21,İRKM 43 / 71 M6b,İRKM 43,71 M6b,462.00,482.00
EUR,IRKM,22,0.25,0.34,18-21,İRKPM 43 / 71 M4a(*P),İRKPM 43,71 M4a(*P),467.00,488.00
EUR,IRKM,22,0.25,0.34,24-89,İRKM 43 / 71 M4a,İRKM 43,71 M4a,443.00,463.00
EUR,IRKM,22,0.25,0.34,98-114,İRKPM 42 / 71 M4a(*P),İRKPM 42,71 M4a(*P),460.00,480.00
EUR,IRKM,22,0.25,0.34,131-324,İRKM 42 / 71 M4a,İRKM 42,71 M4a,436.00,456.00
EUR,IRKM,22,0.37,0.34,"0,18-0,97",İRKM 143 İR 73 / 71 M4b,İRKM 143 İR 73,71 M4b,6191.00,6443.00
EUR,IRKM,22,0.37,0.50,"0,31-1,3",İRKM 123 İR 73 / 71 M4b,İRKM 123 İR 73,71 M4b,4042.00,4207.00
EUR,IRKM,22,0.37,0.50,"0,62-2,5",İRKM 103 İR 63 / 71 M4b,İRKM 103 İR 63,71 M4b,2886.00,2997.00
EUR,IRKM,22,0.37,0.50,"3,9-5,0",İRKM 93 İR 62 / 71 M4b,İRKM 93 İR 62,71 M4b,2030.00,2084.00
EUR,IRKM,22,0.37,0.50,"1,8-3,3",İRKM 94 / 80 M6a,İRKM 94,80 M6a,1872.00,1925.00
EUR,IRKM,22,0.37,0.50,"2,8-3,4",İRKM 94 / 71 M4b,İRKM 94,71 M4b,1850.00,1903.00
EUR,IRKM,22,0.37,0.50,"5,0-7,5",İRKM 93 / 80 M6a,İRKM 93,80 M6a,1589.00,1642.00
EUR,IRKM,22,0.37,0.50,"1,5-9,4",İRKM 83 İR 52 / 71 M4b,İRKM 83 İR 52,71 M4b,1599.00,1631.00
EUR,IRKM,22,0.37,0.50,"2,0-2,2",İRKM 84 / 80 M6a,İRKM 84,80 M6a,1439.00,1471.00
EUR,IRKM,22,0.37,0.50,"2,3-5,4",İRKM 84 / 71 M4b,İRKM 84,71 M4b,1414.00,1446.00
EUR,IRKM,22,0.37,0.50,"3,8-8,0",İRKM 83 / 80 M6a,İRKM 83,80 M6a,1219.00,1251.00
EUR,IRKM,22,0.37,0.50,"8,4-9,8",İRKM 83 / 71 M4b,İRKM 83,71 M4b,1199.00,1231.00
EUR,IRKM,22,0.37,0.50,"3,3-11",İRKM 73 İR 52 / 71 M4b,İRKM 73 İR 52,71 M4b,1094.00,1118.00
EUR,IRKM,22,0.37,0.50,"3,6-12",İRKM 74 / 71 M4b,İRKM 74,71 M4b,971.00,995.00
EUR,IRKM,22,0.37,0.50,"6,7-7,2",İRKPM 73 / 80 M6a(*P),İRKPM 73,80 M6a(*P),882.00,906.00
EUR,IRKM,22,0.37,0.50,"7,7",İRKM 73 / 80 M6a,İRKM 73,80 M6a,840.00,864.00
EUR,IRKM,22,0.37,0.50,10-11,İRKPM 73 / 71 M4b(*P),İRKPM 73,71 M4b(*P),864.00,888.00
EUR,IRKM,22,0.37,0.50,12-19,İRKM 73 / 71 M4b,İRKM 73,71 M4b,823.00,847.00
EUR,IRKM,22,0.37,0.50,"7,0-10",İRKM 63 İR 52 / 71 M4b,İRKM 63 İR 52,71 M4b,767.00,789.00
EUR,IRKM,22,0.37,0.50,11,İRKPM 63 / 80 M6a(*P),İRKPM 63,80 M6a(*P),599.00,621.00
EUR,IRKM,22,0.37,0.50,"8,6-14",İRKM 63 / 80 M6a,İRKM 63,80 M6a,570.00,592.00
EUR,IRKM,22,0.37,0.50,11-28,İRKPM 63/ 71 M4b(*P),İRKPM 63,71 M4b(*P),573.00,595.00
EUR,IRKM,22,0.37,0.50,12-62,İRKM 63 / 71 M4b,İRKM 63,71 M4b,546.00,568.00
EUR,IRKM,22,0.37,0.50,12-14,İRKPM 53 / 80 M6a(*P),İRKPM 53,80 M6a(*P),514.00,534.00
EUR,IRKM,22,0.37,0.50,16-21,İRKM 53 / 80 M6a,İRKM 53,80 M6a,487.00,508.00
EUR,IRKM,22,0.37,0.50,18-21,İRKPM 53/ 71 M4b(*P),İRKPM 53,71 M4b(*P),487.00,507.00
EUR,IRKM,22,0.37,0.50,24-89,İRKM 53 / 71 M4b,İRKM 53,71 M4b,462.00,482.00
EUR,IRKM,22,0.37,0.50,98-114,İRKPM 52/ 71 M4b(*P),İRKPM 52,71 M4b(*P),482.00,502.00
EUR,IRKM,22,0.37,0.50,131-324,İRKM 52 / 71 M4b,İRKM 52,71 M4b,453.00,473.00
EUR,IRKM,22,0.37,0.50,12-14,İRKPM 43 / 80 M6a(*P),İRKPM 43,80 M6a(*P),493.00,513.00
EUR,IRKM,22,0.37,0.50,16-21,İRKM 43 / 80 M6a,İRKM 43,80 M6a,467.00,488.00
EUR,IRKM,22,0.37,0.50,18-21,İRKPM 43 / 71 M4b(*P),İRKPM 43,71 M4b(*P),476.00,497.00
EUR,IRKM,22,0.37,0.50,24-89,İRKM 43 / 71 M4b,İRKM 43,71 M4b,452.00,472.00
EUR,IRKM,22,0.37,0.50,98-114,İRKPM 42/ 71 M4b(*P),İRKPM 42,71 M4b(*P),472.00,493.00
EUR,IRKM,22,0.37,0.50,131-324,İRKM 42 / 71 M4b,İRKM 42,71 M4b,442.00,462.00
EUR,IRKM,23,0.55,,"0,20-0,55",İRKPM 153 İR 93 / 80 M4a(*P),İRKPM 153 İR 93,80 M4a(*P),9004.00,9326.00
EUR,IRKM,23,0.55,0.75,"0,25-0,97",İRKM 143 İR 73 / 80 M4a,İRKM 143 İR 73,80 M4a,6398.00,6650.00
EUR,IRKM,23,0.55,0.75,"1,1-1,6",İRKM 143 İR 72 / 80 M4a,İRKM 143 İR 72,80 M4a,6370.00,6622.00
EUR,IRKM,23,0.55,0.75,"0,43-1,3",İRKM 123 İR 73 / 80 M4a,İRKM 123 İR 73,80 M4a,4189.00,4353.00
EUR,IRKM,23,0.55,0.75,"0,71-2,6",İRKM 123 İR 72 / 80 M4a,İRKM 123 İR 72,80 M4a,4141.00,4305.00
EUR,IRKM,23,0.55,0.75,"0,92-2,8",İRKM 103 İR 63 / 80 M4a,İRKM 103 İR 63,80 M4a,2947.00,3055.00
EUR,IRKM,23,0.55,0.75,"2,9-6,6",İRKM 103 İR 62 / 80 M4a,İRKM 103 İR 62,80 M4a,2936.00,3044.00
EUR,IRKM,23,0.55,0.75,"1,46-2,0",İRKM 104 / 80 M6b,İRKM 104,80 M6b,2607.00,2719.00
EUR,IRKM,23,0.55,0.75,"1,4-3,3",İRKM 93 İR 63 / 80 M4a,İRKM 93 İR 63,80 M4a,2050.00,2103.00
EUR,IRKM,23,0.55,0.75,"3,9-7,5",İRKM 93 İR 62 / 80 M4a,İRKM 93 İR 62,80 M4a,2039.00,2093.00
EUR,IRKM,23,0.55,0.75,"1,8-3,3",İRKM 94 / 80 M6b,İRKM 94,80 M6b,1887.00,1940.00
EUR,IRKM,23,0.55,0.75,"2,8-5,8",İRKM 94 / 80 M4a,İRKM 94,80 M4a,1869.00,1922.00
EUR,IRKM,23,0.55,0.75,"5,0-7,5",İRKM 93 / 80 M6b,İRKM 93,80 M6b,1628.00,1681.00
EUR,IRKM,23,0.55,0.75,"1,9-9,4",İRKM 83 İR 52 / 80 M4a,İRKM 83 İR 52,80 M4a,1616.00,1648.00
EUR,IRKM,23,0.55,0.75,"3,1-5,4",İRKM 84 / 80 M4a,İRKM 84,80 M4a,1435.00,1467.00
EUR,IRKM,23,0.55,0.75,"3,8-8,0",İRKM 83 / 80 M6b,İRKM 83,80 M6b,1233.00,1265.00
EUR,IRKM,23,0.55,0.75,"5,9-13",İRKM 83 / 80 M4a,İRKM 83,80 M4a,1216.00,1248.00
EUR,IRKM,23,0.55,0.75,"5,3-11",İRKM 73 İR 52 / 80 M4a,İRKM 73 İR 52,80 M4a,1117.00,1141.00
EUR,IRKM,23,0.55,0.75,"4,6-12",İRKM 74 / 80 M4a,İRKM 74,80 M4a,996.00,1020.00
EUR,IRKM,23,0.55,0.75,10-11,İRKPM 73 / 80 M4a(*P),İRKPM 73,80 M4a(*P),880.00,904.00
EUR,IRKM,23,0.55,0.75,12-27,İRKM 73 / 80 M4a,İRKM 73,80 M4a,842.00,866.00
EUR,IRKM,23,0.55,0.75,13-14,İRKM 63 / 80 M6b,İRKM 63,80 M6b,583.00,605.00
EUR,IRKM,23,0.55,0.75,12-195,İRKM 63 / 80 M4a,İRKM 63,80 M4a,565.00,587.00
EUR,IRKM,23,0.55,0.75,18-21,İRKPM 53/ 80 M4a(*P),İRKPM 53,80 M4a(*P),514.00,534.00
EUR,IRKM,23,0.55,0.75,24-89,İRKM 53 / 80 M4a,İRKM 53,80 M4a,482.00,503.00
EUR,IRKM,23,0.55,0.75,98-114,İRKPM 52 / 80 M4a(*P),İRKPM 52,80 M4a(*P),498.00,518.00
EUR,IRKM,23,0.55,0.75,131-324,İRKM 52 / 80 M4a,İRKM 52,80 M4a,472.00,492.00
EUR,IRKM,23,0.55,0.75,18-21,İRKPM 43/ 80 M4a(*P),İRKPM 43,80 M4a(*P),493.00,513.00
EUR,IRKM,23,0.55,0.75,28-89,İRKM 43 / 80 M4a,İRKM 43,80 M4a,467.00,487.00
EUR,IRKM,23,0.55,0.75,98-114,İRKPM 42 / 80 M4a(*P),İRKPM 42,80 M4a(*P),481.00,502.00
EUR,IRKM,23,0.55,0.75,131-324,İRKM 42 / 80 M4a,İRKM 42,80 M4a,455.00,475.00
EUR,IRKM,23,0.75,0.75,"0,31-0,66",İRKPM 153 İR 93 / 80 M4b(*P),İRKPM 153 İR 93,80 M4b(*P),9023.00,9345.00
EUR,IRKM,23,0.75,1,"0,35-0,97",İRKM 143 İR 73 / 80 M4b,İRKM 143 İR 73,80 M4b,6421.00,6673.00
EUR,IRKM,23,0.75,1,"1,1-1,8",İRKM 143 İR 72 / 80 M4b,İRKM 143 İR 72,80 M4b,6379.00,6631.00
EUR,IRKM,23,0.75,1,"1,2-1,4",İRKPM 144 / 90 S6a(*P),İRKPM 144,90 S6a(*P),6098.00,6350.00
EUR,IRKM,23,0.75,1,"0,63-1,3",İRKM 123 İR 73 / 80 M4b,İRKM 123 İR 73,80 M4b,4201.00,4366.00
EUR,IRKM,23,0.75,1,"0,71-3,1",İRKM 123 İR 72 / 80 M4b,İRKM 123 İR 72,80 M4b,4172.00,4336.00
EUR,IRKM,23,0.75,1,"2,0-2,7",İRKM 124 / 90 S6a,İRKM 124,90 S6a,3914.00,4078.00
EUR,IRKM,23,0.75,1,"1,1-2,8",İRKM 103 İR 63 / 80 M4b,İRKM 103 İR 63,80 M4b,2994.00,3102.00
EUR,IRKM,23,0.75,1,"2,9-6,6",İRKM 103 İR 62 / 80 M4b,İRKM 103 İR 62,80 M4b,2983.00,3091.00
EUR,IRKM,23,0.75,1,"1,5-2,0",İRKM 104 / 90 S6a,İRKM 104,90 S6a,2691.00,2799.00
EUR,IRKM,23,0.75,1,"2,3-5,5",İRKM 104 / 80 M4b,İRKM 104,80 M4b,2652.00,2760.00
EUR,IRKM,23,0.75,1,"2,5-3,3",İRKM 93 İR 63 / 80 M4b,İRKM 93 İR 63,80 M4b,2088.00,2141.00
EUR,IRKM,23,0.75,1,"3,9-7,5",İRKM 93 İR 62 / 80 M4b,İRKM 93 İR 62,80 M4b,2077.00,2130.00
EUR,IRKM,23,0.75,1,"2,2-3,3",İRKM 94 / 90 S6a,İRKM 94,90 S6a,1926.00,1980.00
EUR,IRKM,23,0.75,1,"2,8-7,2",İRKM 94 / 80 M4b,İRKM 94,80 M4b,1914.00,1967.00
EUR,IRKM,23,0.75,1,"5,0-7,5",İRKM 93 / 90 S6a,İRKM 93,90 S6a,1672.00,1725.00
EUR,IRKM,23,0.75,1,"7,8-10",İRKM 93 / 80 M4b,İRKM 93,80 M4b,1614.00,1667.00
EUR,IRKM,23,0.75,1,"2,7-7,7",İRKM 83 İR 52 / 80 M4b,İRKM 83 İR 52,80 M4b,1655.00,1687.00
EUR,IRKM,23,0.75,1,"3,7-5,4",İRKM 84 / 80 M4b,İRKM 84,80 M4b,1480.00,1512.00
EUR,IRKM,23,0.75,1,"4,4-8,0",İRKM 83 / 90 S6a,İRKM 83,90 S6a,1275.00,1307.00
EUR,IRKM,23,0.75,1,"5,9-17",İRKM 83 / 80 M4b,İRKM 83,80 M4b,1259.00,1291.00
EUR,IRKM,23,0.75,1,"6,7-12",İRKM 74 / 80 M4b,İRKM 74,80 M4b,1040.00,1064.00
EUR,IRKM,23,0.75,1,12-33,İRKM 73 / 80 M4b,İRKM 73,80 M4b,885.00,909.00
EUR,IRKM,24,0.75,,19-195,İRKM 63 / 80 M4b,İRKM 63,80 M4b,609.00,631.00
EUR,IRKM,24,0.75,1,24-89,İRKM 53 / 80 M4b,İRKM 53,80 M4b,526.00,547.00
EUR,IRKM,24,0.75,1,98-114,İRKPM 52 / 80 M4b(*P),İRKPM 52,80 M4b(*P),544.00,564.00
EUR,IRKM,24,0.75,1,28-89,İRKM 43 / 80 M4b,İRKM 43,80 M4b,511.00,531.00
EUR,IRKM,24,0.75,1,98-114,İRKPM 42 / 80 M4b(*P),İRKPM 42,80 M4b(*P),527.00,547.00
EUR,IRKM,24,0.75,1,131-324,İRKM 42 / 80 M4b,İRKM 42,80 M4b,499.00,519.00
EUR,IRKM,24,1.1,1,"0,55-0,94",İRKPM 153 İR 93 / 90 S4a(*P),İRKPM 153 İR 93,90 S4a(*P),9098.00,9421.00
EUR,IRKM,24,1.1,1.5,"2,5-3,1",İRKM 143 İR 82 / 90 S4a,İRKM 143 İR 82,90 S4a,6349.00,6620.00
EUR,IRKM,24,1.1,1.5,"0,43-0,97",İRKM 143 İR 73 / 90 S4a,İRKM 143 İR 73,90 S4a,5919.00,6190.00
EUR,IRKM,24,1.1,1.5,"1,1-3,0",İRKM 143 İR 72 / 90 S4a,İRKM 143 İR 72,90 S4a,5901.00,6173.00
EUR,IRKM,24,1.1,1.5,"1,2-1,5",İRKPM 144 / 90 L6b(*P),İRKPM 144,90 L6b(*P),5871.00,6143.00
EUR,IRKM,24,1.1,1.5,"1,9",İRKM 144 / 90 S4a,İRKM 144,90 S4a,5601.00,5873.00
EUR,IRKM,24,1.1,1.5,"1,0-4,3",İRKM 123 İR 72 / 90 S4a,İRKM 123 İR 72,90 S4a,4036.00,4198.00
EUR,IRKM,24,1.1,1.5,"2,0-3,3",İRKPM 124 / 90 L6b(*P),İRKPM 124,90 L6b(*P),3760.00,3922.00
EUR,IRKM,24,1.1,1.5,"3,1-3,8",İRKPM 124 / 90 S4a(*P),İRKPM 124,90 S4a(*P),3741.00,3903.00
EUR,IRKM,24,1.1,1.5,"1,9-2,8",İRKM 103 İR 63 / 90 S4a,İRKM 103 İR 63,90 S4a,2969.00,3081.00
EUR,IRKM,24,1.1,1.5,"2,9-6,6",İRKM 103 İR 62 / 90 S4a,İRKM 103 İR 62,90 S4a,2954.00,3066.00
EUR,IRKM,24,1.1,1.5,"2,0",İRKM 104 / 90 L6b,İRKM 104,90 L6b,2685.00,2797.00
EUR,IRKM,24,1.1,1.5,"2,3-7,9",İRKM 104 / 90 S4a,İRKM 104,90 S4a,2669.00,2781.00
EUR,IRKM,24,1.1,1.5,"5,2-7,2",İRKPM 103 / 90 L6b(*P),İRKPM 103,90 L6b(*P),2509.00,2620.00
EUR,IRKM,24,1.1,1.5,"8,1-11",İRKPM 103 / 90 S4a(*P),İRKPM 103,90 S4a(*P),2499.00,2610.00
EUR,IRKM,24,1.1,1.5,"3,0-3,3",İRKM 93 İR 63 / 90 S4a,İRKM 93 İR 63,90 S4a,2100.00,2153.00
EUR,IRKM,24,1.1,1.5,"3,9-7,5",İRKM 93 İR 62 / 90 S4a,İRKM 93 İR 62,90 S4a,2090.00,2143.00
EUR,IRKM,24,1.1,1.5,"3,4-7,2",İRKM 94 / 90 S4a,İRKM 94,90 S4a,1941.00,1994.00
EUR,IRKM,24,1.1,1.5,"5,0-7,5",İRKM 93 / 90 L6b,İRKM 93,90 L6b,1699.00,1752.00
EUR,IRKM,24,1.1,1.5,"7,8-17",İRKM 93 / 90 S4a,İRKM 93,90 S4a,1635.00,1689.00
EUR,IRKM,24,1.1,1.5,"6,3-8,0",İRKM 83 / 90 L6b,İRKM 83,90 L6b,1304.00,1336.00
EUR,IRKM,24,1.1,1.5,"5,9-30",İRKM 83 / 90 S4a,İRKM 83,90 S4a,1288.00,1320.00
EUR,IRKM,24,1.1,1.5,"8,6-12",İRKM 74 / 90 S4a,İRKM 74,90 S4a,1114.00,1138.00
EUR,IRKM,24,1.1,1.5,15-64,İRKM 73 / 90 S4a,İRKM 73,90 S4a,916.00,940.00
EUR,IRKM,24,1.1,1.5,28-276,İRKM 63 / 90 S4a,İRKM 63,90 S4a,639.00,661.00
EUR,IRKM,24,1.1,1.5,32-49,İRKPM 53 / 90 S4a(*P),İRKPM 53,90 S4a(*P),580.00,600.00
EUR,IRKM,24,1.1,1.5,42-89,İRKM 53 / 90 S4a,İRKM 53,90 S4a,550.00,570.00
EUR,IRKM,24,1.1,1.5,98-150,İRKPM 52 / 90 S4a(*P),İRKPM 52,90 S4a(*P),569.00,589.00
EUR,IRKM,24,1.1,1.5,170-324,İRKM 52 / 90 S4a,İRKM 52,90 S4a,539.00,560.00
EUR,IRKM,24,1.1,1.5,32-49,İRKPM 43 / 90 S4a(*P),İRKPM 43,90 S4a(*P),571.00,591.00
EUR,IRKM,24,1.1,1.5,42-89,İRKM 43 / 90 S4a,İRKM 43,90 S4a,541.00,561.00
EUR,IRKM,24,1.1,1.5,98-150,İRKPM 42 / 90 S4a(*P),İRKPM 42,90 S4a(*P),555.00,576.00
EUR,IRKM,24,1.1,1.5,170-324,İRKM 42 / 90 S4a,İRKM 42,90 S4a,527.00,547.00
EUR,IRKM,24,1.5,1.5,"0,55-1,7",İRKPM 153 İR 93 / 90 L4a(*P),İRKPM 153 İR 93,90 L4a(*P),9131.00,9454.00
EUR,IRKM,24,1.5,2,"1,8",İRKPM 153 İR 92 / 90 L4a(*P),İRKPM 153 İR 92,90 L4a(*P),9055.00,9378.00
EUR,IRKM,24,1.5,2,"2,5-3,9",İRKM 143 İR 82 / 90 L4a,İRKM 143 İR 82,90 L4a,6932.00,7184.00
EUR,IRKM,24,1.5,2,"1,1-4,9",İRKM 143 İR 72 / 90 L4a,İRKM 143 İR 72,90 L4a,6541.00,6793.00
EUR,IRKM,24,1.5,2,"1,2-1,5",İRKPM 144 / 100 L6a(*P),İRKPM 144,100 L6a(*P),6197.00,6450.00
EUR,IRKM,24,1.5,2,"1,9-3,2",İRKPM 144 / 90 L4a(*P),İRKPM 144,90 L4a(*P),6176.00,6429.00
EUR,IRKM,24,1.5,2,"1,3-6,1",İRKM 123 İR 72 / 90 L4a,İRKM 123 İR 72,90 L4a,4260.00,4424.00
EUR,IRKM,24,1.5,2,"2,0-3,3",İRKPM 124 / 100 L6a(*P),İRKPM 124,100 L6a(*P),4016.00,4180.00
EUR,IRKM,24,1.5,2,"3,1-5,1",İRKPM 124 / 90 L4a(*P),İRKPM 124,90 L4a(*P),3968.00,4132.00
EUR,IRKM,24,1.5,2,"2,8",İRKM 103 İR 63 / 90 L4a,İRKM 103 İR 63,90 L4a,3015.00,3123.00
EUR,IRKM,24,1.5,2,"2,9-6,6",İRKM 103 İR 62 / 90 L4a,İRKM 103 İR 62,90 L4a,3003.00,3111.00
EUR,IRKM,25,1.5,,"2,9-8,7",İRKM 104 / 90 L4a,İRKM 104,90 L4a,2746.00,2854.00
EUR,IRKM,25,1.5,2,"5,2-5,6",İRKPM 103 / 100 L6a(*P),İRKPM 103,100 L6a(*P),2615.00,2723.00
EUR,IRKM,25,1.5,2,"6,4-7,2",İRKM 103 / 100 L6a,İRKM 103,100 L6a,2510.00,2618.00
EUR,IRKM,25,1.5,2,"8,1-11",İRKM 103 / 90 L4a,İRKM 103,90 L4a,2414.00,2522.00
EUR,IRKM,25,1.5,2,"5,0-7,5",İRKM 93 İR 62 / 90 L4a,İRKM 93 İR 62,90 L4a,2132.00,2185.00
EUR,IRKM,25,1.5,2,"4,6-7,2",İRKM 94 / 90 L4a,İRKM 94,90 L4a,1969.00,2022.00
EUR,IRKM,25,1.5,2,"6,7-75",İRKM 93 / 100 L6a,İRKM 93,100 L6a,1762.00,1815.00
EUR,IRKM,25,1.5,2,"7,8-21",İRKM 93 / 90 L4a,İRKM 93,90 L4a,1685.00,1738.00
EUR,IRKM,25,1.5,2,"8,0",İRKM 83 / 100 L6a,İRKM 83,100 L6a,1341.00,1373.00
EUR,IRKM,25,1.5,2,"9,8-41",İRKM 83 / 90 L4a,İRKM 83,90 L4a,1314.00,1346.00
EUR,IRKM,25,1.5,2,19-152,İRKM 73 / 90 L4a,İRKM 73,90 L4a,942.00,966.00
EUR,IRKM,25,1.5,2,41-276,İRKM 63 / 90 L4a,İRKM 63,90 L4a,654.00,678.00
EUR,IRKM,25,1.5,2,43-49,İRKPM 53 / 90 L4a(*P),İRKPM 53,90 L4a(*P),616.00,640.00
EUR,IRKM,25,1.5,2,42-89,İRKM 53 / 90 L4a,İRKM 53,90 L4a,584.00,606.00
EUR,IRKM,25,1.5,2,98-150,İRKPM 52 / 90 L4a(*P),İRKPM 52,90 L4a(*P),606.00,629.00
EUR,IRKM,25,1.5,2,170-324,İRKM 52 / 90 L4a,İRKM 52,90 L4a,574.00,597.00
EUR,IRKM,25,1.5,2,43-49,İRKPM 43 / 90 L4a(*P),İRKPM 43,90 L4a(*P),602.00,625.00
EUR,IRKM,25,1.5,2,42-89,İRKM 43 / 90 L4a,İRKM 43,90 L4a,571.00,593.00
EUR,IRKM,25,1.5,2,98-150,İRKPM 42 / 90 L4a(*P),İRKPM 42,90 L4a(*P),590.00,613.00
EUR,IRKM,25,1.5,2,170-324,İRKM 42 / 90 L4a,İRKM 42,90 L4a,559.00,582.00
EUR,IRKM,25,2.2,2,"0,86-2,4",İRKM 153 İR 93 / 100 L4a,İRKM 153 İR 93,100 L4a,9195.00,9517.00
EUR,IRKM,25,2.2,3,"1,8-2,6",İRKM 153 İR 92 / 100 L4a,İRKM 153 İR 92,100 L4a,9119.00,9441.00
EUR,IRKM,25,2.2,3,"2,6-3,6",İRKPM 154 / 100 L4a(*P),İRKPM 154,100 L4a(*P),8898.00,9220.00
EUR,IRKM,25,2.2,3,"2,5-5,4",İRKM 143 İR 82 / 100 L4a,İRKM 143 İR 82,100 L4a,6956.00,7208.00
EUR,IRKM,25,2.2,3,"1,3-5,6",İRKM 143 İR 72 / 100 L4a,İRKM 143 İR 72,100 L4a,6565.00,6817.00
EUR,IRKM,25,2.2,3,"1,2-1,5",İRKPM 144 / 112 M6a(*P),İRKPM 144,112 M6a(*P),6329.00,6581.00
EUR,IRKM,25,2.2,3,"1,9-5,2",İRKPM 144 / 100 L4a(*P),İRKPM 144,100 L4a(*P),6212.00,6464.00
EUR,IRKM,25,2.2,3,"2,1-12",İRKM 123 İR 72 / 100 L4a,İRKM 123 İR 72,100 L4a,4307.00,4471.00
EUR,IRKM,25,2.2,3,"2,0-3,3",İRKPM 124 / 112 M6a(*P),İRKPM 124,112 M6a(*P),4141.00,4305.00
EUR,IRKM,25,2.2,3,"3,1-6,9",İRKPM 124 / 100 L4a(*P),İRKPM 124,100 L4a(*P),4039.00,4203.00
EUR,IRKM,25,2.2,3,"7,0-8,8",İRKPM 123 / 112 M6a(*P),İRKPM 123,112 M6a(*P),3845.00,4009.00
EUR,IRKM,25,2.2,3,"3,6-6,6",İRKM 103 İR 62 / 100 L4a,İRKM 103 İR 62,100 L4a,3013.00,3121.00
EUR,IRKM,25,2.2,3,"3,9-8,7",İRKM 104 / 100 L4a,İRKM 104,100 L4a,2812.00,2920.00
EUR,IRKM,25,2.2,3,"6,4-7,2",İRKM 103 / 112 M6a,İRKM 103,112 M6a,2632.00,2741.00
EUR,IRKM,25,2.2,3,"8,1-8,7",İRKPM 103 / 100 L4a(*P),İRKPM 103,100 L4a(*P),2636.00,2744.00
EUR,IRKM,25,2.2,3,"9,9-18",İRKM 103 / 100 L4a,İRKM 103,100 L4a,2554.00,2662.00
EUR,IRKM,25,2.2,3,"6,4-7,2",İRKM 94 / 100 L4a,İRKM 94,100 L4a,2012.00,2065.00
EUR,IRKM,25,2.2,3,10-33,İRKM 93 / 100 L4a,İRKM 93,100 L4a,1781.00,1835.00
EUR,IRKM,25,2.2,3,12-63,İRKM 83 / 100 L4a,İRKM 83,100 L4a,1362.00,1394.00
EUR,IRKM,25,2.2,3,27-256,İRKM 73 / 100 L4a,İRKM 73,100 L4a,991.00,1015.00
EUR,IRKM,25,2.2,3,45-276,İRKM 63 / 100 L4a,İRKM 63,100 L4a,722.00,746.00
EUR,IRKM,25,2.2,3,63,İRKPM 53 / 100 L4a(*P),İRKPM 53,100 L4a(*P),665.00,688.00
EUR,IRKM,25,2.2,3,71-89,İRKM 53 / 100 L4a,İRKM 53,100 L4a,631.00,653.00
EUR,IRKM,25,2.2,3,98-192,İRKPM 52 / 100 L4a(*P),İRKPM 52,100 L4a(*P),652.00,674.00
EUR,IRKM,25,2.2,3,217-324,İRKM 52 / 100 L4a,İRKM 52,100 L4a,626.00,649.00
EUR,IRKM,25,2.2,3,63,İRKPM 43 / 100 L4a(*P),İRKPM 43,100 L4a(*P),658.00,681.00
EUR,IRKM,25,2.2,3,71-89,İRKM 43 / 100 L4a,İRKM 43,100 L4a,624.00,646.00
EUR,IRKM,25,2.2,3,98-192,İRKPM 42 / 100 L4a(*P),İRKPM 42,100 L4a(*P),644.00,667.00
EUR,IRKM,25,2.2,3,217-324,İRKM 42 / 100 L4a,İRKM 42,100 L4a,610.00,632.00
EUR,IRKM,26,3.0,,"1,0-3,8",İRKM 153 İR 93 / 100 L4b,İRKM 153 İR 93,100 L4b,9269.00,9591.00
EUR,IRKM,26,3.0,4,"1,8-4,0",İRKM 153 İR 92 / 100 L4b,İRKM 153 İR 92,100 L4b,9185.00,9508.00
EUR,IRKM,26,3.0,4,"2,6-4,5",İRKPM 154 / 100 L4b(*P),İRKPM 154,100 L4b(*P),8930.00,9252.00
EUR,IRKM,26,3.0,4,"2,5-8,5",İRKM 143 İR 82 / 100 L4b,İRKM 143 İR 82,100 L4b,6981.00,7233.00
EUR,IRKM,26,3.0,4,"1,8-8,2",İRKM 143 İR 72 / 100 L4b,İRKM 143 İR 72,100 L4b,6591.00,6843.00
EUR,IRKM,26,3.0,4,"2,1-6,5",İRKPM 144 / 100 L4b(*P),İRKPM 144,100 L4b(*P),6281.00,6533.00
EUR,IRKM,26,3.0,4,"5,8",İRKPM 143 / 132 S6b(*P),İRKPM 143,132 S6b(*P),6242.00,6494.00
EUR,IRKM,26,3.0,4,"6,6-8,1",İRKM 143 / 132 S6b,İRKM 143,132 S6b,6083.00,6335.00
EUR,IRKM,26,3.0,4,"3,1-12",İRKM 123 İR 72 / 100 L4b,İRKM 123 İR 72,100 L4b,4362.00,4526.00
EUR,IRKM,26,3.0,4,"2,7-3,3",İRKM 124 / 132 S6b,İRKM 124,132 S6b,4282.00,4446.00
EUR,IRKM,26,3.0,4,"3,1-9,8",İRKPM 124 / 100 L4b(*P),İRKPM 124,100 L4b(*P),4079.00,4244.00
EUR,IRKM,26,3.0,4,"6,1-7,0",İRKPM 123 / 132 S6b(*P),İRKPM 123,132 S6b(*P),4121.00,4285.00
EUR,IRKM,26,3.0,4,"7,9-8,8",İRKM 123 / 132 S6b,İRKM 123,132 S6b,3998.00,4162.00
EUR,IRKM,26,3.0,4,"9,6-14",İRKPM 123 / 100 L4b(*P),İRKPM 123,100 L4b(*P),3968.00,4132.00
EUR,IRKM,26,3.0,4,"5,4-6,6",İRKM 103 İR 62 / 100 L4b,İRKM 103 İR 62,100 L4b,3165.00,3273.00
EUR,IRKM,26,3.0,4,"6,3-8,7",İRKM 104 / 100 L4b,İRKM 104,100 L4b,2924.00,3032.00
EUR,IRKM,26,3.0,4,"9,9-31",İRKM 103 / 100 L4b,İRKM 103,100 L4b,2589.00,2697.00
EUR,IRKM,26,3.0,4,10-42,İRKM 93 / 100 L4b,İRKM 93,100 L4b,1745.00,1804.00
EUR,IRKM,26,3.0,4,15-90,İRKM 83 / 100 L4b,İRKM 83,100 L4b,1354.00,1389.00
EUR,IRKM,26,3.0,4,27-256,İRKM 73 / 100 L4b,İRKM 73,100 L4b,1013.00,1040.00
EUR,IRKM,26,3.0,4,62-276,İRKM 63 / 100 L4b,İRKM 63,100 L4b,766.00,791.00
EUR,IRKM,26,3.0,4,79-89,İRKM 53 / 100 L4b,İRKM 53,100 L4b,682.00,704.00
EUR,IRKM,26,3.0,4,114-192,İRKPM 52 / 100 L4b(*P),İRKPM 52,100 L4b(*P),712.00,735.00
EUR,IRKM,26,3.0,4,217-324,İRKM 52 / 100 L4b,İRKM 52,100 L4b,675.00,698.00
EUR,IRKM,26,3.0,4,79-89,İRKM 43 / 100 L4b,İRKM 43,100 L4b,703.00,725.00
EUR,IRKM,26,3.0,4,114-192,İRKPM 42 / 100 L4b(*P),İRKPM 42,100 L4b(*P),689.00,711.00
EUR,IRKM,26,3.0,4,217-324,İRKM 42 / 100 L4b,İRKM 42,100 L4b,653.00,675.00
EUR,IRKM,26,4.0,4,"1,5-4,6",İRKM 153 İR 93 / 112 M4b,İRKM 153 İR 93,112 M4b,9374.00,9696.00
EUR,IRKM,26,4.0,5.5,"1,8-5,7",İRKM 153 İR 92 / 112 M4b,İRKM 153 İR 92,112 M4b,9292.00,9615.00
EUR,IRKM,26,4.0,5.5,"2,6-6,0",İRKM 154 / 112 M4b(*P),İRKM 154,112 M4b(*P),8997.00,9319.00
EUR,IRKM,26,4.0,5.5,"2,5-10",İRKM 143 İR 82 / 112 M4b,İRKM 143 İR 82,112 M4b,7000.00,7252.00
EUR,IRKM,26,4.0,5.5,"2,6-10",İRKM 143 İR 72 / 112 M4b,İRKM 143 İR 72,112 M4b,6610.00,6862.00
EUR,IRKM,26,4.0,5.5,"2,8-8,8",İRKPM 144 / 112 M4b(*P),İRKPM 144,112 M4b(*P),6337.00,6589.00
EUR,IRKM,26,4.0,5.5,"5,8",İRKPM 143 / 132 M6a(*P),İRKPM 143,132 M6a(*P),6293.00,6546.00
EUR,IRKM,26,4.0,5.5,"6,6-8,1",İRKM 143 / 132 M6a,İRKM 143,132 M6a,6130.00,6383.00
EUR,IRKM,26,4.0,5.5,"3,5-9,8",İRKPM 124 / 112 M4b(*P),İRKPM 124,112 M4b(*P),4156.00,4320.00
EUR,IRKM,26,4.0,5.5,"7,9-8,8",İRKM 123 / 132 M6a,İRKM 123,132 M6a,4040.00,4204.00
EUR,IRKM,26,4.0,5.5,"9,6-18",İRKPM 123 / 112 M4b(*P),İRKPM 123,112 M4b(*P),3944.00,4108.00
EUR,IRKM,26,4.0,5.5,"6,6",İRKM 103 İR 62 / 112 M4b,İRKM 103 İR 62,112 M4b,3131.00,3242.00
EUR,IRKM,26,4.0,5.5,"7,9-8,7",İRKM 104 / 112 M4b,İRKM 104,112 M4b,2921.00,3033.00
EUR,IRKM,26,4.0,5.5,"9,9-46",İRKM 103 / 112 M4b,İRKM 103,112 M4b,2675.00,2783.00
EUR,IRKM,26,4.0,5.5,13-56,İRKM 93 / 112 M4b,İRKM 93,112 M4b,1899.00,1952.00
EUR,IRKM,26,4.0,5.5,23-304,İRKM 83 / 112 M4b,İRKM 83,112 M4b,1478.00,1510.00
EUR,IRKM,26,4.0,5.5,40-256,İRKM 73 / 112 M4b,İRKM 73,112 M4b,1106.00,1130.00
EUR,IRKM,26,4.0,5.5,210-276,İRKM 63 / 112 M4b,İRKM 63,112 M4b,846.00,870.00
EUR,IRKM,27,5.5,,"2,1-4,6",İRKM 153 İR 93 / C112 M4b(*C),İRKM 153 İR 93,C112 M4b(*C),9467.00,9789.00
EUR,IRKM,27,5.5,7.5,"2,3-6,9",İRKM 153 İR 92 / C112 M4b(*C),İRKM 153 İR 92,C112 M4b(*C),9390.00,9713.00
EUR,IRKM,27,5.5,7.5,"3,5-10",İRKM 143 İR 82 / C112 M4b(*C),İRKM 143 İR 82,C112 M4b(*C),7008.00,7260.00
EUR,IRKM,27,5.5,7.5,"3,6-10",İRKM 143 İR 72 / C112 M4b(*C),İRKM 143 İR 72,C112 M4b(*C),6620.00,6872.00
EUR,IRKM,27,5.5,7.5,"4,8-12",İRKM 123 İR 72 / C112 M4b(*C),İRKM 123 İR 72,C112 M4b(*C),4330.00,4495.00
EUR,IRKM,27,5.5,7.5,"5,1-9,8",İRKM 124 / C112 M4b(*C),İRKM 124,C112 M4b(*C),4239.00,4404.00
EUR,IRKM,27,5.5,7.5,15-56,İRKM 103 / C112 M4b(*C),İRKM 103,C112 M4b(*C),2732.00,2841.00
EUR,IRKM,27,5.5,7.5,21-101,İRKM 93 / C112 M4b(*C),İRKM 93,C112 M4b(*C),1888.00,1943.00
EUR,IRKM,27,5.5,7.5,33-304,İRKM 83 / C112 M4b(*C),İRKM 83,C112 M4b(*C),1503.00,1539.00
EUR,IRKM,27,5.5,7.5,80-256,İRKM 73 / C112 M4b(*C),İRKM 73,C112 M4b(*C),1162.00,1189.00
EUR,IRKM,27,5.5,7.5,"2,1-4,6",İRKM 153 İR 93 / 132 S4c,İRKM 153 İR 93,132 S4c,9525.00,9847.00
EUR,IRKM,27,5.5,7.5,"2,3-6,9",İRKM 153 İR 92 / 132 S4c,İRKM 153 İR 92,132 S4c,9448.00,9771.00
EUR,IRKM,27,5.5,7.5,"2,6-9,0",İRKM 154 / 132 S4c,İRKM 154,132 S4c,9150.00,9473.00
EUR,IRKM,27,5.5,7.5,"6,4-10",İRKM 153 / 132 M6b,İRKM 153,132 M6b,9126.00,9448.00
EUR,IRKM,27,5.5,7.5,"3,5-10",İRKM 143 İR 82 / 132 S4c,İRKM 143 İR 82,132 S4c,7061.00,7313.00
EUR,IRKM,27,5.5,7.5,"3,6-10",İRKM 143 İR 72 / 132 S4c,İRKM 143 İR 72,132 S4c,6670.00,6922.00
EUR,IRKM,27,5.5,7.5,"3,2-8,8",İRKM 144 / 132 S4c,İRKM 144,132 S4c,6452.00,6704.00
EUR,IRKM,27,5.5,7.5,"5,8",İRKPM 143 / 132 M6b(*P),İRKPM 143,132 M6b(*P),6530.00,6782.00
EUR,IRKM,27,5.5,7.5,"6,6-8,1",İRKM 143 / 132 M6b,İRKM 143,132 M6b,6280.00,6532.00
EUR,IRKM,27,5.5,7.5,"9,1",İRKPM 143 / 132 S4c(*P),İRKPM 143,132 S4c(*P),6418.00,6670.00
EUR,IRKM,27,5.5,7.5,10-13,İRKM 143 / 132 S4c,İRKM 143,132 S4c,6174.00,6426.00
EUR,IRKM,27,5.5,7.5,"4,8-12",İRKM 123 İR 72 / 132 S4c,İRKM 123 İR 72,132 S4c,4380.00,4545.00
EUR,IRKM,27,5.5,7.5,"5,1-9,8",İRKM 124 / 132 S4c,İRKM 124,132 S4c,4292.00,4457.00
EUR,IRKM,27,5.5,7.5,"7,9-8,8",İRKM 123 / 132 M6b,İRKM 123,132 M6b,4140.00,4304.00
EUR,IRKM,27,5.5,7.5,"9,6-11",İRKPM 123 / 132 S4c(*P),İRKPM 123,132 S4c(*P),4233.00,4397.00
EUR,IRKM,27,5.5,7.5,12-20,İRKM 123 / 132 S4c,İRKM 123,132 S4c,4012.00,4176.00
EUR,IRKM,27,5.5,7.5,15-56,İRKM 103 / 132 S4c,İRKM 103,132 S4c,2790.00,2899.00
EUR,IRKM,27,5.5,7.5,21-101,İRKM 93 / 132 S4c,İRKM 93,132 S4c,2001.00,2055.00
EUR,IRKM,27,5.5,7.5,33-304,İRKM 83 / 132 S4c,İRKM 83,132 S4c,1582.00,1614.00
EUR,IRKM,27,5.5,7.5,80-256,İRKM 73 / 132 S4c,İRKM 73,132 S4c,1212.00,1239.00
EUR,IRKM,27,7.5,7.5,"3,3-7,3",İRKM 153 İR 102 / 132 M4b,İRKM 153 İR 102,132 M4b,9835.00,10157.00
EUR,IRKM,27,7.5,10,"2,6-4,5",İRKM 153 İR 93 / 132 M4b,İRKM 153 İR 93,132 M4b,9731.00,10054.00
EUR,IRKM,27,7.5,10,"2,9-6,9",İRKM 153 İR 92 / 132 M4b,İRKM 153 İR 92,132 M4b,9652.00,9975.00
EUR,IRKM,27,7.5,10,"2,8-11",İRKM 154 / 132 M4b,İRKM 154,132 M4b,9287.00,9609.00
EUR,IRKM,27,7.5,10,"6,4-10",İRKM 153 / 160 M6b,İRKM 153,160 M6b,9368.00,9690.00
EUR,IRKM,27,7.5,10,"4,4-10",İRKM 143 İR 82 / 132 M4b,İRKM 143 İR 82,132 M4b,7103.00,7355.00
EUR,IRKM,27,7.5,10,"5,6-10",İRKM 143 İR 72 / 132 M4b,İRKM 143 İR 72,132 M4b,6712.00,6964.00
EUR,IRKM,27,7.5,10,"4,6-8,8",İRKM 144 / 132 M4b,İRKM 144,132 M4b,6527.00,6779.00
EUR,IRKM,27,7.5,10,"7,3-8,1",İRKM 143 / 160 M6b,İRKM 143,160 M6b,6664.00,6916.00
EUR,IRKM,27,7.5,10,"9,1",İRKPM 143 / 132 M4b(*P),İRKPM 143,132 M4b(*P),6487.00,6739.00
EUR,IRKM,27,7.5,10,10-22,İRKM 143 / 132 M4b,İRKM 143,132 M4b,6238.00,6490.00
EUR,IRKM,27,7.5,10,"12,5-38",İRKM 123 / 132 M4b,İRKM 123,132 M4b,4098.00,4263.00
EUR,IRKM,27,7.5,10,16-69,İRKM 103 / 132 M4b,İRKM 103,132 M4b,2878.00,2987.00
EUR,IRKM,27,7.5,10,22-165,İRKM 93 / 132 M4b,İRKM 93,132 M4b,2084.00,2138.00
EUR,IRKM,27,7.5,10,41-205,İRKM 83 / 132 M4b,İRKM 83,132 M4b,1663.00,1695.00
EUR,IRKM,27,7.5,10,102-256,İRKM 73 / 132 M4b,İRKM 73,132 M4b,1306.00,1332.00
EUR,IRKM,28,11,,"3,7-9,2",İRKM 153 İR 102 / C132M4c(*C),İRKM 153 İR 102,C132M4c(*C),10241.00,10563.00
EUR,IRKM,28,11,15,"3,8-4,5",İRKM 153 İR 93 / C132M4c(*C),İRKM 153 İR 93,C132M4c(*C),9875.00,10197.00
EUR,IRKM,28,11,15,"4,0-6,9",İRKM 153 İR 92 / C132M4c(*C),İRKM 153 İR 92,C132M4c(*C),9778.00,10100.00
EUR,IRKM,28,11,15,"4,1-11",İRKM 154 / C132M4c(*C),İRKM 154,C132M4c(*C),9498.00,9820.00
EUR,IRKM,28,11,15,"6,4-10",İRKM 143 İR 82 / C132M4c(*C),İRKM 143 İR 82,C132M4c(*C),7459.00,7711.00
EUR,IRKM,28,11,15,"6,9-10",İRKM 143 İR 72 / C132M4c(*C),İRKM 143 İR 72,C132M4c(*C),7070.00,7322.00
EUR,IRKM,28,11,15,"6,5-8,8",İRKM 144 / C132M4c(*C),İRKM 144,C132M4c(*C),6890.00,7142.00
EUR,IRKM,28,11,15,"9,1-31",İRKM 143 / C132M4c(*C),İRKM 143,C132M4c(*C),6600.00,6853.00
EUR,IRKM,28,11,15,14-52,İRKM 123 / C132M4c(*C),İRKM 123,C132M4c(*C),4415.00,4579.00
EUR,IRKM,28,11,15,25-117,İRKM 103 / C132M4c(*C),İRKM 103,C132M4c(*C),3201.00,3309.00
EUR,IRKM,28,11,15,33-226,İRKM 93 / C132M4c(*C),İRKM 93,C132M4c(*C),2368.00,2423.00
EUR,IRKM,28,11,15,123-304,İRKM 83 / C132M4c(*C),İRKM 83,C132M4c(*C),1968.00,2004.00
EUR,IRKM,28,11,15,193-256,İRKM 73 / C132M4c(*C),İRKM 73,C132M4c(*C),1616.00,1644.00
EUR,IRKM,28,11,15,"3,7-9,2",İRKM 153 İR 102 / 160 M4b,İRKM 153 İR 102,160 M4b,10301.00,10623.00
EUR,IRKM,28,11,15,"3,8-4,5",İRKM 153 İR 93 / 160 M4b,İRKM 153 İR 93,160 M4b,9932.00,10254.00
EUR,IRKM,28,11,15,"4,0-6,9",İRKM 153 İR 92 / 160 M4b,İRKM 153 İR 92,160 M4b,9835.00,10157.00
EUR,IRKM,28,11,15,"4,1-11",İRKM 154 / 160 M4b,İRKM 154,160 M4b,9559.00,9881.00
EUR,IRKM,28,11,15,"6,4-10",İRKM 153 / 160 L6a,İRKM 153,160 L6a,9561.00,9883.00
EUR,IRKM,28,11,15,10-16,İRKM 153 / 160 M4b,İRKM 153,160 M4b,8914.00,9236.00
EUR,IRKM,28,11,15,"6,4-10",İRKM 143 İR 82 / 160 M4b,İRKM 143 İR 82,160 M4b,7515.00,7767.00
EUR,IRKM,28,11,15,"6,9-10",İRKM 143 İR 72 / 160 M4b,İRKM 143 İR 72,160 M4b,7125.00,7377.00
EUR,IRKM,28,11,15,"6,5-8,8",İRKM 144 / 160 M4b,İRKM 144,160 M4b,6949.00,7201.00
EUR,IRKM,28,11,15,"9,1",İRKPM 143 / 160 M4b(*P),İRKPM 143,160 M4b(*P),6926.00,7179.00
EUR,IRKM,28,11,15,11-31,İRKM 143 / 160 M4b,İRKM 143,160 M4b,6659.00,6912.00
EUR,IRKM,28,11,15,14-52,İRKM 123 / 160 M4b,İRKM 123,160 M4b,4472.00,4636.00
EUR,IRKM,28,11,15,25-117,İRKM 103 / 160 M4b,İRKM 103,160 M4b,3257.00,3365.00
EUR,IRKM,28,11,15,33-226,İRKM 93 / 160 M4b,İRKM 93,160 M4b,2424.00,2479.00
EUR,IRKM,28,11,15,123-304,İRKM 83 / 160 M4b,İRKM 83,160 M4b,2023.00,2059.00
EUR,IRKM,28,15,15,"5,4-12",İRKM 153 İR 102 / 160 L4a,İRKM 153 İR 102,160 L4a,10564.00,10887.00
EUR,IRKM,28,15,20,"5,2-11",İRKM 154 / 160 L4a,İRKM 154,160 L4a,9834.00,10156.00
EUR,IRKM,28,15,20,10-20,İRKM 153 / 180 L6a,İRKM 153,180 L6a,9689.00,10011.00
EUR,IRKM,28,15,20,10-16,İRKM 153 / 160 L4a,İRKM 153,160 L4a,9118.00,9440.00
EUR,IRKM,28,15,20,11-42,İRKM 143 / 160 L4a,İRKM 143,160 L4a,6850.00,7102.00
EUR,IRKM,28,15,20,14-76,İRKM 123 / 160 L4a,İRKM 123,160 L4a,4656.00,4820.00
EUR,IRKM,28,15,20,31-214,İRKM 103 / 160 L4a,İRKM 103,160 L4a,3434.00,3542.00
EUR,IRKM,28,15,20,59-226,İRKM 93 / 160 L4a,İRKM 93,160 L4a,2602.00,2661.00
EUR,IRKM,28,15,20,123-226,İRKM 83 / 160 L4a,İRKM 83,160 L4a,2209.00,2244.00
EUR,IRKM,28,18.5,20,"6,4-13",İRKM 153 İR 102 / C160 L4b(*C),İRKM 153 İR 102,C160 L4b(*C),10748.00,11071.00
EUR,IRKM,28,18.5,25,"8,1-11",İRKM 154 / C160 L4b(*C),İRKM 154,C160 L4b(*C),10016.00,10338.00
EUR,IRKM,28,18.5,25,11-33,İRKM 153 / C160 L4b(*C),İRKM 153,C160 L4b(*C),9331.00,9653.00
EUR,IRKM,28,18.5,25,15-58,İRKM 143 / C160 L4b(*C),İRKM 143,C160 L4b(*C),7034.00,7286.00
EUR,IRKM,28,18.5,25,18-105,İRKM 123 / C160 L4b(*C),İRKM 123,C160 L4b(*C),4471.00,4633.00
EUR,IRKM,28,18.5,25,34-214,İRKM 103 / C160 L4b(*C),İRKM 103,C160 L4b(*C),3417.00,3528.00
EUR,IRKM,28,18.5,25,67-226,İRKM 93 / C160 L4b(*C),İRKM 93,C160 L4b(*C),2764.00,2823.00
EUR,IRKM,28,18.5,25,150-304,İRKM 83 / C160 L4b(*C),İRKM 83,C160 L4b(*C),2490.00,2549.00
EUR,IRKM,29,18.5,,"6,4-13",İRKM 153 İR 102 / 180 M4b,İRKM 153 İR 102,180 M4b,10834.00,11157.00
EUR,IRKM,29,18.5,25,"8,1-11",İRKM 154 / 180 M4b,İRKM 154,180 M4b,10102.00,10424.00
EUR,IRKM,29,18.5,25,"9,1-10",İRKM 153 / 200 L6a,İRKM 153,200 L6a,10055.00,10377.00
EUR,IRKM,29,18.5,25,11-33,İRKM 153 / 180 M4b,İRKM 153,180 M4b,9424.00,9746.00
EUR,IRKM,29,18.5,25,15-58,İRKM 143 / 180 M4b,İRKM 143,180 M4b,7123.00,7375.00
EUR,IRKM,29,18.5,25,18-20,İRKPM 123 / 180 M4b(*P),İRKPM 123,180 M4b(*P),4785.00,4947.00
EUR,IRKM,29,18.5,25,22-105,İRKM 123 / 180 M4b,İRKM 123,180 M4b,4557.00,4719.00
EUR,IRKM,29,18.5,25,34-214,İRKM 103 / 180 M4b,İRKM 103,180 M4b,3499.00,3610.00
EUR,IRKM,29,18.5,25,67-75,İRKPM 93 / 180 M4b(*P),İRKPM 93,180 M4b(*P),2983.00,3042.00
EUR,IRKM,29,18.5,25,83-226,İRKM 93 / 180 M4b,İRKM 93,180 M4b,2827.00,2886.00
EUR,IRKM,29,22,25,"8,2-13",İRKPM 153 İR 102 / 180 L4b,İRKPM 153 İR 102,180 L4b,10907.00,11230.00
EUR,IRKM,29,22,30,"8,1-11",İRKM 154 / 180 L4b,İRKM 154,180 L4b,10208.00,10530.00
EUR,IRKM,29,22,30,"9,1-10",İRKM 153 / 200 L6b,İRKM 153,200 L6b,10171.00,10493.00
EUR,IRKM,29,22,30,11-33,İRKM 153 / 180 L4b,İRKM 153,180 L4b,9524.00,9846.00
EUR,IRKM,29,22,30,17-69,İRKM 143 / 180 L4b,İRKM 143,180 L4b,7235.00,7487.00
EUR,IRKM,29,22,30,25-172,İRKM 123 / 180 L4b,İRKM 123,180 L4b,4751.00,4931.00
EUR,IRKM,29,22,30,42-214,İRKM 103 / 180 L4b,İRKM 103,180 L4b,3771.00,3895.00
EUR,IRKM,29,22,30,83-226,İRKM 93 / 180 L4b,İRKM 93,180 L4b,3130.00,3189.00
EUR,IRKM,29,30,30,14-48,İRKM 153 / C180 L4b(*C),İRKM 153,C180 L4b(*C),9843.00,10165.00
EUR,IRKM,29,30,40,22-76,İRKM 143 / C180 L4b(*C),İRKM 143,C180 L4b(*C),7534.00,7786.00
EUR,IRKM,29,30,40,32-172,İRKM 123 / C180 L4b(*C),İRKM 123,C180 L4b(*C),4929.00,5109.00
EUR,IRKM,29,30,40,97-214,İRKM 103 / C180 L4b(*C),İRKM 103,C180 L4b(*C),3936.00,4060.00
EUR,IRKM,29,30,40,134-226,İRKM 93 / C180 L4b(*C),İRKM 93,C180 L4b(*C),3253.00,3377.00
EUR,IRKM,29,30,40,14-48,İRKM 153 / 200 L4c,İRKM 153,200 L4c,10036.00,9632.00
EUR,IRKM,29,30,40,22-76,İRKM 143 / 200 L4c,İRKM 143,200 L4c,7710.00,7962.00
EUR,IRKM,29,30,40,32-172,İRKM 123 / 200 L4c,İRKM 123,200 L4c,5098.00,5278.00
EUR,IRKM,29,30,40,97-214,İRKM 103 / 200 L4c,İRKM 103,200 L4c,4101.00,4225.00
EUR,IRKM,29,37,40,16-59,İRKM 153 / C200 L4b(*C),İRKM 153,C200 L4b(*C),10313.00,10635.00
EUR,IRKM,29,37,50,34-203,İRKM 143 / C200 L4b(*C),İRKM 143,C200 L4b(*C),8008.00,8260.00
EUR,IRKM,29,37,50,41-172,İRKM 123 / C200 L4b(*C),İRKM 123,C200 L4b(*C),5355.00,5535.00
EUR,IRKM,29,37,50,97-214,İRKM 103 / C200 L4b(*C),İRKM 103,C200 L4b(*C),4263.00,4443.00
EUR,IRKM,29,37,50,16-59,İRKM 153 / 225 S4,İRKM 153,225 S4,10691.00,11013.00
EUR,IRKM,29,37,50,34-203,İRKM 143 / 225 S4,İRKM 143,225 S4,8370.00,8622.00
EUR,IRKM,29,37,50,41-172,İRKM 123 / 225 S4,İRKM 123,225 S4,5711.00,5891.00
EUR,IRKM,29,45,50,20-72,İRKM 153 / 225 M4,İRKM 153,225 M4,10773.00,11095.00
EUR,IRKM,29,45,60,58-203,İRKM 143 / 225 M4,İRKM 143,225 M4,8429.00,5950.00
EUR,IRKM,29,45,60,52-172,İRKM 123 / 225 M4,İRKM 123,225 M4,5806.00,5986.00
EUR,IRKM,29,55,60,23-95,İRKM 153 / C225M4b(*C),İRKM 153,C225M4b(*C),11600.00,12003.00
EUR,IRKM,29,55,75,52-203,İRKM 143 / C225M4b(*C),İRKM 143,C225M4b(*C),9836.00,10139.00
EUR,IRKM,29,55,75,76-172,İRKM 123 / C225M4b(*C),İRKM 123,C225M4b(*C),7153.00,7456.00
EUR,IRKM,29,55,75,23-95,İRKM 153 / 250 M4c,İRKM 153,250 M4c,11858.00,12261.00
EUR,IRKM,29,55,75,52-62,İRKPM 143 / 250 M4c(*P),İRKPM 143,250 M4c(*P),10054.00,10357.00
EUR,IRKM,29,55,75,58-203,İRKM 143 / 250 M4c,İRKM 143,250 M4c,9621.00,9924.00
EUR,IRKM,29,75,75,33-113,İRKM 153 / 280 S4,İRKM 153,280 S4,13822.00,14225.00
EUR,IRKM,29,75,100,69-203,İRKM 143 / 280 S4,İRKM 143,280 S4,11528.00,11831.00
EUR,IRKM,29,90,100,37-113,İRKM 153 / 280 M4,İRKM 153,280 M4,14366.00,14769.00
EUR,IRKM,29,90,120,83-203,İRKM 143 / 280 M4,İRKM 143,280 M4,12061.00,12363.00
EUR,IRKM,30,110,150,59-113,İRKM 153 / 315 S4,İRKM 153,315 S4,17758.00,18161.00
EUR,IRKM,30,132,160,59-113,İRKM 153 / 315 M4a,İRKM 153,315 M4a,19203.00,19606.00
EUR,IRKM,30,160,220,72-113,İRKM 153 / 315 M4b,İRKM 153,315 M4b,20549.00,20952.00
EUR,IRKM,30,185,250,79-113,İRKM 153 / 315 L4a,İRKM 153,315 L4a,21725.00,22128.00
EUR,IRKM,30,200,275,95-113,İRKM 153 / 315 L4b,İRKM 153,315 L4b,23987.00,24301.00
EUR,IRK,31,,,"370,00 €",IRK 42,IRK 42,,23.00,
EUR,IRK,31,,,"30,00 €","25,00 €","25,00 €",,26.00,
EUR,IRK,31,,,"384,00 €",IRK 43,IRK 43,,23.00,
EUR,IRK,31,,,"30,00 €","25,00 €","25,00 €",,26.00,
EUR,IRK,31,,,"376,00 €",IRK 52,IRK 52,,28.00,
EUR,IRK,31,,,"37,00 €","31,00 €","31,00 €",,31.00,
EUR,IRK,31,,,"394,00 €",IRK 53,IRK 53,,28.00,
EUR,IRK,31,,,"37,00 €","31,00 €","31,00 €",,31.00,
EUR,IRK,31,,,"482,00 €",IRK 63,IRK 63,,34.00,
EUR,IRK,31,,,"43,00 €","37,00 €","37,00 €",,39.00,
EUR,IRK,31,,,"694,00 €",IRK 63 IR 52,IRK 63 IR 52,,34.00,
EUR,IRK,31,,,"43,00 €","37,00 €","37,00 €",,39.00,
EUR,IRK,31,,,"768,00 €",IRK 73,IRK 73,,51.00,
EUR,IRK,31,,,"63,00 €","55,00 €","55,00 €",,53.00,
EUR,IRK,31,,,"908,00 €",IRK 74,IRK 74,,51.00,
EUR,IRK,31,,,"63,00 €","55,00 €","55,00 €",,53.00,
EUR,IRK,31,,,"1.035,00 €",IRK 73 IR 52,IRK 73 IR 52,,51.00,
EUR,IRK,31,,,"63,00 €","55,00 €","55,00 €",,53.00,
EUR,IRK,31,,,"1.044,00 €",IRK 73 IR 53,IRK 73 IR 53,,51.00,
EUR,IRK,31,,,"63,00 €","55,00 €","55,00 €",,53.00,
EUR,IRK,31,,,"1.153,00 €",IRK 83,IRK 83,,56.00,
EUR,IRK,31,,,"68,00 €","60,00 €","60,00 €",,59.00,
EUR,IRK,31,,,"1.373,00 €",IRK 84,IRK 84,,56.00,
EUR,IRK,31,,,"68,00 €","60,00 €","60,00 €",,59.00,
EUR,IRK,31,,,"1.529,00 €",IRK 83 IR 52,IRK 83 IR 52,,56.00,
EUR,IRK,31,,,"68,00 €","60,00 €","60,00 €",,59.00,
EUR,IRK,31,,,"1.542,00 €",IRK 83 IR 53,IRK 83 IR 53,,56.00,
EUR,IRK,31,,,"68,00 €","60,00 €","60,00 €",,59.00,
EUR,IRK,31,,,"1.611,00 €",IRK 93,IRK 93,,63.00,
EUR,IRK,31,,,"86,00 €","67,00 €","67,00 €",,64.00,
EUR,IRK,31,,,"1.844,00 €",IRK 94,IRK 94,,63.00,
EUR,IRK,31,,,"86,00 €","67,00 €","67,00 €",,64.00,
EUR,IRK,31,,,"1.960,00 €",IRK 93 IR 62,IRK 93 IR 62,,63.00,
EUR,IRK,31,,,"86,00 €","67,00 €","67,00 €",,64.00,
EUR,IRK,31,,,"1.972,00 €",IRK 93 IR 63,IRK 93 IR 63,,63.00,
EUR,IRK,31,,,"86,00 €","67,00 €","67,00 €",,64.00,
EUR,IRK,31,,,"2.361,00 €",IRK 103,IRK 103,,68.00,
EUR,IRK,31,,,"93,00 €","72,00 €","72,00 €",,88.00,
EUR,IRK,31,,,"2.672,00 €",IRK 104,IRK 104,,68.00,
EUR,IRK,31,,,"93,00 €","72,00 €","72,00 €",,88.00,
EUR,IRK,31,,,"2.896,00 €",IRK 103 IR 62,IRK 103 IR 62,,68.00,
EUR,IRK,31,,,"93,00 €","72,00 €","72,00 €",,88.00,
EUR,IRK,31,,,"2.914,00 €",IRK 103 IR 63,IRK 103 IR 63,,68.00,
EUR,IRK,31,,,"93,00 €","72,00 €","72,00 €",,88.00,
EUR,IRK,31,,,"3.507,00 €",IRK 123,IRK 123,,111.00,
EUR,IRK,31,,,"146,00 €","118,00 €","118,00 €",,171.00,
EUR,IRK,31,,,"3.846,00 €",IRK 124,IRK 124,,111.00,
EUR,IRK,31,,,"146,00 €","118,00 €","118,00 €",,171.00,
EUR,IRK,31,,,"3.997,00 €",IRK 123 IR72,IRK 123 IR72,,111.00,
EUR,IRK,31,,,"146,00 €","118,00 €","118,00 €",,171.00,
EUR,IRK,31,,,"4.014,00 €",IRK 123 IR73,IRK 123 IR73,,111.00,
EUR,IRK,31,,,"146,00 €","118,00 €","118,00 €",,171.00,
EUR,IRK,31,,,"5.523,00 €",IRK 143,IRK 143,,174.00,
EUR,IRK,31,,,"234,00 €","184,00 €","184,00 €",,281.00,
EUR,IRK,31,,,"5.767,00 €",IRK 144,IRK 144,,174.00,
EUR,IRK,31,,,"234,00 €","184,00 €","184,00 €",,281.00,
EUR,IRK,31,,,"5.938,00 €",IRK 143 IR 72,IRK 143 IR 72,,174.00,
EUR,IRK,31,,,"234,00 €","184,00 €","184,00 €",,281.00,
EUR,IRK,31,,,"5.956,00 €",IRK 143 IR 73,IRK 143 IR 73,,174.00,
EUR,IRK,31,,,"234,00 €","184,00 €","184,00 €",,281.00,
EUR,IRK,31,,,"8.429,00 €",IRK 153,IRK 153,,220.00,
EUR,IRK,31,,,"340,00 €","254,00 €","254,00 €",,313.00,
EUR,IRK,31,,,"8.702,00 €",IRK 154,IRK 154,,220.00,
EUR,IRK,31,,,"340,00 €","254,00 €","254,00 €",,313.00,
EUR,IRK,31,,,"9.044,00 €",IRK 153 IR 92,IRK 153 IR 92,,220.00,
EUR,IRK,31,,,"340,00 €","254,00 €","254,00 €",,313.00,
EUR,IRK,31,,,"9.111,00 €",IRK 153 IR 93,IRK 153 IR 93,,220.00,
EUR,IRK,31,,,"340,00 €","254,00 €","254,00 €",,313.00,
EUR,IRK,31,,,"9.230,00 €",IRK 153 IR 102,IRK 153 IR 102,,220.00,
EUR,IRK,31,,,"340,00 €","254,00 €","254,00 €",,313.00,
EUR,YPM,36,0.12,,"0,21-0,48",YPPM 103 İR 63 / 63 M4a(*P),YPPM 103 İR 63,63 M4a(*P),2063.00,2175.00
EUR,YPM,36,0.12,0.16,"0,56-0,71",YPPM 102 İR 63 / 63 M4a(*P),YPPM 102 İR 63,63 M4a(*P),2010.00,2121.00
EUR,YPM,36,0.12,0.16,"0,30-0,42",YPPM 93 İR 63 / 63 M4a(*P),YPPM 93 İR 63,63 M4a(*P),1635.00,1688.00
EUR,YPM,36,0.12,0.16,"0,49-1,2",YPPM 92 İR 63 / 63 M4a(*P),YPPM 92 İR 63,63 M4a(*P),1587.00,1640.00
EUR,YPM,36,0.12,0.16,"0,53-0,95",YPPM 83 İR 53 / 63 M4a(*P),YPPM 83 İR 53,63 M4a(*P),1174.00,1206.00
EUR,YPM,36,0.12,0.16,"0,99-2,2",YPPM 82 İR 53 / 63 M4a(*P),YPPM 82 İR 53,63 M4a(*P),1149.00,1180.00
EUR,YPM,36,0.12,0.16,"0,91-3,7",YPPM 72 İR 53 / 63 M4a(*P),YPPM 72 İR 53,63 M4a(*P),836.00,860.00
EUR,YPM,36,0.12,0.16,"2,9-5,5",YPPM 74 / 63 M4a(*P),YPPM 74,63 M4a(*P),720.00,744.00
EUR,YPM,36,0.12,0.16,"2,2-10",YPPM 63 İR 42 / 63 M4a(*P),YPPM 63 İR 42,63 M4a(*P),666.00,688.00
EUR,YPM,36,0.12,0.16,"3,9-11",YPPM 62 İR 42 / 63 M4a(*P),YPPM 62 İR 42,63 M4a(*P),652.00,674.00
EUR,YPM,36,0.12,0.16,"7,4-11",YPPM 63 / 63 M4a(*P),YPPM 63,63 M4a(*P),448.00,470.00
EUR,YPM,36,0.12,0.16,"4,0-8,0",YPM 53 İR 42 / 63 M4a,YPM 53 İR 42,63 M4a,611.00,629.00
EUR,YPM,36,0.12,0.16,"7,2-16",YPPM 52 İR 42 / 63 M4a(*P),YPPM 52 İR 42,63 M4a(*P),603.00,621.00
EUR,YPM,36,0.12,0.16,10-17,YPPM 53 / 63 M4a(*P),YPPM 53,63 M4a(*P),352.00,371.00
EUR,YPM,36,0.12,0.16,10-60,YPPM 43 / 63 M4a(*P),YPPM 43,63 M4a(*P),299.00,317.00
EUR,YPM,36,0.18,0.16,"0,27-0,48",YPPM 103 İR 63 / 63 M4b(*P),YPPM 103 İR 63,63 M4b(*P),2072.00,2183.00
EUR,YPM,36,0.18,0.25,"0,56-1,3",YPPM 102 İR 63 / 63 M4b(*P),YPPM 102 İR 63,63 M4b(*P),2015.00,2127.00
EUR,YPM,36,0.18,0.25,"0,38-0,42",YPPM 93 İR 63 / 63 M4a(*P),YPPM 93 İR 63,63 M4a(*P),1643.00,1696.00
EUR,YPM,36,0.18,0.25,"0,49-1,3",YPPM 92 İR 62 / 63 M4a(*P),YPPM 92 İR 62,63 M4a(*P),1595.00,1648.00
EUR,YPM,36,0.18,0.25,"1,1-1,8",YPM 94 / 71 M6a,YPM 94,71 M6a,1486.00,1541.00
EUR,YPM,36,0.18,0.25,"0,86-0,95",YPPM 83 İR 53 / 63 M4b(*P),YPPM 83 İR 53,63 M4b(*P),1185.00,1217.00
EUR,YPM,36,0.18,0.25,"0,99-2,2",YPPM 82 İR 53 / 63 M4b(*P),YPPM 82 İR 53,63 M4b(*P),1160.00,1191.00
EUR,YPM,36,0.18,0.25,"1,3-1,9",YPM 84 / 71 M6a,YPM 84,71 M6a,1075.00,1106.00
EUR,YPM,36,0.18,0.25,"1,5-3,7",YPPM 72 İR 53 / 63 M4b(*P),YPPM 72 İR 53,63 M4b(*P),841.00,865.00
EUR,YPM,36,0.18,0.25,"1,8-2,4",YPM 74 / 71 M6a,YPM 74,71 M6a,727.00,751.00
EUR,YPM,36,0.18,0.25,"2,9-6,1",YPPM 74 / 63 M4b(*P),YPPM 74,63 M4b(*P),726.00,750.00
EUR,YPM,36,0.18,0.25,"4,9-6,9",YPM 73 / 71 M6a,YPM 73,71 M6a,623.00,648.00
EUR,YPM,36,0.18,0.25,"6,6-7,0",YPPM 73 / 63 M4b(*P),YPPM 73,63 M4b(*P),617.00,641.00
EUR,YPM,36,0.18,0.25,"3,3-10",YPPM 63 İR 42 / 63 M4b(*P),YPPM 63 İR 42,63 M4b(*P),669.00,690.00
EUR,YPM,36,0.18,0.25,"3,9-11",YPPM 62 İR 42 / 63 M4b(*P),YPPM 62 İR 42,63 M4b(*P),656.00,677.00
EUR,YPM,36,0.18,0.25,"4,7-5,1",YPPM 63 / 71 M6a(*P),YPPM 63,71 M6a(*P),491.00,513.00
EUR,YPM,36,0.18,0.25,"5,4-8,5",YPM 63 / 71 M6a,YPM 63,71 M6a,473.00,495.00
EUR,YPM,36,0.18,0.25,"7,4-15",YPPM 63 / 63 M4b(*P),YPPM 63,63 M4b(*P),452.00,474.00
EUR,YPM,36,0.18,0.25,"5,4-8,0",YPM 53 İR 42 / 63 M4b,YPM 53 İR 42,63 M4b,644.00,662.00
EUR,YPM,36,0.18,0.25,"7,2-16",YPPM 52 İR 42 / 63 M4b(*P),YPPM 52 İR 42,63 M4b(*P),637.00,655.00
EUR,YPM,36,0.18,0.25,"6,6-8,6",YPM 53 / 71 M6a,YPM 53,71 M6a,366.00,385.00
EUR,YPM,36,0.18,0.25,10-17,YPPM 53 / 63 M4b(*P),YPPM 53,63 M4b(*P),354.00,373.00
EUR,YPM,36,0.18,0.25,10-60,YPPM 43 / 63 M4b(*P),YPPM 43,63 M4b(*P),305.00,323.00
EUR,YPM,36,0.18,0.25,62-302,YPPM 42 / 63 M4b(*P),YPPM 42,63 M4b(*P),296.00,315.00
EUR,YPM,36,0.18,0.25,332-605,YPPM 42 / 63 M2a(*P),YPPM 42,63 M2a(*P),297.00,316.00
EUR,YPM,36,0.25,0.25,"0,13-0,43",YPM 143 İR 73 / 71 M4a,YPM 143 İR 73,71 M4a,4785.00,5038.00
EUR,YPM,36,0.25,0.34,"0,18-0,43",YPM 123 İR 73 / 71 M4a,YPM 123 İR 73,71 M4a,2954.00,3118.00
EUR,YPM,36,0.25,0.34,"0,36-0,48",YPM 103 İR 63 / 71 M4a,YPM 103 İR 63,71 M4a,2113.00,2221.00
EUR,YPM,36,0.25,0.34,"0,56-1,8",YPM 102 İR 63 / 71 M4a,YPM 102 İR 63,71 M4a,2081.00,2189.00
EUR,YPM,36,0.25,0.34,"1,1-1,4",YPM 104 / 71 M6b,YPM 104,71 M6b,2017.00,2125.00
EUR,YPM,36,0.25,0.34,"0,55-2,0",YPM 92 İR 63 / 71 M4a,YPM 92 İR 63,71 M4a,1617.00,1670.00
EUR,YPM,36,0.25,0.34,"1,2-2,1",YPM 94 / 71 M6b,YPM 94,71 M6b,1492.00,1545.00
EUR,YPM,36,0.25,0.34,"1,8-2,5",YPM 94 / 71 M4a,YPM 94,71 M4a,1474.00,1527.00
EUR,YPM,36,0.25,0.34,"1,2-4,1",YPM 82 İR 53 / 71 M4a,YPM 82 İR 53,71 M4a,1170.00,1202.00
EUR,YPM,36,0.25,0.34,"3,2-5,0",YPM 82 İR 52 / 71 M4a,YPM 82 İR 52,71 M4a,1159.00,1191.00
EUR,YPM,37,0.25,,"1,4-1,9",YPM 84 / 71 M6b,YPM 84,71 M6b,1081.00,1113.00
EUR,YPM,37,0.25,0.34,"2,1-4,3",YPM 84 / 71 M4a,YPM 84,71 M4a,1064.00,1096.00
EUR,YPM,37,0.25,0.34,"3,7-5,2",YPM 83 / 71 M6b,YPM 83,71 M6b,934.00,966.00
EUR,YPM,37,0.25,0.34,"2,4-7,2",YPM 73 İR 52 / 71 M4a,YPM 73 İR 52,71 M4a,850.00,875.00
EUR,YPM,37,0.25,0.34,"2,0-7,9",YPM 72 İR 53 / 71 M4a,YPM 72 İR 53,71 M4a,844.00,868.00
EUR,YPM,37,0.25,0.34,"2,9-6,1",YPM 74 / 71 M4a,YPM 74,71 M4a,719.00,743.00
EUR,YPM,37,0.25,0.34,"4,2-4,5",YPPM 73 / 71 M6b(*P),YPPM 73,71 M6b(*P),689.00,713.00
EUR,YPM,37,0.25,0.34,"4,9-7,0",YPM 73 / 71 M6b,YPM 73,71 M6b,653.00,677.00
EUR,YPM,37,0.25,0.34,"6,6-7,1",YPM 73 / 71 M4a,YPM 73,71 M4a,636.00,660.00
EUR,YPM,37,0.25,0.34,"4,9-10",YPM 63 İR 42 / 71 M4a,YPM 63 İR 42,71 M4a,687.00,708.00
EUR,YPM,37,0.25,0.34,"5,0-11",YPM 62 İR 42 / 71 M4a,YPM 62 İR 42,71 M4a,674.00,696.00
EUR,YPM,37,0.25,0.34,"5,1",YPPM 63 / 71 M6b(*P),YPPM 63,71 M6b(*P),503.00,524.00
EUR,YPM,37,0.25,0.34,"5,4-8,5",YPM 63 / 71 M6b,YPM 63,71 M6b,476.00,498.00
EUR,YPM,37,0.25,0.34,"7,4-22",YPPM 63 / 71 M4a(*P),YPPM 63,71 M4a(*P),485.00,507.00
EUR,YPM,37,0.25,0.34,"8,4-15",YPM 63 / 71 M4a,YPM 63,71 M4a,460.00,482.00
EUR,YPM,37,0.25,0.34,8,YPM 53 İR 42 / 71 M4a,YPM 53 İR 42,71 M4a,647.00,666.00
EUR,YPM,37,0.25,0.34,"9,1-16",YPM 52 İR 42 / 71 M4a,YPM 52 İR 42,71 M4a,640.00,658.00
EUR,YPM,37,0.25,0.34,12-61,YPM 53 / 71 M4a,YPM 53,71 M4a,355.00,374.00
EUR,YPM,37,0.25,0.34,54,YPPM 52 / 71 M4a(*P),YPPM 52,71 M4a(*P),367.00,385.00
EUR,YPM,37,0.25,0.34,63-328,YPM 52 / 71 M4a,YPM 52,71 M4a,348.00,366.00
EUR,YPM,37,0.25,0.34,386-782,YPM 52 / 63 M2b,YPM 52,63 M2b,346.00,364.00
EUR,YPM,37,0.25,0.34,14-60,YPM 43 / 71 M4a,YPM 43,71 M4a,315.00,333.00
EUR,YPM,37,0.25,0.34,37-58,YPPM 43 / 63 M2b(*P),YPPM 43,63 M2b(*P),307.00,325.00
EUR,YPM,37,0.25,0.34,62-302,YPM 42 / 71 M4a,YPM 42,71 M4a,306.00,324.00
EUR,YPM,37,0.25,0.34,332-605,YPPM 42 / 63 M2b(*P),YPPM 42,63 M2b(*P),302.00,320.00
EUR,YPM,37,0.37,0.34,"0,19-0,64",YPM 143 İR 73 / 71 M4b,YPM 143 İR 73,71 M4b,4813.00,5065.00
EUR,YPM,37,0.37,0.50,"0,32-0,43",YPM 123 İR 73 / 71 M4b,YPM 123 İR 73,71 M4b,2965.00,3130.00
EUR,YPM,37,0.37,0.50,"0,63-5,8",YPM 102 İR 63 / 71 M4b,YPM 102 İR 63,71 M4b,2090.00,2198.00
EUR,YPM,37,0.37,0.50,"1,1-1,4",YPM 104 / 80 M6a,YPM 104,80 M6a,1974.00,2082.00
EUR,YPM,37,0.37,0.50,,YPPM 104 / 71 M4b(*P),YPPM 104,71 M4b(*P),2027.00,2138.00
EUR,YPM,37,0.37,0.50,"0,78-3,3",YPM 92 İR 63 / 71M4b,YPM 92 İR 63,71M4b,1624.00,1677.00
EUR,YPM,37,0.37,0.50,"1,2-2,1",YPM 94 / 80 M6a,YPM 94,80 M6a,1505.00,1558.00
EUR,YPM,37,0.37,0.50,"1,8-3,9",YPM 94 / 71 M4b,YPM 94,71 M4b,1483.00,1536.00
EUR,YPM,37,0.37,0.50,"3,1-4,5",YPM 93 / 80 M6a,YPM 93,80 M6a,1299.00,1352.00
EUR,YPM,37,0.37,0.50,"1,9-5,2",YPM 82 İR 53 / 71 M4b,YPM 82 İR 53,71 M4b,1189.00,1221.00
EUR,YPM,37,0.37,0.50,"3,2-6,3",YPM 82 İR 52 / 71 M4b,YPM 82 İR 52,71 M4b,1179.00,1211.00
EUR,YPM,37,0.37,0.50,"1,9",YPM 84 / 80 M6a,YPM 84,80 M6a,1093.00,1125.00
EUR,YPM,37,0.37,0.50,"2,1-5,4",YPM 84 / 71 M4b,YPM 84,71 M4b,1070.00,1102.00
EUR,YPM,37,0.37,0.50,"3,7-5,2",YPM 83 / 80 M6a,YPM 83,80 M6a,947.00,979.00
EUR,YPM,37,0.37,0.50,"5,8-6,9",YPM 83 / 71 M4b,YPM 83,71 M4b,923.00,955.00
EUR,YPM,37,0.37,0.50,"4,2-7,2",YPM 73 İR 53 / 71 M4b,YPM 73 İR 53,71 M4b,866.00,890.00
EUR,YPM,37,0.37,0.50,"2,8-7,9",YPM 72 İR 53 / 71 M4b,YPM 72 İR 53,71 M4b,857.00,881.00
EUR,YPM,37,0.37,0.50,"3,8-6,1",YPM 74 / 71 M4b,YPM 74,71 M4b,734.00,759.00
EUR,YPM,37,0.37,0.50,"4,2-4,5",YPPM 73 / 80 M6a(*P),YPPM 73,80 M6a(*P),703.00,727.00
EUR,YPM,37,0.37,0.50,"4,9-6,9",YPM 73 / 80 M6a,YPM 73,80 M6a,666.00,690.00
EUR,YPM,37,0.37,0.50,"6,6-7,1",YPPM 73 / 71 M4b(*P),YPPM 73,71 M4b(*P),678.00,702.00
EUR,YPM,37,0.37,0.50,"7,6-18",YPM 73 / 71 M4b,YPM 73,71 M4b,643.00,667.00
EUR,YPM,37,0.37,0.50,"6,2-10",YPM 63 İR 42 / 71 M4b,YPM 63 İR 42,71 M4b,705.00,727.00
EUR,YPM,37,0.37,0.50,"7,1-11",YPM 62 İR 42 / 71 M4b,YPM 62 İR 42,71 M4b,692.00,714.00
EUR,YPM,37,0.37,0.50,"6,9-8,5",YPM 63 / 80 M6a,YPM 63,80 M6a,492.00,514.00
EUR,YPM,38,0.37,,"7,4-32",YPPM 63 / 71 M4b(*P),YPPM 63,71 M4b(*P),494.00,516.00
EUR,YPM,38,0.37,0.50,"8,4-29",YPM 63 / 71 M4b,YPM 63,71 M4b,469.00,487.00
EUR,YPM,38,0.37,0.50,15-61,YPM 53 / 71 M4b,YPM 53,71 M4b,363.00,382.00
EUR,YPM,38,0.37,0.50,63-328,YPM 52 / 71 M4b,YPM 52,71 M4b,355.00,373.00
EUR,YPM,38,0.37,0.50,386-782,YPM 52 / 71 M2a,YPM 52,71 M2a,349.00,367.00
EUR,YPM,38,0.37,0.50,21-60,YPM 43 / 71 M4b,YPM 43,71 M4b,321.00,339.00
EUR,YPM,38,0.37,0.50,37-58,YPM 43 / 71 M2a,YPM 43,71 M2a,314.00,332.00
EUR,YPM,38,0.37,0.50,62-72,YPPM 42 / 71 M4b(*P),YPPM 42,71 M4b(*P),329.00,347.00
EUR,YPM,38,0.37,0.50,83-302,YPM 42 / 71 M4b,YPM 42,71 M4b,312.00,330.00
EUR,YPM,38,0.37,0.50,332-605,YPM 42 / 71 M2a,YPM 42,71 M2a,306.00,325.00
EUR,YPM,38,0.55,0.50,"0,21-0,60",YPM 153 İR 83 / 80 M4a,YPM 153 İR 83,80 M4a,7186.00,7509.00
EUR,YPM,38,0.55,0.75,"0,26-0,64",YPM 143 İR 73 / 80 M4a,YPM 143 İR 73,80 M4a,4828.00,5080.00
EUR,YPM,38,0.55,0.75,"0,52-1,1",YPM 143 İR 72 / 80 M4a,YPM 143 İR 72,80 M4a,4796.00,5048.00
EUR,YPM,38,0.55,0.75,"0,47-2,3",YPM 123 İR 72 / 80 M4a,YPM 123 İR 72,80 M4a,2973.00,3137.00
EUR,YPM,38,0.55,0.75,"1,2-1,4",YPM 124 / 80 M6b,YPM 124,80 M6b,2732.00,2896.00
EUR,YPM,38,0.55,0.75,"0,87-5,8",YPM 102 İR 63 / 80 M4a,YPM 102 İR 63,80 M4a,2114.00,2222.00
EUR,YPM,38,0.55,0.75,"1,0-1,4",YPM 104 / 80 M6b,YPM 104,80 M6b,2016.00,2124.00
EUR,YPM,38,0.55,0.75,"1,6-4,0",YPM 104 / 80 M4a,YPM 104,80 M4a,2006.00,2114.00
EUR,YPM,38,0.55,0.75,"1,2-3,9",YPM 92 İR 63 / 80 M4a,YPM 92 İR 63,80 M4a,1634.00,1688.00
EUR,YPM,38,0.55,0.75,"4,9-6,2",YPM 92 İR 62 / 80 M4a,YPM 92 İR 62,80 M4a,1585.00,1639.00
EUR,YPM,38,0.55,0.75,"1,4-2,1",YPM 94 / 80 M6b,YPM 94,80 M6b,1519.00,1572.00
EUR,YPM,38,0.55,0.75,"1,8-4,4",YPM 94 / 80 M4a,YPM 94,80 M4a,1500.00,1553.00
EUR,YPM,38,0.55,0.75,"3,1-4,5",YPM 93 / 80 M6b,YPM 93,80 M6b,1318.00,1371.00
EUR,YPM,38,0.55,0.75,"4,9-6,6",YPM 93 / 80 M4a,YPM 93,80 M4a,1300.00,1353.00
EUR,YPM,38,0.55,0.75,"2,7-5,2",YPM 82 İR 53 / 80 M4a,YPM 82 İR 53,80 M4a,1201.00,1233.00
EUR,YPM,38,0.55,0.75,"3,2-6,3",YPM 82 İR 52 / 80 M4a,YPM 82 İR 52,80 M4a,1191.00,1223.00
EUR,YPM,38,0.55,0.75,"3,0-5,4",YPM 84 / 80 M4a,YPM 84,80 M4a,1091.00,1123.00
EUR,YPM,38,0.55,0.75,"3,7-5,2",YPM 83 / 80 M6b,YPM 83,80 M6b,961.00,993.00
EUR,YPM,38,0.55,0.75,"5,8-14",YPM 83 / 80 M4a,YPM 83,80 M4a,943.00,975.00
EUR,YPM,38,0.55,0.75,"5,3-7,2",YPM 73 İR 52 / 80 M4a,YPM 73 İR 52,80 M4a,888.00,912.00
EUR,YPM,38,0.55,0.75,"4,3-6,4",YPM 72 İR 53 / 80 M4a,YPM 72 İR 53,80 M4a,879.00,903.00
EUR,YPM,38,0.55,0.75,"6,1",YPM 74 / 80 M4a,YPM 74,80 M4a,758.00,782.00
EUR,YPM,38,0.55,0.75,"6,2-7,0",YPM 73 / 80 M6b,YPM 73,80 M6b,679.00,701.00
EUR,YPM,38,0.55,0.75,"6,6-7,1",YPPM 73 / 80 M4a(*P),YPPM 73,80 M4a(*P),699.00,721.00
EUR,YPM,38,0.55,0.75,"7,6-27",YPM 73 / 80 M4a,YPM 73,80 M4a,662.00,684.00
EUR,YPM,38,0.55,0.75,11-46,YPM 63 / 80 M4a,YPM 63,80 M4a,488.00,510.00
EUR,YPM,38,0.55,0.75,21-61,YPM 53 / 80 M4a,YPM 53,80 M4a,384.00,402.00
EUR,YPM,38,0.55,0.75,63-391,YPM 52 / 80 M4a,YPM 52,80 M4a,377.00,395.00
EUR,YPM,38,0.55,0.75,433-782,YPM 52 / 71 M2b,YPM 52,71 M2b,356.00,374.00
EUR,YPM,38,0.55,0.75,33-60,YPM 43 / 80 M4a,YPM 43,80 M4a,341.00,359.00
EUR,YPM,38,0.55,0.75,37-58,YPM 43 / 71 M2b,YPM 43,71 M2b,318.00,336.00
EUR,YPM,38,0.55,0.75,62-72,YPPM 42 / 80 M4a(*P),YPPM 42,80 M4a(*P),351.00,369.00
EUR,YPM,38,0.55,0.75,83-302,YPM 42 / 80 M4a,YPM 42,80 M4a,333.00,351.00
EUR,YPM,38,0.55,0.75,332-605,YPM 42 / 71 M2b,YPM 42,71 M2b,313.00,331.00
EUR,YPM,38,0.75,0.75,"0,27-0,60",YPM 153 İR 83 / 80 M4b,YPM 153 İR 83,80 M4b,7229.00,7552.00
EUR,YPM,38,0.75,1,"0,63-0,78",YPM 152 İR 83 / 80 M4b,YPM 152 İR 83,80 M4b,7000.00,7513.00
EUR,YPM,38,0.75,1,"0,38-0,64",YPM 143 İR 73 / 80 M4b,YPM 143 İR 73,80 M4b,4866.00,5118.00
EUR,YPM,38,0.75,1,"0,52-1,1",YPM 143 İR 72 / 80 M4b,YPM 143 İR 72,80 M4b,4819.00,5072.00
EUR,YPM,38,0.75,1,"1,1-1,3",YPM 144 / 90 S6a(*P),YPM 144,90 S6a(*P),4903.00,5156.00
EUR,YPM,38,0.75,1,"0,59-3,5",YPM 123 İR 72 / 80 M4b,YPM 123 İR 72,80 M4b,3007.00,3171.00
EUR,YPM,39,0.75,,"1,2-1,6",YPM 124 / 90 S6a,YPM 124,90 S6a,2772.00,2937.00
EUR,YPM,39,0.75,1,"1,8-2,2",YPM 124 / 80 M4b,YPM 124,80 M4b,2741.00,2905.00
EUR,YPM,39,0.75,1,"1,5-5,8",YPM 102 İR 63 / 80 M4b,YPM 102 İR 63,80 M4b,2137.00,2298.00
EUR,YPM,39,0.75,1,"1,4",YPPM 104 / 90 S6a,YPPM 104,90 S6a,2020.00,2131.00
EUR,YPM,39,0.75,1,"1,6-5,4",YPM 104 / 80 M4b,YPM 104,80 M4b,2029.00,2137.00
EUR,YPM,39,0.75,1,"3,3-5,6",YPPM 103 / 90 S6a(*P),YPPM 103,90 S6a(*P),1960.00,2068.00
EUR,YPM,39,0.75,1,"1,6-3,9",YPM 92 İR 63 / 80 M4b,YPM 92 İR 63,80 M4b,1680.00,1733.00
EUR,YPM,39,0.75,1,"4,9-6,2",YPM 92 İR 62 / 80 M4b,YPM 92 İR 62,80 M4b,1631.00,1684.00
EUR,YPM,39,0.75,1,"2,1",YPM 94 / 90 S6a,YPM 94,90 S6a,1561.00,1614.00
EUR,YPM,39,0.75,1,"2,0-4,4",YPM 94 / 80 M4b,YPM 94,80 M4b,1547.00,1600.00
EUR,YPM,39,0.75,1,"3,1",YPPM 93 / 90 S6a(*P),YPPM 93,90 S6a(*P),1412.00,1465.00
EUR,YPM,39,0.75,1,"3,6-4,5",YPM 93 / 90 S6a,YPM 93,90 S6a,1351.00,1405.00
EUR,YPM,39,0.75,1,"4,9-7,0",YPM 93 / 80 M4b,YPM 93,80 M4b,1338.00,1391.00
EUR,YPM,39,0.75,1,"3,6-6,3",YPM 82 İR 53 / 80 M4b,YPM 82 İR 53,80 M4b,1244.00,1276.00
EUR,YPM,39,0.75,1,"3,6-6,3",YPM 82 İR 52 / 80 M4b,YPM 82 İR 52,80 M4b,1234.00,1266.00
EUR,YPM,39,0.75,1,"4,3-5,4",YPM 84 / 80 M4b,YPM 84,80 M4b,1133.00,1165.00
EUR,YPM,39,0.75,1,"4,3-5,2",YPM 83 / 90 S6a,YPM 83,90 S6a,1001.00,1033.00
EUR,YPM,39,0.75,1,"5,8-16",YPM 83 / 80 M4b,YPM 83,80 M4b,986.00,1018.00
EUR,YPM,39,0.75,1,"8,5-31",YPM 73 / 80 M4b,YPM 73,80 M4b,708.00,732.00
EUR,YPM,39,0.75,1,15-46,YPM 63 / 80 M4b,YPM 63,80 M4b,531.00,553.00
EUR,YPM,39,0.75,1,44-77,YPM 62 / 80 M4b,YPM 62,80 M4b,518.00,539.00
EUR,YPM,39,0.75,1,29-61,YPM 53 / 80 M4b,YPM 53,80 M4b,424.00,442.00
EUR,YPM,39,0.75,1,63-391,YPM 52 / 80 M4b,YPM 52,80 M4b,417.00,435.00
EUR,YPM,39,0.75,1,433-782,YPM 52 / 80 M2a,YPM 52,80 M2a,381.00,400.00
EUR,YPM,39,0.75,1,37-58,YPM 43 / 80 M2a,YPM 43,80 M2a,353.00,371.00
EUR,YPM,39,0.75,1,62-72,YPPM 42 / 80 M4b(*P),YPPM 42,80 M4b(*P),394.00,412.00
EUR,YPM,39,0.75,1,83-302,YPM 42 / 80 M4b,YPM 42,80 M4b,374.00,392.00
EUR,YPM,39,0.75,1,332-605,YPM 42 / 80 M2a,YPM 42,80 M2a,338.00,356.00
EUR,YPM,39,1.1,1,"0,45-0,60",YPM 153 İR 83 / 90 S4a,YPM 153 İR 83,90 S4a,7268.00,7591.00
EUR,YPM,39,1.1,1.5,"0,63-1,1",YPM 152 İR 83 / 90 S4a,YPM 152 İR 83,90 S4a,7039.00,7362.00
EUR,YPM,39,1.1,1.5,"0,58-0,64",YPM 143 İR 73 / 90 S4a,YPM 143 İR 73,90 S4a,4875.00,5127.00
EUR,YPM,39,1.1,1.5,"0,72-2,6",YPM 143 İR 72 / 90 S4a,YPM 143 İR 72,90 S4a,4816.00,5068.00
EUR,YPM,39,1.1,1.5,"1,1-1,4",YPPM 144 / 90 L6b(*P),YPPM 144,90 L6b(*P),4837.00,5089.00
EUR,YPM,39,1.1,1.5,"1,6-2,2",YPPM 144 / 90 S4a(*P),YPPM 144,90 S4a(*P),4811.00,5063.00
EUR,YPM,39,1.1,1.5,"0,86-4,5",YPM 123 İR 72 / 90 S4a,YPM 123 İR 72,90 S4a,3049.00,3213.00
EUR,YPM,39,1.1,1.5,"1,2-1,6",YPPM 124 / 90 L6b(*P),YPPM 124,90 L6b(*P),2809.00,2974.00
EUR,YPM,39,1.1,1.5,"1,8-4,5",YPPM 124 / 90 S4a(*P),YPPM 124,90 S4a(*P),2782.00,2946.00
EUR,YPM,39,1.1,1.5,"1,8-5,8",YPM 102 İR 63 / 90 S4a,YPM 102 İR 63,90 S4a,2188.00,2296.00
EUR,YPM,39,1.1,1.5,"2,0-6,8",YPM 104 / 90 S4a,YPM 104,90 S4a,2072.00,2180.00
EUR,YPM,39,1.1,1.5,"3,3-5,6",YPPM 103 / 90 L6b(*P),YPPM 103,90 L6b(*P),2000.00,2108.00
EUR,YPM,39,1.1,1.5,"5,2-8,7",YPPM 103 / 90 S4a(*P),YPPM 103,90 S4a(*P),1981.00,2089.00
EUR,YPM,39,1.1,1.5,"2,2-3,9",YPM 92 İR 63 / 90 S4a,YPM 92 İR 63,90 S4a,1768.00,1821.00
EUR,YPM,39,1.1,1.5,"1,9-6,2",YPM 92 İR 62 / 90 S4a,YPM 92 İR 62,90 S4a,1720.00,1773.00
EUR,YPM,39,1.1,1.5,"3,2-4,4",YPM 94 / 90 S4a,YPM 94,90 S4a,1573.00,1626.00
EUR,YPM,39,1.1,1.5,"3,6-4,5",YPM 93 / 90 L6b,YPM 93,90 L6b,1383.00,1436.00
EUR,YPM,39,1.1,1.5,"4,9-11",YPM 93 / 90 S4a,YPM 93,90 S4a,1367.00,1420.00
EUR,YPM,39,1.1,1.5,"6,7-29",YPM 83 / 90 S4a,YPM 83,90 S4a,1015.00,1047.00
EUR,YPM,39,1.1,1.5,13-47,YPM 73 / 90 S4a,YPM 73,90 S4a,737.00,761.00
EUR,YPM,39,1.1,1.5,42-50,YPM 72 / 90 S4a,YPM 72,90 S4a,720.00,744.00
EUR,YPM,39,1.1,1.5,21-46,YPM 63 / 90 S4a,YPM 63,90 S4a,561.00,582.00
EUR,YPM,40,1.1,,44-61,YPPM 62 / 90 S4a(*P),YPPM 62,90 S4a(*P),576.00,597.00
EUR,YPM,40,1.1,1.5,56-116,YPM 62 / 90 S4a,YPM 62,90 S4a,546.00,568.00
EUR,YPM,40,1.1,1.5,45-61,YPM 53 / 90 S4a,YPM 53,90 S4a,453.00,473.00
EUR,YPM,40,1.1,1.5,54-72,YPPM 52 / 90 S4a(*P),YPPM 52,90 S4a(*P),469.00,489.00
EUR,YPM,40,1.1,1.5,81-391,YPM 52 / 90 S4a,YPM 52,90 S4a,444.00,465.00
EUR,YPM,40,1.1,1.5,433-782,YPM 52 / 80 M2b,YPM 52,80 M2b,392.00,410.00
EUR,YPM,40,1.1,1.5,45-58,YPM 43 / 80 M2b,YPM 43,80 M2b,356.00,374.00
EUR,YPM,40,1.1,1.5,62-209,YPPM 42 / 90 S4a(*P),YPPM 42,90 S4a(*P),428.00,448.00
EUR,YPM,40,1.1,1.5,108-302,YPM 42 / 90 S4a,YPM 42,90 S4a,405.00,426.00
EUR,YPM,40,1.1,1.5,332-605,YPM 42 / 80 M2b,YPM 42,80 M2b,339.00,359.00
EUR,YPM,40,1.5,1.5,"0,6",YPM 153 İR 83 / 90 L4a,YPM 153 İR 83,90 L4a,7314.00,7637.00
EUR,YPM,40,1.5,2,"0,63-1,3",YPM 152 İR 83 / 90 L4a,YPM 152 İR 83,90 L4a,7085.00,7408.00
EUR,YPM,40,1.5,2,"1,5-2,9",YPM 154 / 100 L6a(*P),YPM 154,100 L6a(*P),7095.00,7417.00
EUR,YPM,40,1.5,2,"0,72-3,4",YPM 143 İR 72 / 90 L4a,YPM 143 İR 72,90 L4a,4917.00,5169.00
EUR,YPM,40,1.5,2,"1,1-1,4",YPM 144 / 100 L6a(*P),YPM 144,100 L6a(*P),4857.00,5110.00
EUR,YPM,40,1.5,2,"1,6-3,6",YPPM 144 / 90 L4a(*P),YPPM 144,90 L4a(*P),4985.00,4983.00
EUR,YPM,40,1.5,2,"1,3-6,1",YPM 123 İR 72 / 90 L4a,YPM 123 İR 72,90 L4a,3099.00,3263.00
EUR,YPM,40,1.5,2,"1,4-1,6",YPPM 124 / 100 L6a(*P),YPPM 124,100 L6a(*P),2855.00,3019.00
EUR,YPM,40,1.5,2,"1,8-5,5",YPPM 124 / 90 L4a(*P),YPPM 124,90 L4a(*P),2821.00,2985.00
EUR,YPM,40,1.5,2,"3,6-5,1",YPPM 123 / 100 L6a(*P),YPPM 123,100 L6a(*P),2637.00,2801.00
EUR,YPM,40,1.5,2,"2,7-5,8",YPM 102 İR 63 / 90 L4a,YPM 102 İR 63,90 L4a,2220.00,2329.00
EUR,YPM,40,1.5,2,"2,8-6,8",YPM 104 / 90 L4a,YPM 104,90 L4a,2101.00,2210.00
EUR,YPM,40,1.5,2,"4,1-5,6",YPM 103 / 100 L6a,YPM 103,100 L6a,1976.00,2084.00
EUR,YPM,40,1.5,2,"5,2-11",YPPM 103 / 90 L4a(*P),YPPM 103,90 L4a(*P),2050.00,2158.00
EUR,YPM,40,1.5,2,"3,6-3,9",YPM 92 İR 63 / 90 L4a,YPM 92 İR 63,90 L4a,1792.00,1845.00
EUR,YPM,40,1.5,2,"4,9-6,2",YPM 92 İR 62 / 90 L4a,YPM 92 İR 62,90 L4a,1744.00,1797.00
EUR,YPM,40,1.5,2,"3,9-4,4",YPM 94 / 90 L4a,YPM 94,90 L4a,1645.00,1698.00
EUR,YPM,40,1.5,2,"4,9-15",YPM 93 / 90 L4a,YPM 93,90 L4a,1392.00,1445.00
EUR,YPM,40,1.5,2,"9,0-41",YPM 83 / 90 L4a,YPM 83,90 L4a,1041.00,1073.00
EUR,YPM,40,1.5,2,15-47,YPM 73 / 90 L4a,YPM 73,90 L4a,763.00,787.00
EUR,YPM,40,1.5,2,42-70,YPM 72 / 90 L4a,YPM 72,90 L4a,743.00,767.00
EUR,YPM,40,1.5,2,29-46,YPM 63 / 90 L4a,YPM 63,90 L4a,589.00,614.00
EUR,YPM,40,1.5,2,56-165,YPM 62 / 90 L4a,YPM 62,90 L4a,576.00,600.00
EUR,YPM,40,1.5,2,81-391,YPM 52 / 90 L4a,YPM 52,90 L4a,484.00,504.00
EUR,YPM,40,1.5,2,433-782,YPM 52 / 90 S2a,YPM 52,90 S2a,436.00,457.00
EUR,YPM,40,1.5,2,95,YPPM 42 / 90 L4a(*P),YPPM 42,90 L4a(*P),467.00,487.00
EUR,YPM,40,1.5,2,107-302,YPM 42 / 90 L4a,YPM 42,90 L4a,443.00,463.00
EUR,YPM,40,1.5,2,332-605,YPM 42 / 90 S2a,YPM 42,90 S2a,394.00,415.00
EUR,YPM,40,2.2,2,"0,86-1,5",YPM 152 İR 83 / 100 L4a,YPM 152 İR 83,100 L4a,7374.00,7696.00
EUR,YPM,40,2.2,3,"1,5-2,3",YPM 154 / 112 M6(*P),YPM 154,112 M6(*P),7214.00,7536.00
EUR,YPM,40,2.2,3,"2,4-4,0",YPM 154 / 100 L4a(*P),YPM 154,100 L4a(*P),7126.00,7448.00
EUR,YPM,40,2.2,3,"1,1-5,0",YPM 143 İR 72 / 100 L4a,YPM 143 İR 72,100 L4a,4971.00,5223.00
EUR,YPM,40,2.2,3,"1,3-1,4",YPM 144 / 112 M6(*P),YPM 144,112 M6(*P),4953.00,5205.00
EUR,YPM,40,2.2,3,"1,6-4,6",YPM 144 / 100 L4a(*P),YPM 144,100 L4a(*P),4884.00,5136.00
EUR,YPM,40,2.2,3,"2,0-6,1",YPM 123 İR 72 / 100 L4a,YPM 123 İR 72,100 L4a,3130.00,3295.00
EUR,YPM,40,2.2,3,"2,2-5,5",YPPM 124 / 100 L4a(*P),YPPM 124,100 L4a(*P),2879.00,3044.00
EUR,YPM,40,2.2,3,"3,6-5,1",YPPM 123 / 112 M6a(*P),YPPM 123,112 M6a(*P),2737.00,2902.00
EUR,YPM,40,2.2,3,"5,6-9,7",YPPM 123 / 100 L4a(*P),YPPM 123,100 L4a(*P),2656.00,2820.00
EUR,YPM,40,2.2,3,"4,0-5,4",YPM 104 / 100 L4a,YPM 104,100 L4a,2198.00,2306.00
EUR,YPM,40,2.2,3,"4,6-5,6",YPM 103 / 112 M6,YPM 103,112 M6,2063.00,2171.00
EUR,YPM,41,2.2,,"5,2-5,6",YPPM 103 / 100 L4a(*P),YPPM 103,100 L4a(*P),2087.00,2195.00
EUR,YPM,41,2.2,3,"6,3-16",YPM 103 / 100 L4a,YPM 103,100 L4a,2004.00,2112.00
EUR,YPM,41,2.2,3,"7,0-22",YPM 93 / 100 L4a,YPM 93,100 L4a,1438.00,1492.00
EUR,YPM,41,2.2,3,13-51,YPM 83 / 100 L4a,YPM 83,100 L4a,1089.00,1121.00
EUR,YPM,41,2.2,3,54-75,YPM 82 / 100 L4a,YPM 82,100 L4a,1065.00,1096.00
EUR,YPM,41,2.2,3,20-47,YPM 73 / 100 L4a,YPM 73,100 L4a,806.00,830.00
EUR,YPM,41,2.2,3,57-100,YPM 72 / 100 L4a,YPM 72,100 L4a,787.00,811.00
EUR,YPM,41,2.2,3,46,YPM 63 / 100 L4a,YPM 63,100 L4a,643.00,667.00
EUR,YPM,41,2.2,3,44-61,YPPM 62 / 100 L4a(*P),YPPM 62,100 L4a(*P),664.00,689.00
EUR,YPM,41,2.2,3,69-247,YPM 62 / 100 L4a,YPM 62,100 L4a,630.00,654.00
EUR,YPM,41,2.2,3,102-391,YPM 52 / 100 L4a,YPM 52,100 L4a,537.00,557.00
EUR,YPM,41,2.2,3,433-782,YPM 52 / 90 L2a,YPM 52,90 L2a,463.00,483.00
EUR,YPM,41,2.2,3,418-536,YPPM 42 / 90 L2a(*P),YPPM 42,90 L2a(*P),444.00,465.00
EUR,YPM,41,2.2,3,332-605,YPM 42 / 90 L2a,YPM 42,90 L2a,421.00,442.00
EUR,YPM,41,3.0,3,"1,1-1,5",YPM 152 İR 83 / 100 L4b,YPM 152 İR 83,100 L4b,7410.00,7732.00
EUR,YPM,41,3.0,4,"1,5-2,3",YPM 154 / 132 S6b,YPM 154,132 S6b,7358.00,7680.00
EUR,YPM,41,3.0,4,"2,4-5,6",YPM 154 / 100 L4b(*P),YPM 154,100 L4b(*P),7164.00,7486.00
EUR,YPM,41,3.0,4,"1,5-6,2",YPM 143 İR 72 / 100 L4b,YPM 143 İR 72,100 L4b,5020.00,5272.00
EUR,YPM,41,3.0,4,"2,0-6,8",YPM 144 / 100 L4b(*P),YPM 144,100 L4b(*P),4923.00,5175.00
EUR,YPM,41,3.0,4,"3,1-6,1",YPM 123 İR 72 / 100 L4b,YPM 123 İR 72,100 L4b,3175.00,3339.00
EUR,YPM,41,3.0,4,"3,0-5,5",YPPM 124 / 100 L4b(*P),YPPM 124,100 L4b(*P),2926.00,3090.00
EUR,YPM,41,3.0,4,"4,6-5,1",YPM 123 / 132 S6b,YPM 123,132 S6b,2876.00,3041.00
EUR,YPM,41,3.0,4,"5,6-13",YPPM 123 / 100 L4b(*P),YPPM 123,100 L4b(*P),2693.00,2857.00
EUR,YPM,41,3.0,4,"6,3-24",YPM 103 / 100 L4b,YPM 103,100 L4b,2031.00,2140.00
EUR,YPM,41,3.0,4,"9,7-31",YPM 93 / 100 L4b,YPM 93,100 L4b,1477.00,1530.00
EUR,YPM,41,3.0,4,16-63,YPM 83 / 100 L4b,YPM 83,100 L4b,1128.00,1160.00
EUR,YPM,41,3.0,4,54-104,YPM 82 / 100 L4b,YPM 82,100 L4b,1101.00,1133.00
EUR,YPM,41,3.0,4,28-47,YPM 73 / 100 L4b,YPM 73,100 L4b,845.00,869.00
EUR,YPM,41,3.0,4,57-138,YPM 72 / 100 L4b,YPM 72,100 L4b,825.00,849.00
EUR,YPM,41,3.0,4,69-247,YPM 62 / 100 L4b,YPM 62,100 L4b,673.00,697.00
EUR,YPM,41,3.0,4,277-494,YPM 62 / 100 L2a,YPM 62,100 L2a,618.00,643.00
EUR,YPM,41,3.0,4,114-391,YPM 52 / 100 L4b,YPM 52,100 L4b,579.00,600.00
EUR,YPM,41,3.0,4,433-782,YPM 52 / 100 L2a,YPM 52,100 L2a,526.00,546.00
EUR,YPM,41,4.0,4,"1,7-6,0",YPM 153 İR 92 / 112 M4b,YPM 153 İR 92,112 M4b,8377.00,8699.00
EUR,YPM,41,4.0,5.5,"1,5-2,3",YPM 154 / 132 M6a,YPM 154,132 M6a,7433.00,7755.00
EUR,YPM,41,4.0,5.5,"2,4-7,4",YPM 154 / 112 M4b(*P),YPM 154,112 M4b(*P),7249.00,7571.00
EUR,YPM,41,4.0,5.5,"3,0-5,1",YPM 143 İR 82 / 112 M4b,YPM 143 İR 82,112 M4b,5575.00,5827.00
EUR,YPM,41,4.0,5.5,"2,0-2,3",YPM 143 İR 72 / 112 M4b,YPM 143 İR 72,112 M4b,5184.00,5436.00
EUR,YPM,41,4.0,5.5,"2,2-6,8",YPM 144 / 112 M4b(*P),YPM 144,112 M4b(*P),5016.00,5269.00
EUR,YPM,41,4.0,5.5,"4,5-7,6",YPM 143 / 132 M6a,YPM 143,132 M6a,4789.00,5041.00
EUR,YPM,41,4.0,5.5,"4,1-5,5",YPPM 124 / 112 M4b(*P),YPPM 124,112 M4b(*P),3058.00,3222.00
EUR,YPM,41,4.0,5.5,"5,6-18",YPPM 123 / 112 M4b(*P),YPPM 123,112 M4b(*P),2789.00,2954.00
EUR,YPM,41,4.0,5.5,"8,7-33",YPM 103 / 112 M4b,YPM 103,112 M4b,2115.00,2223.00
EUR,YPM,41,4.0,5.5,12-42,YPM 93 / 112 M4b,YPM 93,112 M4b,1553.00,1606.00
EUR,YPM,41,4.0,5.5,44-53,YPM 92 / 112 M4b,YPM 92,112 M4b,1501.00,1554.00
EUR,YPM,41,4.0,5.5,21-63,YPM 83 / 112 M4b,YPM 83,112 M4b,1201.00,1233.00
EUR,YPM,41,4.0,5.5,54-134,YPM 82 / 112 M4b,YPM 82,112 M4b,1175.00,1207.00
EUR,YPM,41,4.0,5.5,57-304,YPM 72 / 112 M4b,YPM 72,112 M4b,898.00,922.00
EUR,YPM,41,4.0,5.5,85-247,YPM 62 / 112 M4b,YPM 62,112 M4b,731.00,753.00
EUR,YPM,41,4.0,5.5,277-494,YPM 62 / 112 M2a,YPM 62,112 M2a,684.00,706.00
EUR,YPM,42,5.5,,"2,2-7,1",YPM 153 İR 92 / C112 M4b(*C),YPM 153 İR 92,C112 M4b(*C),8473.00,8796.00
EUR,YPM,42,5.5,7.5,"3,0-6,2",YPM 143 İR 82 / C112 M4b(*C),YPM 143 İR 82,C112 M4b(*C),5644.00,5896.00
EUR,YPM,42,5.5,7.5,"2,7-6,2",YPM 143 İR 72 / C112 M4b(*C),YPM 143 İR 72,C112 M4b(*C),5256.00,5508.00
EUR,YPM,42,5.5,7.5,"5,5",YPM 124 / C112 M4b(*C),YPM 124,C112 M4b(*C),3107.00,3271.00
EUR,YPM,42,5.5,7.5,12-49,YPM 103 / C112 M4b(*C),YPM 103,C112 M4b(*C),2176.00,2284.00
EUR,YPM,42,5.5,7.5,20-50,YPM 93 / C112 M4b(*C),YPM 93,C112 M4b(*C),1610.00,1665.00
EUR,YPM,42,5.5,7.5,53-64,YPM 92 / C112 M4b(*C),YPM 92,C112 M4b(*C),1540.00,1595.00
EUR,YPM,42,5.5,7.5,33-63,YPM 83 / C112 M4b(*C),YPM 83,C112 M4b(*C),1245.00,1280.00
EUR,YPM,42,5.5,7.5,68-328,YPM 82 / C112 M4b(*C),YPM 82,C112 M4b(*C),1221.00,1256.00
EUR,YPM,42,5.5,7.5,80-370,YPM 72 / C112 M4b(*C),YPM 72,C112 M4b(*C),962.00,989.00
EUR,YPM,42,5.5,7.5,"2,2-7,1",YPM 153 İR 92 / 132 S4c,YPM 153 İR 92,132 S4c,8531.00,8854.00
EUR,YPM,42,5.5,7.5,"2,3",YPM 154 / 132 M6b,YPM 154,132 M6b,7511.00,7833.00
EUR,YPM,42,5.5,7.5,"2,4-9,5",YPM 154 / 132 S4c,YPM 154,132 S4c,7387.00,7709.00
EUR,YPM,42,5.5,7.5,"3,0-6,2",YPM 143 İR 82 / 132 S4c,YPM 143 İR 82,132 S4c,5697.00,5949.00
EUR,YPM,42,5.5,7.5,"2,7-6,2",YPM 143 İR 72 / 132 S4c,YPM 143 İR 72,132 S4c,5306.00,5558.00
EUR,YPM,42,5.5,7.5,"3,1-6,8",YPM 144 / 132 S4c,YPM 144,132 S4c,5131.00,5383.00
EUR,YPM,42,5.5,7.5,"4,5-7,6",YPM 143 / 132 M6b,YPM 143,132 M6b,4880.00,5132.00
EUR,YPM,42,5.5,7.5,"7,0-13",YPM 143 / 132 S4c,YPM 143,132 S4c,4766.00,5019.00
EUR,YPM,42,5.5,7.5,"5,5",YPM 124 / 132 S4c,YPM 124,132 S4c,3160.00,3324.00
EUR,YPM,42,5.5,7.5,"7,2-28",YPM 123 / 132 S4c,YPM 123,132 S4c,2903.00,3067.00
EUR,YPM,42,5.5,7.5,12-49,YPM 103 / 132 S4c,YPM 103,132 S4c,2234.00,2342.00
EUR,YPM,42,5.5,7.5,20-50,YPM 93 / 132 S4c,YPM 93,132 S4c,1668.00,1723.00
EUR,YPM,42,5.5,7.5,53-64,YPM 92 / 132 S4c,YPM 92,132 S4c,1599.00,1652.00
EUR,YPM,42,5.5,7.5,33-63,YPM 83 / 132 S4c,YPM 83,132 S4c,1300.00,1332.00
EUR,YPM,42,5.5,7.5,68-328,YPM 82 / 132 S4c,YPM 82,132 S4c,1274.00,1306.00
EUR,YPM,42,5.5,7.5,372-656,YPM 82 / 132 S2a,YPM 82,132 S2a,1253.00,1289.00
EUR,YPM,42,5.5,7.5,80-370,YPM 72 / 132 S4c,YPM 72,132 S4c,1012.00,1039.00
EUR,YPM,42,5.5,7.5,371-722,YPM 72 / 132 S2a,YPM 72,132 S2a,992.00,1019.00
EUR,YPM,42,7.5,7.5,"3,0-7,1",YPM 153 İR 92 / 132 M4b,YPM 153 İR 92,132 M4b,8609.00,8931.00
EUR,YPM,42,7.5,10,"3,1-9,5",YPM 154 / 132 M4b,YPM 154,132 M4b,7482.00,7804.00
EUR,YPM,42,7.5,10,"3,5-14",YPM 153 / 160 M6b,YPM 153,160 M6b,7273.00,7595.00
EUR,YPM,42,7.5,10,"3,7-9,9",YPM 143 İR 82 / 132 M4b,YPM 143 İR 82,132 M4b,5661.00,5913.00
EUR,YPM,42,7.5,10,"4,1-6,8",YPM 144 / 132 M4b,YPM 144,132 M4b,5233.00,5485.00
EUR,YPM,42,7.5,10,"5,0-7,6",YPM 143 / 160 M6b,YPM 143,160 M6b,5284.00,5536.00
EUR,YPM,42,7.5,10,"7,0-19",YPM 143 / 132 M4b,YPM 143,132 M4b,4843.00,5095.00
EUR,YPM,42,7.5,10,"8,0-34",YPM 123 / 132M4b,YPM 123,132M4b,2968.00,3133.00
EUR,YPM,42,7.5,10,16-69,YPM 103 / 132 M4b,YPM 103,132 M4b,2314.00,2423.00
EUR,YPM,42,7.5,10,53-58,YPM 102 / 132 M4b,YPM 102,132 M4b,2202.00,2310.00
EUR,YPM,42,7.5,10,25-50,YPM 93 / 132 M4b,YPM 93,132 M4b,1744.00,1799.00
EUR,YPM,42,7.5,10,49-94,YPM 92 / 132 M4b,YPM 92,132 M4b,1680.00,1735.00
EUR,YPM,42,7.5,10,41-63,YPM 83 / 132 M4b,YPM 83,132 M4b,1386.00,1421.00
EUR,YPM,42,7.5,10,68-328,YPM 82 / 132 M4b,YPM 82,132 M4b,1362.00,1397.00
EUR,YPM,42,7.5,10,372-656,YPM 82 / 132 S2b,YPM 82,132 S2b,1312.00,1344.00
EUR,YPM,42,7.5,10,80-361,YPM 72 / 132 M4b,YPM 72,132 M4b,1102.00,1129.00
EUR,YPM,42,7.5,10,371-722,YPM 72 / 132 S2b,YPM 72,132 S2b,1049.00,1076.00
EUR,YPM,42,11,10,"4,1-7,1",YPM 153 İR 92 / C132 M4b(*C),YPM 153 İR 92,C132 M4b(*C),8767.00,9089.00
EUR,YPM,42,11,15,"6,2-9,9",YPM 143 İR 82 / C132 M4b(*C),YPM 143 İR 82,C132 M4b(*C),5800.00,6052.00
EUR,YPM,42,11,15,"7,8-25",YPM 143 / C132 M4b(*C),YPM 143,C132 M4b(*C),5186.00,5439.00
EUR,YPM,42,11,15,13-52,YPM 123 / C132 M4b(*C),YPM 123,C132 M4b(*C),3277.00,3441.00
EUR,YPM,42,11,15,24-69,YPM 103 / C132 M4b(*C),YPM 103,C132 M4b(*C),2610.00,2719.00
EUR,YPM,42,11,15,53-94,YPM 102 / C132 M4b(*C),YPM 102,C132 M4b(*C),2500.00,2608.00
EUR,YPM,42,11,15,38-50,YPM 93 / C132 M4b(*C),YPM 93,C132 M4b(*C),2034.00,2093.00
EUR,YPM,42,11,15,53-115,YPM 92 / C132 M4b(*C),YPM 92,C132 M4b(*C),1980.00,2039.00
EUR,YPM,42,11,15,84-328,YPM 82 / C132 M4b(*C),YPM 82,C132 M4b(*C),1672.00,1707.00
EUR,YPM,42,11,15,80-361,YPM 72 / C132 M4b(*C),YPM 72,C132 M4b(*C),1347.00,1374.00
EUR,YPM,43,11,,"4,1-7,1",YPM 153 İR 92 / 160 M4b,YPM 153 İR 92,160 M4b,8827.00,9149.00
EUR,YPM,43,11,15,"4,7-6,0",YPM 153 / 160 L6b,YPM 153,160 L6b,7395.00,7717.00
EUR,YPM,43,11,15,"5,4-19",YPM 153 / 160 M4b,YPM 153,160 M4b,7224.00,7547.00
EUR,YPM,43,11,15,"6,2-9,9",YPM 143 İR 82 / 160 M4b,YPM 143 İR 82,160 M4b,5856.00,6108.00
EUR,YPM,43,11,15,"6,7-7,6",YPM 143 / 160 L6b,YPM 143,160 L6b,5422.00,5675.00
EUR,YPM,43,11,15,"7,8-25",YPM 143 / 160 M4b,YPM 143,160 M4b,5245.00,5498.00
EUR,YPM,43,11,15,13-52,YPM 123 / 160 M4b,YPM 123,160 M4b,3334.00,3498.00
EUR,YPM,43,11,15,24-69,YPM 103 / 160 M4b,YPM 103,160 M4b,2666.00,2775.00
EUR,YPM,43,11,15,53-94,YPM 102 / 160 M4b,YPM 102,160 M4b,2556.00,2664.00
EUR,YPM,43,11,15,38-50,YPM 93 / 160 M4b,YPM 93,160 M4b,2090.00,2149.00
EUR,YPM,43,11,15,53-66,YPPM 92 / 160 M4b(*P),YPPM 92,160 M4b(*P),2138.00,2197.00
EUR,YPM,43,11,15,74-115,YPM 92 / 160 M4b,YPM 92,160 M4b,2036.00,2095.00
EUR,YPM,43,11,15,84-328,YPM 82 / 160 M4b,YPM 82,160 M4b,1727.00,1762.00
EUR,YPM,43,15,15,"6,0-7,1",YPM 153 İR 92 / 160 L4a,YPM 153 İR 92,160 L4a,9123.00,9151.00
EUR,YPM,43,15,20,"6,7-25",YPM 153 / 160 L4a,YPM 153,160 L4a,7372.00,7694.00
EUR,YPM,43,15,20,"8,9-9,9",YPM 143 İR 82 / 160 L4a,YPM 143 İR 82,160 L4a,6177.00,6499.00
EUR,YPM,43,15,20,10-32,YPM 143 / 160 L4a,YPM 143,160 L4a,5431.00,5683.00
EUR,YPM,43,15,20,18-57,YPM 123 / 160 L4a,YPM 123,160 L4a,3495.00,3660.00
EUR,YPM,43,15,20,33-69,YPM 103 / 160 L4a,YPM 103,160 L4a,2831.00,2939.00
EUR,YPM,43,15,20,53-166,YPM 102 / 160 L4a,YPM 102,160 L4a,2714.00,2822.00
EUR,YPM,43,15,20,53-340,YPM 92 / 160 L4a,YPM 92,160 L4a,2186.00,2241.00
EUR,YPM,43,15,20,94-328,YPM 82 / 160 L4a,YPM 82,160 L4a,1905.00,1940.00
EUR,YPM,43,18.5,20,"7,3-31",YPM 153 / C160 L4b(*C),YPM 153,C160 L4b(*C),7581.00,7903.00
EUR,YPM,43,18.5,25,13-40,YPM 143 / C160 L4b(*C),YPM 143,C160 L4b(*C),5622.00,5874.00
EUR,YPM,43,18.5,25,22-57,YPM 123 / C160 L4b(*C),YPM 123,C160 L4b(*C),3656.00,3821.00
EUR,YPM,43,18.5,25,52-100,YPM 122 / C160 L4b(*C),YPM 122,C160 L4b(*C),3556.00,3720.00
EUR,YPM,43,18.5,25,58-270,YPM 102 / C160 L4b(*C),YPM 102,C160 L4b(*C),2896.00,3004.00
EUR,YPM,43,18.5,25,94-340,YPM 92 / C160 L4b(*C),YPM 92,C160 L4b(*C),2408.00,2463.00
EUR,YPM,43,18.5,25,140-328,YPM 82 / C160 L4b(*C),YPM 82,C160 L4b(*C),2139.00,2174.00
EUR,YPM,43,18.5,25,"7,3-31",YPM 153 / 180 M4b,YPM 153,180 M4b,7674.00,7996.00
EUR,YPM,43,18.5,25,13-40,YPM 143 / 180 M4b,YPM 143,180 M4b,5711.00,5963.00
EUR,YPM,43,18.5,25,22-57,YPM 123 / 180 M4b,YPM 123,180 M4b,3742.00,3907.00
EUR,YPM,43,18.5,25,52-100,YPM 122 / 180 M4b,YPM 122,180 M4b,3642.00,3806.00
EUR,YPM,43,18.5,25,58-270,YPM 102 / 180 M4b,YPM 102,180 M4b,2978.00,3086.00
EUR,YPM,43,18.5,25,94-340,YPM 92 / 180 M4b,YPM 92,180 M4b,2471.00,2526.00
EUR,YPM,43,22,25,"8,3-42",YPM 153 / 180 L4b,YPM 153,180 L4b,7988.00,8310.00
EUR,YPM,43,22,30,15-49,YPM 143 / 180 L4b,YPM 143,180 L4b,6018.00,6270.00
EUR,YPM,43,22,30,52-64,YPM 142 / 180 L4b,YPM 142,180 L4b,5706.00,5958.00
EUR,YPM,43,22,30,24-57,YPM 123 / 180 L4b,YPM 123,180 L4b,4034.00,4198.00
EUR,YPM,43,22,30,52-135,YPM 122 / 180 L4b,YPM 122,180 L4b,3897.00,4061.00
EUR,YPM,43,22,30,67-298,YPM 102 / 180 L4b,YPM 102,180 L4b,3254.00,3362.00
EUR,YPM,43,22,30,94-340,YPM 92 / 180 L4b,YPM 92,180 L4b,2727.00,2786.00
EUR,YPM,43,30,30,12-55,YPM 153 / C180 L4b(*C),YPM 153,C180 L4b(*C),8318.00,8640.00
EUR,YPM,43,30,40,22-67,YPM 143 / C180 L4b(*C),YPM 143,C180 L4b(*C),6300.00,6552.00
EUR,YPM,43,30,40,52-87,YPM 142 / C180 L4b(*C),YPM 142,C180 L4b(*C),5987.00,6239.00
EUR,YPM,43,30,40,34-57,YPM 123 / C180 L4b(*C),YPM 123,C180 L4b(*C),4299.00,4464.00
EUR,YPM,43,30,40,71-358,YPM 122 / C180 L4b(*C),YPM 122,C180 L4b(*C),4171.00,4335.00
EUR,YPM,43,30,40,94-298,YPM 102 / C180 L4b(*C),YPM 102,C180 L4b(*C),3537.00,3645.00
EUR,YPM,43,30,40,104-340,YPM 92 / C180 L4b(*C),YPM 92,C180 L4b(*C),2973.00,3032.00
EUR,YPM,44,30,,12-55,YPM 153 / 200 L4c,YPM 153,200 L4c,8511.00,8833.00
EUR,YPM,44,30,40,22-67,YPM 143 / 200 L4c,YPM 143,200 L4c,6476.00,6728.00
EUR,YPM,44,30,40,52-87,YPM 142 / 200 L4c,YPM 142,200 L4c,6163.00,6415.00
EUR,YPM,44,30,40,34-57,YPM 123 / 200 L4c,YPM 123,200 L4c,4468.00,4633.00
EUR,YPM,44,30,40,71-358,YPM 122 / 200 L4c,YPM 122,200 L4c,4340.00,4504.00
EUR,YPM,44,30,40,94-298,YPM 102 / 200 L4c,YPM 102,200 L4c,3702.00,3810.00
EUR,YPM,44,37,40,17-66,YPM 153 / C200 L4b(*C),YPM 153,C200 L4b(*C),8800.00,9122.00
EUR,YPM,44,37,50,22-67,YPM 143 / C200 L4b(*C),YPM 143,C200 L4b(*C),6803.00,7055.00
EUR,YPM,44,37,50,52-108,YPM 142 / C200 L4b(*C),YPM 142,C200 L4b(*C),6338.00,6590.00
EUR,YPM,44,37,50,71-358,YPM 122 / C200 L4b(*C),YPM 122,C200 L4b(*C),4467.00,4632.00
EUR,YPM,44,37,50,94-298,YPM 102 / C200 L4b(*C),YPM 102,C200 L4b(*C),3982.00,4090.00
EUR,YPM,44,37,50,17-66,YPM 153 / 225 S4a,YPM 153,225 S4a,9178.00,9500.00
EUR,YPM,44,37,50,22-67,YPM 143 / 225 S4a,YPM 143,225 S4a,7165.00,7417.00
EUR,YPM,44,37,50,52-108,YPM 142 / 225 S4a,YPM 142,225 S4a,6700.00,6952.00
EUR,YPM,44,37,50,71-358,YPM 122 / 225 S4a,YPM 122,225 S4a,4823.00,4988.00
EUR,YPM,44,45,50,22-66,YPM 153 / 225 M4c,YPM 153,225 M4c,9466.00,9789.00
EUR,YPM,44,45,60,50-95,YPM 152 / 225 M4c,YPM 152,225 M4c,8876.00,9198.00
EUR,YPM,44,45,60,40-67,YPM 143 / 225 M4c,YPM 143,225 M4c,7464.00,7716.00
EUR,YPM,44,45,60,58-349,YPM 142 / 225 M4c,YPM 142,225 M4c,7027.00,7280.00
EUR,YPM,44,45,60,71-358,YPM 122 / 225 M4c,YPM 122,225 M4c,5108.00,5272.00
EUR,YPM,44,55,60,25-66,YPM 153 / C225M4b(*C),YPM 153,C225M4b(*C),10287.00,10610.00
EUR,YPM,44,55,75,50-72,YPM 152 / C225M4b(*C),YPM 152,C225M4b(*C),10017.00,10339.00
EUR,YPM,44,55,75,40-67,YPM 143 / C225M4b(*C),YPM 143,C225M4b(*C),8293.00,8546.00
EUR,YPM,44,55,75,58-349,YPM 142 / C225M4b(*C),YPM 142,C225M4b(*C),7859.00,8111.00
EUR,YPM,44,55,75,25-66,YPM 153 / 250 M4c,YPM 153,250 M4c,10545.00,10868.00
EUR,YPM,44,55,75,50-72,YPM 152 / 250 M4c,YPM 152,250 M4c,10275.00,10597.00
EUR,YPM,44,55,75,40-67,YPM 143 / 250 M4c,YPM 143,250 M4c,8511.00,8764.00
EUR,YPM,44,55,75,58-349,YPM 142 / 250 M4c,YPM 142,250 M4c,8077.00,8329.00
EUR,YPM,44,75,75,31-66,YPM 153 / 280 S4,YPM 153,280 S4,12143.00,12465.00
EUR,YPM,44,75,100,79-142,YPM 152 / 280 S4,YPM 152,280 S4,11866.00,12188.00
EUR,YPM,44,75,100,60-67,YPM 143 / 280 S4,YPM 143,280 S4,10065.00,10368.00
EUR,YPM,44,75,100,74-349,YPM 142 / 280 S4,YPM 142,280 S4,9619.00,9871.00
EUR,YPM,44,90,100,42-66,YPM 153 / 315 S4,YPM 153,315 S4,12522.00,12845.00
EUR,YPM,44,90,120,79-142,YPM 152 / 315 S4,YPM 152,315 S4,12254.00,12576.00
EUR,YPM,44,90,120,60-67,YPM 143 / 280 M4,YPM 143,280 M4,10572.00,10875.00
EUR,YPM,44,90,120,73-349,YPM 142 / 280 M4,YPM 142,280 M4,10254.00,10556.00
EUR,YPM,44,110,120,46-66,YPM 153 / 315 S4,YPM 153,315 S4,15919.00,16241.00
EUR,YPM,44,110,150,79-142,YPM 152 / 315 S4,YPM 152,315 S4,15615.00,15938.00
EUR,YPM,44,132,160,79-142,YPM 152 / 315 M4a,YPM 152,315 M4a,17018.00,17340.00
EUR,YPM,44,160,220,87--142,YPM 152 / 315 M4b,YPM 152,315 M4b,18099.00,18421.00
EUR,YPM,44,185,250,103-142,YPM 152 / 315 L4a,YPM 152,315 L4a,20085.00,20408.00
EUR,YPM,44,200,275,122-142,YPM 152 / 315 L4b,YPM 152,315 L4b,22009.00,22332.00
EUR,IRSM,50,0.18,0.25,"1,0-2,0",IRSM 102 IR 43 / 63 M4b,IRSM 102 IR 43,63 M4b,816.00,847.00
EUR,IRSM,50,0.25,0.25,"0,7-2,3",IRSM 127 IRS 65 / 71 M4a,IRSM 127 IRS 65,71 M4a,1077.00,1116.00
EUR,IRSM,50,0.25,0.34,"0,9-3,3",IRSM 127 IR 43 / 71 M4a,IRSM 127 IR 43,71 M4a,1061.00,1100.00
EUR,IRSM,50,0.25,0.34,"0,9-3,2",IRSM 102 IRS 52 / 71 M4a,IRSM 102 IRS 52,71 M4a,781.00,811.00
EUR,IRSM,50,0.25,0.34,"2,2-3,5",IRSM 102 IR 43 / 71 M4a,IRSM 102 IR 43,71 M4a,820.00,851.00
EUR,IRSM,50,0.25,0.34,"4,1-9,4",IRSM 102 IR 42 / 71 M4a,IRSM 102 IR 42,71 M4a,817.00,848.00
EUR,IRSM,50,0.25,0.34,22-95,IRSM 52 / 71 M4a,IRSM 52,71 M4a,280.00,291.00
EUR,IRSM,50,0.37,0.34,"0,9-4,6",IRSM 127 IRS 65 / 71 M4b,IRSM 127 IRS 65,71 M4b,1084.00,1122.00
EUR,IRSM,50,0.37,0.50,"2,1-3,3",IRSM 127 IR 43 / 71 M4b,IRSM 127 IR 43,71 M4b,1068.00,1107.00
EUR,IRSM,50,0.37,0.50,"1,6-3,2",IRSM 102 IRS 52 / 71 M4b,IRSM 102 IRS 52,71 M4b,788.00,818.00
EUR,IRSM,50,0.37,0.50,"2,2-3,6",IRSM 102 IR 43 / 71 M4b,IRSM 102 IR 43,71 M4b,827.00,858.00
EUR,IRSM,50,0.37,0.50,"4,1-9,5",IRSM 102 IR 42 / 71 M4b,IRSM 102 IR 42,71 M4b,824.00,855.00
EUR,IRSM,50,0.37,0.50,15-93,IRSM 65 / 80 M6a,IRSM 65,80 M6a,363.00,377.00
EUR,IRSM,50,0.37,0.50,15-125,IRSM 52 / 80 M6a,IRSM 52,80 M6a,313.00,324.00
EUR,IRSM,50,0.37,0.50,22-192,IRSM 52 / 71 M4b,IRSM 52,71 M4b,287.00,298.00
EUR,IRSM,50,0.55,0.50,"1,1-5,9",IRSM 127 IRS 65 / 80 M4a,IRSM 127 IRS 65,80 M4a,1144.00,1196.00
EUR,IRSM,50,0.55,0.75,"2,5-4,5",IRSM 127 IR 52 / 80 M4a,IRSM 127 IR 52,80 M4a,1137.00,1189.00
EUR,IRSM,50,0.55,0.75,"2,4-6,3",IRSM 102 IRS 52 / 80 M4a,IRSM 102 IRS 52,80 M4a,809.00,840.00
EUR,IRSM,50,0.55,0.75,"5,3-9,3",IRSM 102 IR 42 / 80 M4a,IRSM 102 IR 42,80 M4a,846.00,877.00
EUR,IRSM,50,0.55,0.75,"14,5-30",IRSM 82 / 80 M6b,IRSM 82,80 M6b,470.00,491.00
EUR,IRSM,50,0.55,0.75,18-30,IRSM 65 / 80 M6b,IRSM 65,80 M6b,386.00,400.00
EUR,IRSM,50,0.55,0.75,27-140,IRSM 65 / 80 M4a,IRSM 65,80 M4a,359.00,372.00
EUR,IRSM,50,0.55,0.75,23-123,IRSM 52 / 80 M6b,IRSM 52,80 M6b,336.00,347.00
EUR,IRSM,50,0.55,0.75,22-188,IRSM 52 / 80 M4a,IRSM 52,80 M4a,309.00,320.00
EUR,IRSM,50,0.75,0.75,"0,9-2,4",IRSM 162 IRS 82 / 80 M4b,IRSM 162 IRS 82,80 M4b,2823.00,2967.00
EUR,IRSM,50,0.75,1,"2,3-6,1",IRSM 127 IRS 65 / 80 M4b,IRSM 127 IRS 65,80 M4b,1206.00,1258.00
EUR,IRSM,50,0.75,1,"2,6-7,2",IRSM 127 IR 52 / 80 M4b,IRSM 127 IR 52,80 M4b,1194.00,1246.00
EUR,IRSM,50,0.75,1,"3,2-13",IRSM 102 IRS 52 / 80 M4b,IRSM 102 IRS 52,80 M4b,860.00,901.00
EUR,IRSM,50,0.75,1,15-46,IRSM 82 / 90 S6,IRSM 82,90 S6,502.00,529.00
EUR,IRSM,50,0.75,1,18-94,IRSM 65 / 90 S6,IRSM 65,90 S6,403.00,417.00
EUR,IRSM,50,0.75,1,17-188,IRSM 65 / 80 M4b,IRSM 65,80 M4b,391.00,405.00
EUR,IRSM,50,0.75,1,28-194,IRSM 52 / 80 M4b,IRSM 52,80 M4b,341.00,352.00
EUR,IRSM,50,1.1,1,"1,6-4,7",IRSM 162 IRS 82 / 90 S4,IRSM 162 IRS 82,90 S4,2847.00,2991.00
EUR,IRSM,50,1.1,1.5,"1,9-2,6",IRSM 162 IR 63 / 90 S4,IRSM 162 IR 63,90 S4,2925.00,3069.00
EUR,IRSM,50,1.1,1.5,"3,0-5,9",IRSM 127 IRS 65 / 90 S4,IRSM 127 IRS 65,90 S4,1162.00,1201.00
EUR,IRSM,50,1.1,1.5,"3,8-13",IRSM 127 IR 52 / 90 S4,IRSM 127 IR 52,90 S4,1190.00,1228.00
EUR,IRSM,50,1.1,1.5,11-18,IRSM 102 / 90 L6,IRSM 102,90 L6,655.00,686.00
EUR,IRSM,50,1.1,1.5,15-94,IRSM 82 / 90 L6,IRSM 82,90 L6,518.00,539.00
EUR,IRSM,50,1.1,1.5,23-32,IRSM 82 / 90 S4,IRSM 82,90 S4,499.00,519.00
EUR,IRSM,50,1.1,1.5,24-126,IRSM 65 / 90 L6,IRSM 65,90 L6,435.00,448.00
EUR,IRSM,50,1.1,1.5,28-190,IRSM 65 / 90 S4,IRSM 65,90 S4,415.00,429.00
EUR,IRSM,51,1.5,,"2,4-4,7",IRSM 162 IRS 82 / 90 L4,IRSM 162 IRS 82,90 L4,2867.00,3011.00
EUR,IRSM,51,1.5,2,"4,7-11",IRSM 127 IR 52 / 90 L4,IRSM 127 IR 52,90 L4,1257.00,58645.00
EUR,IRSM,51,1.5,2,"11,5-23,5",IRSM 127 / 100 L6,IRSM 127,100 L6,1007.00,45049.00
EUR,IRSM,51,1.5,2,"11,5-47",IRSM 102 / 100 L6,IRSM 102,100 L6,691.00,722.00
EUR,IRSM,51,1.5,2,18-95,IRSM 82 / 100 L6,IRSM 82,100 L6,559.00,587.00
EUR,IRSM,51,1.5,2,23-143,IRSM 82 / 90 L4,IRSM 82,90 L4,545.00,573.00
EUR,IRSM,51,1.5,2,28-190,IRSM 65 / 90 L4,IRSM 65,90 L4,436.00,455.00
EUR,IRSM,51,2.2,2,"3,9-13",IRSM 162 IR 62 / 100 L4a,IRSM 162 IR 62,100 L4a,2978.00,3122.00
EUR,IRSM,51,2.2,3,11-23,IRSM 162 / 112 M6,IRSM 162,112 M6,2508.00,2652.00
EUR,IRSM,51,2.2,3,11-30,IRSM 127 / 112 M6,IRSM 127,112 M6,1071.00,1123.00
EUR,IRSM,51,2.2,3,17-36,IRSM 127 / 100 L4a,IRSM 127,100 L4a,1013.00,1065.00
EUR,IRSM,51,2.2,3,17-191,IRSM 102 / 100 L4a,IRSM 102,100 L4a,717.00,758.00
EUR,IRSM,51,2.2,3,27-143,IRSM 82 / 100 L4a,IRSM 82,100 L4a,578.00,606.00
EUR,IRSM,51,3.0,3,11-15,IRSM 201 IR 72 / 100 L4b,IRSM 201 IR 72,100 L4b,5272.00,5554.00
EUR,IRSM,51,3.0,4,11-32,IRSM 162 / 132 S6,IRSM 162,132 S6,2611.00,2756.00
EUR,IRSM,51,3.0,4,17-143,IRSM 127 / 100 L4b,IRSM 127,100 L4b,1048.00,1100.00
EUR,IRSM,51,3.0,4,23-191,IRSM 102 / 100 L4b,IRSM 102,100 L4b,750.00,784.00
EUR,IRSM,51,3.0,4,36-191,IRSM 82 / 100 L4b,IRSM 82,100 L4b,612.00,640.00
EUR,IRSM,51,4.0,4,"5,2-15",IRSM 201 IR 72 / 112M4,IRSM 201 IR 72,112M4,5339.00,5621.00
EUR,IRSM,51,4.0,5.5,11-24,IRSM 201 / 132 M6,IRSM 201,132 M6,4578.00,4860.00
EUR,IRSM,51,4.0,5.5,11-46,IRSM 162 / 132 M6,IRSM 162,132 M6,2701.00,2889.00
EUR,IRSM,51,4.0,5.5,"17,5-112",IRSM 127 / 112 M4,IRSM 127,112 M4,1116.00,1168.00
EUR,IRSM,51,4.0,5.5,29-194,IRSM 102 / 112 M4,IRSM 102,112 M4,820.00,854.00
EUR,IRSM,51,4.0,5.5,48-191,IRSM 82 / 112 M4,IRSM 82,112 M4,682.00,704.00
EUR,IRSM,51,5.5,5.5,11-24,IRSM 201 / 132 M6,IRSM 201,132 M6,4680.00,4962.00
EUR,IRSM,51,5.5,7.5,11-64,IRSM 162 / 132 M6,IRSM 162,132 M6,2932.00,3120.00
EUR,IRSM,51,5.5,7.5,17-98,IRSM 162 / 132 S4,IRSM 162,132 S4,2803.00,2991.00
EUR,IRSM,51,5.5,7.5,22-146,IRSM 127 / 132 S4,IRSM 127,132 S4,1194.00,1246.00
EUR,IRSM,51,7.5,7.5,11-24,IRSM 201 / 160 M6,IRSM 201,160 M6,4894.00,5176.00
EUR,IRSM,51,7.5,10,18-64,IRSM 162 / 160 M6,IRSM 162,160 M6,3144.00,3332.00
EUR,IRSM,51,7.5,10,17-98,IRSM 162 / 132 M4,IRSM 162,132 M4,2908.00,3096.00
EUR,IRSM,51,7.5,10,36-183,IRSM 127 / 132 M4,IRSM 127,132 M4,1259.00,1311.00
EUR,IRSM,51,11,10,18-48,IRSM 250 / 160 L6b,IRSM 250,160 L6b,6532.00,7194.00
EUR,IRSM,51,11,15,15-32,IRSM 201 / 160 L6b,IRSM 201,160 L6b,5052.00,5294.00
EUR,IRSM,51,11,15,18-64,IRSM 162 / 160 L6b,IRSM 162,160 L6b,3296.00,3484.00
EUR,IRSM,51,11,15,27-195,IRSM 162 / 160 M4,IRSM 162,160 M4,3204.00,3391.00
EUR,IRSM,51,15,15,15-48,IRSM 250 / 180 L6a,IRSM 250,180 L6a,7192.00,7695.00
EUR,IRSM,51,15,20,28-146,IRSM 250 / 160 L4a,IRSM 250,160 L4a,7002.00,7505.00
EUR,IRSM,51,15,20,27-195,IRSM 201 / 160 L4a,IRSM 201,160 L4a,5333.00,5704.00
EUR,IRSM,51,15,20,35-195,IRSM 162 / 160 L4a,IRSM 162,160 L4a,3441.00,3629.00
EUR,IRSM,51,18.5,25,28-190,IRSM 250 / 180 M4b,IRSM 250,180 M4b,7204.00,7707.00
EUR,IRSM,51,22,30,28-190,IRSM 250 / 180L4b,IRSM 250,180L4b,7330.00,7832.00
EUR,SM,53,0.12,,"0,28-047",SM 110 S50 / 63 M4a,SM 110 S50,63 M4a,596.00,629.00
EUR,SM,53,0.12,0.18,"0,58-0,78",SM 90 S40 / 63 M4a,SM 90 S40,63 M4a,433.00,447.00
EUR,SM,53,0.12,0.18,"0,9-5,5",SM 75 S40 / 63M4a,SM 75 S40,63M4a,372.00,384.00
EUR,SM,53,0.12,0.18,"1,5-9,0",SM 63 S30 / 63M4a,SM 63 S30,63M4a,293.00,301.00
EUR,SM,53,0.12,0.18,"2,7-14",SM 50 S30 / 63M4a,SM 50 S30,63M4a,255.00,261.00
EUR,SM,53,0.12,0.18,14-17,SM 50 / 63 M4a,SM 50,63 M4a,183.00,189.00
EUR,SM,53,0.12,0.18,14-68,SM 40 / 63 M4a,SM 40,63 M4a,158.00,163.00
EUR,SM,53,0.12,0.18,27-182,SM 30 / 63 M4a,SM 30,63 M4a,133.00,137.00
EUR,SM,53,0.18,0.18,"0,58-0,78",SM 110 S50 / 63 M4b,SM 110 S50,63 M4b,600.00,633.00
EUR,SM,53,0.18,0.25,"0,93-1,20",SM 90 S40 / 63 M4b,SM 90 S40,63 M4b,437.00,478.00
EUR,SM,53,0.18,0.25,"1,5-6,7",SM 75 S40 / 63M4b,SM 75 S40,63M4b,377.00,389.00
EUR,SM,53,0.18,0.25,"2,7-13,4",SM 63 S30 / 63M4b,SM 63 S30,63M4b,298.00,305.00
EUR,SM,53,0.18,0.25,"4,5-9,0",SM 50 S30 / 63M4b,SM 50 S30,63M4b,259.00,265.00
EUR,SM,53,0.18,0.25,"9,2-23",SM 63 / 71 M6a,SM 63,71 M6a,238.00,245.00
EUR,SM,53,0.18,0.25,23-46,SM 50 / 71 M6a,SM 50,71 M6a,201.00,207.00
EUR,SM,53,0.18,0.25,13-17,SM 50 / 63 M4b,SM 50,63 M4b,188.00,193.00
EUR,SM,53,0.18,0.25,23-91,SM 40 / 71 M6a,SM 40,71 M6a,182.00,186.00
EUR,SM,53,0.18,0.25,22-89,SM 40 / 63 M4b,SM 40,63 M4b,163.00,167.00
EUR,SM,53,0.18,0.25,45-178,SM 30 / 63 M4b,SM 30,63 M4b,138.00,142.00
EUR,SM,53,0.25,0.25,"0,28-0,78",SM 150 S63 / 71 M4a,SM 150 S63,71 M4a,1087.00,1132.00
EUR,SM,53,0.25,0.34,"0,28-0,58",SM 130 S63 / 71 M4a,SM 130 S63,71 M4a,759.00,800.00
EUR,SM,53,0.25,0.34,"0,78-1,20",SM 110 S50 / 71 M4a,SM 110 S50,71 M4a,607.00,640.00
EUR,SM,53,0.25,0.34,"1,6-2,3",SM 90 S40 / 71 M4a,SM 90 S40,71 M4a,443.00,457.00
EUR,SM,53,0.25,0.34,"2,8-14",SM 75 S40 / 71 M4a,SM 75 S40,71 M4a,382.00,394.00
EUR,SM,53,0.25,0.34,"9,2-23",SM 63 / 71 M6b,SM 63,71 M6b,247.00,254.00
EUR,SM,53,0.25,0.34,14-34,SM 63 / 71 M4a,SM 63,71 M4a,231.00,238.00
EUR,SM,53,0.25,0.34,15-61,SM 50 / 71 M6b,SM 50,71 M6b,208.00,214.00
EUR,SM,53,0.25,0.34,17-69,SM 50 / 71 M4a,SM 50,71 M4a,192.00,198.00
EUR,SM,53,0.25,0.34,30-122,SM 40 / 71 M6b,SM 40,71 M6b,190.00,194.00
EUR,SM,53,0.25,0.34,34-138,SM 40 / 71 M4a,SM 40,71 M4a,167.00,172.00
EUR,SM,53,0.37,0.34,"0,47-0,78",SM 150 S63 / 71 M4b,SM 150 S63,71 M4b,1085.00,1130.00
EUR,SM,53,0.37,0.50,"0,78-0,93",SM 130 S63/ 71 M4b,SM 130 S63,71 M4b,760.00,801.00
EUR,SM,53,0.37,0.50,"1,2-1,9",SM 110 S50 / 71 M4b,SM 110 S50,71 M4b,609.00,642.00
EUR,SM,53,0.37,0.50,"2,3-4,7",SM 90 S40 / 71 M4b,SM 90 S40,71 M4b,447.00,461.00
EUR,SM,53,0.37,0.50,"3,5-14",SM 75 S40 / 71 M4b,SM 75 S40,71 M4b,386.00,398.00
EUR,SM,53,0.37,0.50,"9,0-11",SM 90 / 80 M6a,SM 90,80 M6a,358.00,372.00
EUR,SM,53,0.37,0.50,"9,1-36",SM 75 / 80 M6a,SM 75,80 M6a,299.00,311.00
EUR,SM,53,0.37,0.50,11-45,SM 63 / 80 M6a,SM 63,80 M6a,255.00,262.00
EUR,SM,53,0.37,0.50,14-35,SM 63 / 71 M4b,SM 63,71 M4b,235.00,243.00
EUR,SM,53,0.37,0.50,30-91,SM 50 / 80 M6a,SM 50,80 M6a,221.00,226.00
EUR,SM,53,0.37,0.50,23-98,SM 50 / 71 M4b,SM 50,71 M4b,197.00,203.00
EUR,SM,53,0.37,0.50,46-185,SM 40 / 71 M4b,SM 40,71 M4b,174.00,178.00
EUR,SM,54,0.55,,"0,58-0,78",SM 150 S63 / 80 M4a,SM 150 S63,80 M4a,1116.00,1162.00
EUR,SM,54,0.55,0.75,"1,2-2,8",SM 130 S63 / 80 M4a,SM 130 S63,80 M4a,788.00,829.00
EUR,SM,54,0.55,0.75,"1,9-4,7",SM 110 S50 / 80 M4a,SM 110 S50,80 M4a,635.00,668.00
EUR,SM,54,0.55,0.75,"9,0-18",SM 90 / 80 M6b,SM 90,80 M6b,377.00,392.00
EUR,SM,54,0.55,0.75,14-18,SM 90 / 80 M4a,SM 90,80 M4a,360.00,374.00
EUR,SM,54,0.55,0.75,11-22,SM 75 / 80 M6b,SM 75,80 M6b,316.00,328.00
EUR,SM,54,0.55,0.75,14-34,SM 75 / 80 M4a,SM 75,80 M4a,301.00,313.00
EUR,SM,54,0.55,0.75,15-30,SM 63 / 80 M6b,SM 63,80 M6b,274.00,281.00
EUR,SM,54,0.55,0.75,17-91,SM 63 / 80 M4a,SM 63,80 M4a,252.00,259.00
EUR,SM,54,0.55,0.75,30-60,SM 50 / 80 M6b,SM 50,80 M6b,241.00,247.00
EUR,SM,54,0.55,0.75,45-182,SM 50 / 80 M4a,SM 50,80 M4a,219.00,225.00
EUR,SM,54,0.75,0.75,"1,2-2,8",SM 150 S63 / 80 M4b,SM 150 S63,80 M4b,1156.00,1201.00
EUR,SM,54,0.75,1,"1,6-2,8",SM 130 S63 / 80 M4b,SM 130 S63,80 M4b,826.00,867.00
EUR,SM,54,0.75,1,"3,5-4,7",SM 110 S50 / 80 M4b,SM 110 S50,80 M4b,673.00,706.00
EUR,SM,54,0.75,1,15-30,SM 90 / 90 S6,SM 90,90 S6,410.00,424.00
EUR,SM,54,0.75,1,14-28,SM 90 / 80 M4b,SM 90,80 M4b,397.00,412.00
EUR,SM,54,0.75,1,15-60,SM 75 / 90 S6,SM 75,90 S6,348.00,360.00
EUR,SM,54,0.75,1,18-70,SM 75 / 80 M4b,SM 75,80 M4b,332.00,344.00
EUR,SM,54,0.75,1,30-123,SM 63 / 90 S6,SM 63,90 S6,299.00,307.00
EUR,SM,54,0.75,1,28-94,SM 63 / 80 M4b,SM 63,80 M4b,284.00,291.00
EUR,SM,54,0.75,1,47-188,SM 50 / 80 M4b,SM 50,80 M4b,246.00,252.00
EUR,SM,54,1.1,1,"1,9-9,3",SM 150 S63 / 90 S4a,SM 150 S63,90 S4a,1182.00,1227.00
EUR,SM,54,1.1,1.5,"2,8-4,7",SM 130 S63 / 90 S4a,SM 130 S63,90 S4a,852.00,893.00
EUR,SM,54,1.1,1.5,14-18,SM 130 / 90 S4a,SM 130,90 S4a,663.00,704.00
EUR,SM,54,1.1,1.5,14-28,SM 110 / 90 S4a,SM 110,90 S4a,562.00,595.00
EUR,SM,54,1.1,1.5,15-36,SM 90 / 90 L6,SM 90,90 L6,445.00,459.00
EUR,SM,54,1.1,1.5,23-35,SM 90 / 90 S4a,SM 90,90 S4a,423.00,437.00
EUR,SM,54,1.1,1.5,24-126,SM 75 / 90 L6,SM 75,90 L6,374.00,386.00
EUR,SM,54,1.1,1.5,24-95,SM 75 / 90 S4a,SM 75,90 S4a,353.00,364.00
EUR,SM,54,1.1,1.5,47-126,SM 63 / 90 L6,SM 63,90 L6,324.00,331.00
EUR,SM,54,1.1,1.5,47-190,SM 63 / 90 S4a,SM 63,90 S4a,306.00,313.00
EUR,SM,54,1.5,1.5,"2,3-9,3",SM 150 S63 / 90 L4a,SM 150 S63,90 L4a,1215.00,1261.00
EUR,SM,54,1.5,2,"3,5-4,7",SM 130 S63 / 90 L4a,SM 130 S63,90 L4a,886.00,926.00
EUR,SM,54,1.5,2,14-18,SM 130 / 90 L4a,SM 130,90 L4a,696.00,737.00
EUR,SM,54,1.5,2,18-35,SM 110 / 90 L4a,SM 110,90 L4a,595.00,628.00
EUR,SM,54,1.5,2,30-90,SM 90 / 100 L6,SM 90,100 L6,466.00,481.00
EUR,SM,54,1.5,2,23-70,SM 90 / 90 L4a,SM 90,90 L4a,456.00,470.00
EUR,SM,54,1.5,2,45-120,SM 75 / 100 L6,SM 75,100 L6,396.00,408.00
EUR,SM,54,1.5,2,47-140,SM 75 / 90 L4a,SM 75,90 L4a,383.00,395.00
EUR,SM,54,1.5,2,71-190,SM 63 / 90 L4a,SM 63,90 L4a,337.00,344.00
EUR,SM,54,2.2,2,14-28,SM 150 / 100 L4a,SM 150,100 L4a,1037.00,1082.00
EUR,SM,54,2.2,3,18-35,SM 130 / 100 L4a,SM 130,100 L4a,734.00,775.00
EUR,SM,54,2.2,3,23-70,SM 110 / 100 L4a,SM 110,100 L4a,632.00,666.00
EUR,SM,54,2.2,3,45-120,SM 90 / 112 M6a,SM 90,112 M6a,554.00,568.00
EUR,SM,54,2.2,3,47-187,SM 90 / 100 L4a,SM 90,100 L4a,494.00,508.00
EUR,SM,54,2.2,3,72-191,SM 75 / 100 L4a,SM 75,100 L4a,421.00,433.00
EUR,SM,55,3.0,,14-28,SM 150 / 100 L4b,SM 150,100 L4b,1075.00,1121.00
EUR,SM,55,3.0,4,18-56,SM 130 / 100 L4b,SM 130,100 L4b,772.00,813.00
EUR,SM,55,3.0,4,28-93,SM 110 / 100 L4b,SM 110,100 L4b,671.00,704.00
EUR,SM,55,3.0,4,47-187,SM 90 / 100 L4b,SM 90,100 L4b,532.00,547.00
EUR,SM,55,4.0,4,18-28,SM 150 / 112 M4b,SM 150,112 M4b,1144.00,1189.00
EUR,SM,55,4.0,5.5,23-56,SM 130 / 112 M4b,SM 130,112 M4b,841.00,882.00
EUR,SM,55,4.0,5.5,35-140,SM 110 / 112 M4b,SM 110,112 M4b,740.00,773.00
EUR,SM,55,4.0,5.5,70-187,SM 90 / 112 M4b,SM 90,112 M4b,601.00,615.00
EUR,SM,55,5.5,5.5,23-70,SM 150 / 132 S4c,SM 150,132 S4c,1226.00,1271.00
EUR,SM,55,5.5,7.5,35-140,SM 130 / 132 S4c,SM 130,132 S4c,923.00,964.00
EUR,SM,55,5.5,7.5,70-187,SM 110 / 132 S4c,SM 110,132 S4c,821.00,854.00
EUR,SM,55,7.5,7.5,35-70,SM 150 / 132 M4a,SM 150,132 M4a,1298.00,1344.00
EUR,SM,55,7.5,10,35-187,SM 130 / 132 M4a,SM 130,132 M4a,995.00,1036.00
EUR,SM,55,7.5,10,93-187,SM 110 / 132 M4a,SM 110,132 M4a,894.00,927.00
EUR,SM,55,11,15,35-70,SM 150 / 160 M4a,SM 150,160 M4a,1591.00,1636.00
EUR,SM,55,15,20,35-70,SM 150 / 160 L4a,SM 150,160 L4a,1739.00,1784.00
EUR,IRSDM,57,0.12,0.18,"5,4-16",İRSDPM 43 / 63M4a(*P),İRSDPM 43,63M4a(*P),449.00,464.00
EUR,IRSDM,57,0.18,0.18,"3,4-5,0",İRSDM 63 / 71 M6a,İRSDM 63,71 M6a,747.00,770.00
EUR,IRSDM,57,0.18,0.25,"3,3-7,0",İRSDM 53 / 71 M6a,İRSDM 53,71 M6a,598.00,616.00
EUR,IRSDM,57,0.18,0.25,"6,3-32",İRSDPM 43 / 63M4b(*P),İRSDPM 43,63M4b(*P),455.00,469.00
EUR,IRSDM,57,0.25,0.25,"2,1-2,7",İRSDM 83 / 71 M6b,İRSDM 83,71 M6b,1732.00,1781.00
EUR,IRSDM,57,0.25,0.34,"3,4-5,0",İRSDM 63 / 71 M6b,İRSDM 63,71 M6b,747.00,770.00
EUR,IRSDM,57,0.25,0.34,"5,2-8,2",İRSDM 63 / 71 M4a,İRSDM 63,71 M4a,731.00,754.00
EUR,IRSDM,57,0.25,0.34,"3,8-9,0",İRSDM 53 / 71 M6b,İRSDM 53,71 M6b,598.00,616.00
EUR,IRSDM,57,0.25,0.34,"5,1-18",İRSDM 53 / 71 M4a,İRSDM 53,71 M4a,582.00,600.00
EUR,IRSDM,57,0.25,0.34,"9,7-63",İRSDM 43 / 71M4a,İRSDM 43,71M4a,459.00,474.00
EUR,IRSDM,57,0.37,0.34,"2,1-3,8",İRSDM 83 / 80 M6a,İRSDM 83,80 M6a,1750.00,1799.00
EUR,IRSDM,57,0.37,0.50,"2,6-4,3",İRSDM 73 / 80 M6a,İRSDM 73,80 M6a,999.00,1032.00
EUR,IRSDM,57,0.37,0.50,"4,1-5,3",İRSDM 73 / 71 M4b,İRSDM 73,71 M4b,973.00,1006.00
EUR,IRSDM,57,0.37,0.50,"3,4-4,9",İRSDM 63 / 80 M6a,İRSDM 63,80 M6a,765.00,788.00
EUR,IRSDM,57,0.37,0.50,"5,2-13",İRSDM 63 / 71 M4b,İRSDM 63,71 M4b,738.00,761.00
EUR,IRSDM,57,0.37,0.50,"5,4-9,0",İRSDM 53 / 80 M6a,İRSDM 53,80 M6a,616.00,634.00
EUR,IRSDM,57,0.37,0.50,"6,8-28",İRSDM 53 / 71 M4b,İRSDM 53,71 M4b,589.00,607.00
EUR,IRSDM,57,0.37,0.50,12-93,İRSDM 43 / 71 M4b,İRSDM 43,71 M4b,466.00,481.00
EUR,IRSDM,57,0.55,0.50,"2,1-4,8",İRSDM 83 / 80 M6b,İRSDM 83,80 M6b,1773.00,1822.00
EUR,IRSDM,57,0.55,0.75,"3,3-6,0",İRSDM 83 / 80 M4a,İRSDM 83,80 M4a,1745.00,1794.00
EUR,IRSDM,57,0.55,0.75,"2,6-4,3",İRSDM 73 / 80 M6b,İRSDM 73,80 M6b,1022.00,1055.00
EUR,IRSDM,57,0.55,0.75,"4,1-11",İRSDM 73 / 80 M4a,İRSDM 73,80 M4a,995.00,1028.00
EUR,IRSDM,57,0.55,0.75,"3,9-5,0",İRSDM 63 / 80 M6b,İRSDM 63,80 M6b,788.00,811.00
EUR,IRSDM,57,0.55,0.75,"5,2-23",İRSDM 63 / 80 M4a,İRSDM 63,80 M4a,760.00,783.00
EUR,IRSDM,57,0.55,0.75,"7,0-9,0",İRSDM 53 / 80 M6b,İRSDM 53,80 M6b,639.00,657.00
EUR,IRSDM,57,0.55,0.75,"8,4-63",İRSDM 53 / 80 M4a,İRSDM 53,80 M4a,611.00,629.00
EUR,IRSDM,57,0.55,0.75,16-93,İRSDM 43 / 80 M4a,İRSDM 43,80 M4a,488.00,503.00
EUR,IRSDM,57,0.75,0.75,"1,8-2,5",İRSDPM 103 / 90 S6(*P),İRSDPM 103,90 S6(*P),3002.00,3110.00
EUR,IRSDM,57,0.75,1.0,"2,1-4,8",İRSDM 83 / 90 S6a,İRSDM 83,90 S6a,1790.00,1839.00
EUR,IRSDM,57,0.75,1.0,"3,3-7,5",İRSDM 83 / 80 M4b,İRSDM 83,80 M4b,1778.00,1827.00
EUR,IRSDM,57,0.75,1.0,"3,0-4,3",İRSDM 73 / 90 S6a,İRSDM 73,90 S6a,1039.00,1072.00
EUR,IRSDM,57,0.75,1.0,"4,1-14",İRSDM 73 / 80 M4b,İRSDM 73,80 M4b,1027.00,1060.00
EUR,IRSDM,57,0.75,1.0,"6,1-29",İRSDM 63 / 80 M4b,İRSDM 63,80 M4b,793.00,816.00
EUR,IRSDM,57,0.75,1.0,11-83,İRSDM 53 / 80 M4b,İRSDM 53,80 M4b,644.00,662.00
EUR,IRSDM,57,0.75,1.0,21-93,İRSDM 43 / 80 M4b,İRSDM 43,80 M4b,521.00,535.00
EUR,IRSDM,57,1.1,1.0,"1,8-2,5",İRSDPM 103 / 90 L6b(*P),İRSDPM 103,90 L6b(*P),3033.00,3141.00
EUR,IRSDM,57,1.1,1.5,"2,7-4,8",İRSDM 83 / 90 L6b,İRSDM 83,90 L6b,1821.00,1870.00
EUR,IRSDM,57,1.1,1.5,"3,3-9,7",İRSDM 83 / 90 S4a,İRSDM 83,90 S4a,1802.00,1851.00
EUR,IRSDM,57,1.1,1.5,"4,7-20",İRSDM 73 / 90 S4a,İRSDM 73,90 S4a,1051.00,1084.00
EUR,IRSDM,57,1.1,1.5,"9,6-35",İRSDM 63 / 90 S4a,İRSDM 63,90 S4a,816.00,849.00
EUR,IRSDM,57,1.1,1.5,16-83,İRSDM 53 / 90 S4a,İRSDM 53,90 S4a,667.00,685.00
EUR,IRSDM,57,1.1,1.5,54-93,İRSDM 43 / 90 S4a,İRSDM 43,90 S4a,545.00,559.00
EUR,IRSDM,57,1.5,1.5,"1,8-2,5",İRSDPM 103 / 100 L6a(*P),İRSDPM 103,100 L6a(*P),3108.00,3216.00
EUR,IRSDM,57,1.5,2.0,"2,8-5,7",İRSDM 103 / 90 L4a,İRSDM 103,90 L4a,2903.00,3011.00
EUR,IRSDM,57,1.5,2.0,"3,4-4,8",İRSDM 83 / 100 L6a,İRSDM 83,100 L6a,1857.00,1906.00
EUR,IRSDM,57,1.5,2.0,"4,1-13",İRSDM 83 / 90 L4a,İRSDM 83,90 L4a,1822.00,1871.00
EUR,IRSDM,57,1.5,2.0,"6,7-38",İRSDM 73 / 90 L4a,İRSDM 73,90 L4a,1071.00,1104.00
EUR,IRSDM,57,1.5,2.0,13-35,İRSDM 63 / 90 L4a,İRSDM 63,90 L4a,836.00,860.00
EUR,IRSDM,57,1.5,2.0,23-83,İRSDM 53 / 90 L4a,İRSDM 53,90 L4a,688.00,706.00
EUR,IRSDM,57,1.5,2.0,82-93,IRSDM 43 / 90 L4a,IRSDM 43,90 L4a,565.00,579.00
EUR,IRSDM,58,2.2,,"2,8-11",İRSDM 103 / 100 L4a,İRSDM 103,100 L4a,2949.00,3057.00
EUR,IRSDM,58,2.2,3.0,"4,3-4,8",İRSDM 83 / 112 M6a,İRSDM 83,112 M6a,1931.00,1981.00
EUR,IRSDM,58,2.2,3.0,"5,3-25",İRSDM 83 / 100 L4a,İRSDM 83,100 L4a,1868.00,1917.00
EUR,IRSDM,58,2.2,3.0,"9,6-70",İRSDM 73 / 100 L4a,İRSDM 73,100 L4a,1117.00,1150.00
EUR,IRSDM,58,2.2,3.0,17-35,İRSDM 63 / 100 L4a,İRSDM 63,100 L4a,882.00,905.00
EUR,IRSDM,58,2.2,3.0,41-83,İRSDM 53 / 100 L4a,İRSDM 53,100 L4a,733.00,751.00
EUR,IRSDM,58,3.0,3.0,"3,5-13",İRSDM 103 / 100 L4b,İRSDM 103,100 L4b,2988.00,3096.00
EUR,IRSDM,58,3.0,4.0,"6,7-41",İRSDM 83 /100 L4b,İRSDM 83,100 L4b,1975.00,2034.00
EUR,IRSDM,58,3.0,4.0,12-85,İRSDM 73 / 100 L4b,İRSDM 73,100 L4b,1172.00,1214.00
EUR,IRSDM,58,3.0,4.0,25-35,İRSDM 63 / 100 L4b,İRSDM 63,100 L4b,922.00,945.00
EUR,IRSDM,58,4.0,4.0,"4,5-22",İRSDM 103 / 112 M4,İRSDM 103,112 M4,3102.00,3229.00
EUR,IRSDM,58,4.0,5.5,"8,6-41",İRSDM 83 / 112 M4,İRSDM 83,112 M4,2069.00,2127.00
EUR,IRSDM,58,4.0,5.5,15-85,İRSDM 73 / 112 M4,İRSDM 73,112 M4,1260.00,1302.00
EUR,IRSDM,58,5.5,5.5,"6,3-33",İRSDM 103 / 132 S4c,İRSDM 103,132 S4c,3303.00,3431.00
EUR,IRSDM,58,5.5,7.5,11-41,İRSDM 83 / 132 S4c,İRSDM 83,132 S4c,2248.00,2306.00
EUR,IRSDM,58,5.5,7.5,20-85,İRSDM 73 / 132 S4c,İRSDM 73,132 S4c,1441.00,1483.00
EUR,IRSDM,58,7.5,7.5,"8,2-64",İRSDM 103 / 132 M4b,İRSDM 103,132 M4b,3453.00,3580.00
EUR,IRSDM,58,7.5,10,15-41,İRSDM 83 / 132 M4b,İRSDM 83,132 M4b,2397.00,2455.00
EUR,IRSDM,58,7.5,10,35-85,İRSDM 73 / 132 M4b,İRSDM 73,132 M4b,1566.00,1609.00
EUR,IRSDM,58,11,10,12-64,İRSDM 103 / 160 M4b,İRSDM 103,160 M4b,3740.00,3867.00
EUR,IRSDM,58,11,15,24-128,İRSDM 103 / 160 M2a,İRSDM 103,160 M2a,3681.00,3808.00
EUR,IRSDM,58,11,15,28-41,İRSDM 83 / 160 M4b,İRSDM 83,160 M4b,2727.00,2785.00
EUR,IRSDM,58,15,20,15-64,İRSDM 103 / 160 M4b,İRSDM 103,160 M4b,3897.00,2942.00
EUR,IRCM,60,0.18,,"9-10,5 d/d",IRCPM 63 / 63 M4a(*P),IRCPM 63,63 M4a(*P),480.00,
EUR,IRCM,60,0.25,,12-21 d/d,IRCM 73 / 71 M4a,IRCM 73,71 M4a,704.00,
EUR,IRCM,60,0.25,,"9-14,5 d/d",IRCM 63 / 71 M4a,IRCM 63,71 M4a,491.00,
EUR,IRCM,60,0.37,,21-21 d/d,IRCM 73 / 71 M4b,IRCM 73,71 M4b,712.00,
EUR,IRCM,60,0.37,,"9,5-35 d/d",IRCM 63 / 71 M4b,IRCM 63,71 M4b,499.00,
EUR,IRCM,60,0.55,,12-33 d/d,IRCM 73 / 80 M4a,IRCM 73,80 M4a,734.00,
EUR,IRCM,60,0.55,,13-53 d/d,IRCM 63 / 80 M4a,IRCM 63,80 M4a,521.00,
EUR,IRCM,60,0.75,,12-53 d/d,IRCM 73 / 80 L4a,IRCM 73,80 L4a,779.00,
EUR,IRCM,60,0.75,,18-55 d/d,IRCM 63 / 80 L4a,IRCM 63,80 L4a,566.00,
EUR,IRCM,60,1.1,,12-59 d/d,IRCM 73 / 90 S4,IRCM 73,90 S4,811.00,
EUR,IRCM,60,1.1,,23-55 d/d,IRCM 63 / 90 S4,IRCM 63,90 S4,597.00,
EUR,IRCM,60,1.5,,12-59 d/d,IRCM 73 / 90 L4a,IRCM 73,90 L4a,838.00,
EUR,IRCM,60,1.5,,33-55 d/d,IRCM 63 / 90 L4a,IRCM 63,90 L4a,630.00,
EUR,IRCM,60,2.2,,16-59 d/d,IRCM 73 / 100 L4a,IRCM 73,100 L4a,886.00,
EUR,IRCM,60,2.2,,50-55 d/d,IRCM 63 / 100 L4a,IRCM 63,100 L4a,688.00,
EUR,IRCM,60,3,,21-59 d/d,IRCM 73 / 100 L4b,IRCM 73,100 L4b,926.00,
EUR,IRCM,60,4,,33-59 d/d,IRCM 73 / 112 M4b,IRCM 73,112 M4b,1004.00,
EUR,IRCM,60,5.5,,53-59 d/d,IRCM 73 / 132 S4c,IRCM 73,132 S4c,1102.00,
EUR,IRCM,60,,,,Drum Connection Flange,Drum Connection Flange,,49.00,
EUR,IRCM,60,,,,Drum Connection Flange,Drum Connection Flange,,70.00,
USD,IRM,4,0.12,,"0,28-0,44",İRPM 93 İR 63 / 63 M4a(*P),İRPM 93 İR 63,63 M4a(*P),1953.00,2148.00
USD,IRM,4,0.12,0.16,"0,47-1,3",İRPM 92 İR 63 / 63 M4a(*P),İRPM 92 İR 63,63 M4a(*P),1903.00,2098.00
USD,IRM,4,0.12,0.16,"0,47-0,76",İRPM 83 İR 63 / 63 M4a(*P),İRPM 83 İR 63,63 M4a(*P),1621.00,1779.00
USD,IRM,4,0.12,0.16,"0,79-2,3",İRPM 82 İR 63 / 63 M4a(*P),İRPM 82 İR 63,63 M4a(*P),1595.00,1754.00
USD,IRM,4,0.12,0.16,"1,0-3,8",İRPM 73 İR 52 / 63 M4a(*P),İRPM 73 İR 52,63 M4a(*P),1033.00,1137.00
USD,IRM,4,0.12,0.16,"2,4-4,4",İRPM 74 / 63 M4a(*P),İRPM 74,63 M4a(*P),902.00,992.00
USD,IRM,4,0.12,0.16,"1,6-4,6",İRPM 731 İR 52 / 63 M4a(*P),İRPM 731 İR 52,63 M4a(*P),971.00,1067.00
USD,IRM,4,0.12,0.16,"1,8-4,6",İRPM 721 İR 53 / 63 M4a(*P),İRPM 721 İR 53,63 M4a(*P),966.00,1064.00
USD,IRM,4,0.12,0.16,"2,2-4,6",İRPM 741 / 63 M4a(*P),İRPM 741,63 M4a(*P),835.00,925.00
USD,IRM,4,0.12,0.16,"1,8-6,5",İRM 63 İR 52 / 63 M4a(*P),İRM 63 İR 52,63 M4a(*P),764.00,842.00
USD,IRM,4,0.12,0.16,"6,0-10",İRM 62 İR 52 / 63 M4a(*P),İRM 62 İR 52,63 M4a(*P),751.00,828.00
USD,IRM,4,0.12,0.16,"3,2-5,0",İRPM 64 / 63 M4a(*P),İRPM 64,63 M4a(*P),609.00,671.00
USD,IRM,4,0.12,0.16,"3,7-14",İRM 53 İR 42 / 63 M4a,İRM 53 İR 42,63 M4a,631.00,667.00
USD,IRM,4,0.12,0.16,13-20,İRPM 53 / 63 M4a(*P),İRPM 53,63 M4a(*P),386.00,425.00
USD,IRM,4,0.12,0.16,17-120,İRM 43 / 63 M4a,İRM 43,63 M4a,331.00,364.00
USD,IRM,4,0.12,0.16,124-405,İRM 42 / 63 M4a,İRM 42,63 M4a,327.00,360.00
USD,IRM,4,0.18,0.16,"0,53-1,4",İRPM 93 İR 63 / 63 M4b(*P),İRPM 93 İR 63,63 M4b(*P),1956.00,2151.00
USD,IRM,4,0.18,0.25,"0,78-2,3",İRPM 83 İR 63 / 63 M4b(*P),İRPM 83 İR 63,63 M4b(*P),1623.00,1783.00
USD,IRM,4,0.18,0.25,"1,2-2,9",İRM 84 / 71 M6a,İRM 84,71 M6a,1457.00,1603.00
USD,IRM,4,0.18,0.25,"1,2-5,7",İRM 73 İR 52 / 63 M4b (*P),İRM 73 İR 52,63 M4b (*P),1037.00,1141.00
USD,IRM,4,0.18,0.25,"1,5-2,5",İRM 74 / 71 M6a,İRM 74,71 M6a,926.00,1018.00
USD,IRM,4,0.18,0.25,"2,4-4,9",İRM 74 / 63 M4b(*P),İRM 74,63 M4b(*P),906.00,997.00
USD,IRM,4,0.18,0.25,"5,8",İRM 73 / 71 M6a,İRM 73,71 M6a,771.00,849.00
USD,IRM,4,0.18,0.25,"2,3-3,5",İRPM 731 İR 52 / 63 M4b(*P),İRPM 731 İR 52,63 M4b(*P),977.00,1073.00
USD,IRM,4,0.18,0.25,"2,6-4,5",İRPM 721 İR 53 / 63 M4b(*P),İRPM 721 İR 53,63 M4b(*P),970.00,1066.00
USD,IRM,4,0.18,0.25,"2,0-2,6",İRM 741 / 71 M6a,İRM 741,71 M6a,874.00,965.00
USD,IRM,4,0.18,0.25,"2,2-7,4",İRPM 741 / 63 M4b(*P),İRPM 741,63 M4b(*P),838.00,930.00
USD,IRM,4,0.18,0.25,"5,9-8,9",İRM 731 / 71 M6a,İRM 731,71 M6a,705.00,775.00
USD,IRM,4,0.18,0.25,"2,9-6,5",İRPM 63 İR 52 / 63 M4b(*P),İRPM 63 İR 52,63 M4b(*P),768.00,844.00
USD,IRM,4,0.18,0.25,"6,0-10",İRPM 62 İR 52 / 63 M4b(*P),İRPM 62 İR 52,63 M4b(*P),755.00,831.00
USD,IRM,4,0.18,0.25,"2,8-3,0",İRM 64 / 71 M6a,İRM 64,71 M6a,678.00,749.00
USD,IRM,4,0.18,0.25,"3,2-8,9",İRM 64 / 63 M4b(*P),İRM 64,63 M4b(*P),693.00,763.00
USD,IRM,4,0.18,0.25,"7,0-7,5",İRPM 63 / 71 M6a(*P),İRPM 63,71 M6a(*P),572.00,627.00
USD,IRM,4,0.18,0.25,"9,3-10",İRM 63 / 71 M6a,İRM 63,71 M6a,547.00,602.00
USD,IRM,4,0.18,0.25,10-11,İRM 63 / 63 M4b(*P),İRM 63,63 M4b(*P),566.00,620.00
USD,IRM,4,0.18,0.25,"7,0-7,5",İRPM 631 / 71 M6a(*P),İRPM 631,71 M6a(*P),572.00,629.00
USD,IRM,4,0.18,0.25,"9,3-10",İRM 631 / 71 M6a,İRM 631,71 M6a,547.00,602.00
USD,IRM,4,0.18,0.25,10-11,İRM 631 / 63 M4b(*P),İRM 631,63 M4b(*P),513.00,622.00
USD,IRM,4,0.18,0.25,"5,9-14",İRM 53 İR 42 / 63 M4b,İRM 53 İR 42,63 M4b,635.00,669.00
USD,IRM,4,0.18,0.25,"8,5-11",İRPM 53 / 71 M6a(*P),İRPM 53,71 M6a(*P),418.00,459.00
USD,IRM,4,0.18,0.25,13-28,İRPM 53 / 63 M4b(*P),İRPM 53,63 M4b(*P),394.00,438.00
USD,IRM,4,0.18,0.25,16-19,İRM 43 / 71 M6a,İRM 43,71 M6a,358.00,396.00
USD,IRM,4,0.18,0.25,17-120,İRM 43 / 63 M4b,İRM 43,63 M4b,334.00,371.00
USD,IRM,4,0.18,0.25,124-405,İRM 42 / 63 M4b,İRM 42,63 M4b,331.00,367.00
USD,IRM,4,0.18,0.25,407-812,İRM 42 / 63 M2a,İRM 42,63 M2a,333.00,369.00
USD,IRM,5,0.25,,"0,13-0,48",İRM 143 IR 73 / 71 M4a,İRM 143 IR 73,71 M4a,6001.00,6606.00
USD,IRM,5,0.25,0.34,"0,19-0,42",İRM 123 IR 73 / 71 M4a,İRM 123 IR 73,71 M4a,3424.00,3835.00
USD,IRM,5,0.25,0.34,"0,34-0,60",İRM 122 IR 73 / 71 M4a,İRM 122 IR 73,71 M4a,3376.00,3817.00
USD,IRM,5,0.25,0.34,"0,29-0,57",İRM 103 IR 73 / 71 M4a,İRM 103 IR 73,71 M4a,2739.00,3013.00
USD,IRM,5,0.25,0.34,"0,51-2,4",İRM 102 IR 73 / 71 M4a,İRM 102 IR 73,71 M4a,2719.00,2991.00
USD,IRM,5,0.25,0.34,"1,9-2,1",İRM 93 IR 62 / 71 M4a,İRM 93 IR 62,71 M4a,1994.00,2191.00
USD,IRM,5,0.25,0.34,"0,74-2,0",İRM 92 İR 63 / 71 M4a,İRM 92 İR 63,71 M4a,1967.00,2165.00
USD,IRM,5,0.25,0.34,"1,2-5,3",İRM 82 İR 63 / 71 M4a,İRM 82 İR 63,71 M4a,1610.00,1757.00
USD,IRM,5,0.25,0.34,"1,2-1,8",İRM 84 / 71 M6b,İRM 84,71 M6b,1465.00,1610.00
USD,IRM,5,0.25,0.34,"2,0-4,5",İRM 84 / 71 M4a,İRM 84,71 M4a,1443.00,1588.00
USD,IRM,5,0.25,0.34,"1,9-5,7",İRM 73 IR 52 / 71 M4a,İRM 73 IR 52,71 M4a,1072.00,1183.00
USD,IRM,5,0.25,0.34,"6,0-6,7",İRM 72 IR 52 / 71 M4a,İRM 72 IR 52,71 M4a,1066.00,1185.00
USD,IRM,5,0.25,0.34,"2,2-2,5",İRM 74 / 71 M6b,İRM 74,71 M6b,950.00,1044.00
USD,IRM,5,0.25,0.34,"2,4-4,9",İRM 74 / 71 M4a,İRM 74,71 M4a,929.00,1023.00
USD,IRM,5,0.25,0.34,"5,9-8,7",İRM 73 / 71 M6b,İRM 73,71 M6b,781.00,859.00
USD,IRM,5,0.25,0.34,"9,0",İRM 73 / 71 M4a,İRM 73,71 M4a,761.00,843.00
USD,IRM,5,0.25,0.34,"2,6-8,5",İRM 731 İR 52 / 71 M4a,İRM 731 İR 52,71 M4a,985.00,1083.00
USD,IRM,5,0.25,0.34,"2,9-9,4",İRM 721 İR 53 / 71 M4a,İRM 721 İR 53,71 M4a,978.00,1074.00
USD,IRM,5,0.25,0.34,"3,0",İRPM 741 / 71 M4a(*P),İRPM 741,71 M4a(*P),891.00,985.00
USD,IRM,5,0.25,0.34,"3,2-9,2",İRM 741 / 71 M4a,İRM 741,71 M4a,864.00,939.00
USD,IRM,5,0.25,0.34,"5,9-8,9",İRM 731 / 71 M6b,İRM 731,71 M6b,717.00,789.00
USD,IRM,5,0.25,0.34,"9,2-15",İRM 731 / 71 M4a,İRM 731,71 M4a,696.00,765.00
USD,IRM,5,0.25,0.34,"4,3-9,2",İRM 63 İR 52 / 71 M4a,İRM 63 İR 52,71 M4a,774.00,850.00
USD,IRM,5,0.25,0.34,"6,1-9,4",İRM 62 İR 52 / 71 M4a,İRM 62 İR 52,71 M4a,764.00,842.00
USD,IRM,5,0.25,0.34,"4,3-8,9",İRM 64 / 71 M4a,İRM 64,71 M4a,655.00,715.00
USD,IRM,5,0.25,0.34,"7,0-7,5",İRPM 63 / 71 M6b(*P),İRPM 63,71 M6b(*P),580.00,636.00
USD,IRM,5,0.25,0.34,"9,3-10",İRM 63 / 71 M6b,İRM 63,71 M6b,555.00,609.00
USD,IRM,5,0.25,0.34,10-11,IRPM 63 / 71 M4a(*P),IRPM 63,71 M4a(*P),560.00,616.00
USD,IRM,5,0.25,0.34,14-19,İRM 63 / 71 M4a,İRM 63,71 M4a,536.00,589.00
USD,IRM,5,0.25,0.34,"7,0-7,5",İRPM 631 / 71 M6b(*P),İRPM 631,71 M6b(*P),574.00,629.00
USD,IRM,5,0.25,0.34,"9,3-10",İRM 631 / 71 M6b,İRM 631,71 M6b,549.00,602.00
USD,IRM,5,0.25,0.34,10-11,İRPM 631 / 71 M4a(*P),İRPM 631,71 M4a(*P),553.00,608.00
USD,IRM,5,0.25,0.34,14-19,İRM 631 / 71 M4a,İRM 631,71 M4a,529.00,582.00
USD,IRM,5,0.25,0.34,"5,9-14",İRM 53 IR 42 / 71 M4a,İRM 53 IR 42,71 M4a,642.00,677.00
USD,IRM,5,0.25,0.34,"8,3-14",İRM 53 / 71 M6b,İRM 53,71 M6b,422.00,465.00
USD,IRM,5,0.25,0.34,13-15,İRPM 53 / 71 M4a(*P),İRPM 53,71 M4a(*P),420.00,462.00
USD,IRM,5,0.25,0.34,18-40,İRM 53 / 71 M4a,İRM 53,71 M4a,402.00,442.00
USD,IRM,5,0.25,0.34,22-120,İRM 43 / 71 M4a,İRM 43,71 M4a,346.00,381.00
USD,IRM,5,0.25,0.34,124-405,İRM 42 / 71 M4a,İRM 42,71 M4a,342.00,376.00
USD,IRM,5,0.25,0.34,407-812,İRM 42 / 63 M2b,İRM 42,63 M2b,338.00,372.00
USD,IRM,5,0.37,0.34,"0,22-0,67",İRM 143 İR 73 / 71 M4b,İRM 143 İR 73,71 M4b,6061.00,6667.00
USD,IRM,5,0.37,0.50,"0,28-0,42",İRM 123 İR 73 / 71 M4b,İRM 123 İR 73,71 M4b,3462.00,3817.00
USD,IRM,5,0.37,0.50,"0,34-0,84",İRM 122 İR 73 / 71 M4b,İRM 122 İR 73,71 M4b,3414.00,3759.00
USD,IRM,5,0.37,0.50,"0,57",İRM 103 İR 73 / 71 M4b,İRM 103 İR 73,71 M4b,2808.00,3081.00
USD,IRM,5,0.37,0.50,"0,65-2,4",İRM 102 İR 73 / 71 M4b,İRM 102 İR 73,71 M4b,2726.00,2999.00
USD,IRM,5,0.37,0.50,"1,1-1,8",İRM 104 / 80 M6a,İRM 104,80 M6a,2434.00,2677.00
USD,IRM,5,0.37,0.50,"1,9-4,1",İRM 93 İR 62 / 71 M4b,İRM 93 İR 62,71 M4b,2002.00,2198.00
USD,IRM,5,0.37,0.50,"1,2-2,0",İRM 92 İR 63 / 71 M4b,İRM 92 İR 63,71 M4b,1974.00,2172.00
USD,IRM,5,0.37,0.50,"1,9-2,6",İRM 94 / 80 M6a,İRM 94,80 M6a,1839.00,2024.00
USD,IRM,5,0.37,0.50,"3,0-4,2",İRPM 93 / 80 M6a(*P),İRPM 93,80 M6a(*P),1735.00,1913.00
USD,IRM,5,0.37,0.50,"1,8-5,3",İRM 82 İR 63 / 71 M4a,İRM 82 İR 63,71 M4a,1620.00,1767.00
USD,IRM,6,0.37,,"1,6-1,8",İRM 84 / 80 M6a,İRM 84,80 M6a,1477.00,1631.00
USD,IRM,6,0.37,0.50,"2,0-5,0",İRM 84 / 71 M4b,İRM 84,71 M4b,1453.00,1598.00
USD,IRM,6,0.37,0.50,"3,5-5,3",İRM 83 / 80 M6a,İRM 83,80 M6a,1244.00,1368.00
USD,IRM,6,0.37,0.50,"3,9-4,9",İRM 74 / 71 M4b,İRM 74,71 M4b,936.00,1027.00
USD,IRM,6,0.37,0.50,"5,8-9,8",İRM 73 / 80 M6a,İRM 73,80 M6a,792.00,871.00
USD,IRM,6,0.37,0.50,"9,0-13",İRM 73 / 71 M4b,İRM 73,71 M4b,765.00,841.00
USD,IRM,6,0.37,0.50,"3,7-5,2",İRM 731 İR 52 / 71 M4b,İRM 731 İR 52,71 M4b,990.00,1086.00
USD,IRM,6,0.37,0.50,"4,0-9,4",İRM 721 İR 53 / 71 M4b,İRM 721 İR 53,71 M4b,986.00,1083.00
USD,IRM,6,0.37,0.50,"4,6-9,2",İRM 741 / 71 M4b,İRM 741,71 M4b,872.00,955.00
USD,IRM,6,0.37,0.50,"5,9-8,9",İRM 731 / 80 M6a,İRM 731,80 M6a,730.00,799.00
USD,IRM,6,0.37,0.50,"9,2-15",İRM 731 / 71 M4b,İRM 731,71 M4b,704.00,771.00
USD,IRM,6,0.37,0.50,"5,9-8,9",İRM 64 / 71 M4b,İRM 64,71 M4b,668.00,727.00
USD,IRM,6,0.37,0.50,"7,0-7,5",İRPM 63 / 80 M6a(*P),İRPM 63,80 M6a(*P),597.00,657.00
USD,IRM,6,0.37,0.50,"9,3-10",İRM 63 / 80 M6a,İRM 63,80 M6a,572.00,629.00
USD,IRM,6,0.37,0.50,10-11,İRPM 63 / 71 M4b(*P),İRPM 63,71 M4b(*P),568.00,622.00
USD,IRM,6,0.37,0.50,14-27,İRM 63 / 71 M4b,İRM 63,71 M4b,543.00,596.00
USD,IRM,6,0.37,0.50,"7,0-7,5",İRPM 631 / 80 M6a(*P),İRPM 631,80 M6a(*P),597.00,656.00
USD,IRM,6,0.37,0.50,"9,3-10",İRM 631 / 80 M6a,İRM 631,80 M6a,568.00,626.00
USD,IRM,6,0.37,0.50,10-11,İRPM 631 / 71 M4b(*P),İRPM 631,71 M4b(*P),568.00,624.00
USD,IRM,6,0.37,0.50,14-27,İRM 631 / 71 M4b,İRM 631,71 M4b,543.00,597.00
USD,IRM,6,0.37,0.50,12-14,İRM 53 IR 42 / 71 M4b,İRM 53 IR 42,71 M4b,653.00,688.00
USD,IRM,6,0.37,0.50,15,İRPM 53 / 71 M4b(*P),İRPM 53,71 M4b(*P),428.00,470.00
USD,IRM,6,0.37,0.50,18-63,İRM 53 / 71 M4b,İRM 53,71 M4b,409.00,451.00
USD,IRM,6,0.37,0.50,81-132,İRM 52 / 71 M4b,İRM 52,71 M4b,393.00,432.00
USD,IRM,6,0.37,0.50,38-120,İRM 43 / 71 M4b,İRM 43,71 M4b,354.00,389.00
USD,IRM,6,0.37,0.50,124-405,İRM 42 / 71 M4b,İRM 42,71 M4b,351.00,385.00
USD,IRM,6,0.37,0.50,407-812,İRM 42 / 71 M2b,İRM 42,71 M2b,344.00,378.00
USD,IRM,6,0.55,0.50,"0,23-0,34",İRPM 153 İR 93 / 80 M4a(*P),İRPM 153 İR 93,80 M4a(*P),9317.00,10249.00
USD,IRM,6,0.55,0.75,"0,47-0,80",İRPM 153 İR 92 / 80 M4a(*P),İRPM 153 İR 92,80 M4a(*P),9291.00,10219.00
USD,IRM,6,0.55,0.75,"0,51-0,83",İRPM 152 İR 93 / 80 M4a(*P),İRPM 152 İR 93,80 M4a(*P),8829.00,9761.00
USD,IRM,6,0.55,0.75,"0,32-0,68",İRM 143 İR 73 / 80 M4a,İRM 143 İR 73,80 M4a,6086.00,6694.00
USD,IRM,6,0.55,0.75,"0,64-1,1",İRM 143 İR 72 / 80 M4a,İRM 143 İR 72,80 M4a,6065.00,6670.00
USD,IRM,6,0.55,0.75,"0,49-1,3",İRM 123 İR 72 / 80 M4a,İRM 123 İR 72,80 M4a,3491.00,3856.00
USD,IRM,6,0.55,0.75,"0,51-0,91",İRM 122 İR 73 / 80 M4a,İRM 122 İR 73,80 M4a,3429.00,3771.00
USD,IRM,6,0.55,0.75,"1,1-2,3",İRM 103 İR 72 / 80 M4a,İRM 103 İR 72,80 M4a,2810.00,3084.00
USD,IRM,6,0.55,0.75,"1,2-2,4",İRM 102 İR 73 / 80 M4a,İRM 102 İR 73,80 M4a,2746.00,3020.00
USD,IRM,6,0.55,0.75,"1,2-1,8",İRM 104 / 80 M6b,İRM 104,80 M6b,2448.00,2694.00
USD,IRM,6,0.55,0.75,"1,7-3,4",İRM 104 / 80 M4a,İRM 104,80 M4a,2428.00,2670.00
USD,IRM,6,0.55,0.75,"1,9-4,1",İRM 93 İR 62 / 80 M4a,İRM 93 İR 62,80 M4a,2018.00,2214.00
USD,IRM,6,0.55,0.75,"4,4-6,3",İRM 92 İR 62 / 80 M4a,İRM 92 İR 62,80 M4a,1991.00,2187.00
USD,IRM,6,0.55,0.75,"1,8-2,6",İRM 94 / 80 M6b,İRM 94,80 M6b,1856.00,2041.00
USD,IRM,6,0.55,0.75,"2,9-5,2",İRM 94 / 80 M4a,İRM 94,80 M4a,1836.00,2018.00
USD,IRM,6,0.55,0.75,"3,0-4,2",İRPM 93 / 80 M6b(*P),İRPM 93,80 M6b(*P),1770.00,1950.00
USD,IRM,6,0.55,0.75,"4,7-6,5",İRPM 93 / 80 M4a(*P),İRPM 93,80 M4a(*P),1696.00,1873.00
USD,IRM,6,0.55,0.75,"2,6-7,7",İRM 82 İR 63 / 80 M4a,İRM 82 İR 63,80 M4a,1628.00,1774.00
USD,IRM,6,0.55,0.75,"2,8-8,3",İRM 84 / 80 M4a,İRM 84,80 M4a,1473.00,1621.00
USD,IRM,6,0.55,0.75,"3,6-5,3",İRM 83 / 80 M6b,İRM 83,80 M6b,1258.00,1383.00
USD,IRM,6,0.55,0.75,"5,5-13",İRM 83 / 80 M4a,İRM 83,80 M4a,1238.00,1361.00
USD,IRM,6,0.55,0.75,"6,0-8,7",İRM 72 IR 52 / 80 M4a,İRM 72 IR 52,80 M4a,1112.00,1204.00
USD,IRM,6,0.55,0.75,"4,9",İRM 74 / 80 M4a,İRM 74,80 M4a,960.00,1057.00
USD,IRM,6,0.55,0.75,"5,8-9,8",İRM 73 / 80 M6b,İRM 73,80 M6b,809.00,890.00
USD,IRM,7,0.55,,"9,0-23",İRM 73 / 80 M4a,İRM 73,80 M4a,789.00,868.00
USD,IRM,7,0.55,0.75,"6,9-9,5",İRM 731 İR 52 / 71 M4b,İRM 731 İR 52,71 M4b,1004.00,1100.00
USD,IRM,7,0.55,0.75,"7,0-9,4",İRM 721 İR 53 / 71 M4b,İRM 721 İR 53,71 M4b,1000.00,1097.00
USD,IRM,7,0.55,0.75,"7,4-9,2",İRM 741 / 80 M4a,İRM 741,80 M4a,888.00,970.00
USD,IRM,7,0.55,0.75,"7,7-8,9",İRM 731 / 80 M6b,İRM 731,80 M6b,744.00,819.00
USD,IRM,7,0.55,0.75,"9,2-31",İRM 731 / 80 M4a,İRM 731,80 M4a,724.00,797.00
USD,IRM,7,0.55,0.75,"8,9",İRM 64 / 80 M6b,İRM 64,80 M6b,686.00,743.00
USD,IRM,7,0.55,0.75,10,İRM 63 / 80 M6b,İRM 63,80 M6b,587.00,644.00
USD,IRM,7,0.55,0.75,10-11,İRPM 63 / 80 M4a(*P),İRPM 63,80 M4a(*P),593.00,651.00
USD,IRM,7,0.55,0.75,14-39,İRM 63 / 80 M4a,İRM 63,80 M4a,567.00,623.00
USD,IRM,7,0.55,0.75,10,İRM 631 / 80 M6b,İRM 631,80 M6b,575.00,919.00
USD,IRM,7,0.55,0.75,10-11,İRPM 631 / 80 M4a(*P),İRPM 631,80 M4a(*P),586.00,650.00
USD,IRM,7,0.55,0.75,14-39,İRM 631 / 80 M4a,İRM 631,80 M4a,561.00,622.00
USD,IRM,7,0.55,0.75,25-63,İRM 53 / 80 M4a,İRM 53,80 M4a,434.00,476.00
USD,IRM,7,0.55,0.75,81-147,İRM 52 / 80 M4a,İRM 52,80 M4a,422.00,465.00
USD,IRM,7,0.55,0.75,49-120,İRM 43 / 80 M4a,İRM 43,80 M4a,378.00,415.00
USD,IRM,7,0.55,0.75,124-405,İRM 42 / 80 M4a,İRM 42,80 M4a,374.00,412.00
USD,IRM,7,0.55,0.75,407-812,İRM 42 / 71 M2b,İRM 42,71 M2b,351.00,385.00
USD,IRM,7,0.75,0.75,"0,34",İRPM 153 İR 93 / 80 M4b(*P),İRPM 153 İR 93,80 M4b(*P),9364.00,10301.00
USD,IRM,7,0.75,1,"0,47-1,0",İRPM 153 İR 92 / 80 M4b(*P),İRPM 153 İR 92,80 M4b(*P),9341.00,10274.00
USD,IRM,7,0.75,1,"0,51-1,1",İRPM 152 İR 93 / 80 M4b(*P),İRPM 152 İR 93,80 M4b(*P),8887.00,9825.00
USD,IRM,7,0.75,1,"0,45-0,67",İRM 143 İR 73 / 80 M4b,İRM 143 İR 73,80 M4b,6145.00,6759.00
USD,IRM,7,0.75,1,"0,64-1,5",İRM 143 İR 72 / 80 M4b,İRM 143 İR 72,80 M4b,6123.00,6736.00
USD,IRM,7,0.75,1,"0,68-1,9",İRM 123 İR 72 / 80 M4b,İRM 123 İR 72,80 M4b,3536.00,3890.00
USD,IRM,7,0.75,1,"0,75-4,6",İRM 122 İR 73 / 80 M4b,İRM 122 İR 73,80 M4b,3478.00,3832.00
USD,IRM,7,0.75,1,"1,0-1,5",İRM 124 / 90 S6a,İRM 124,90 S6a,3241.00,3565.00
USD,IRM,7,0.75,1,"1,1-2,3",İRM 103 İR 72 / 80 M4b,İRM 103 İR 72,80 M4b,2859.00,3139.00
USD,IRM,7,0.75,1,"1,2-2,4",İRM 102 İR 73 / 80 M4b,İRM 102 İR 73,80 M4b,2796.00,3075.00
USD,IRM,7,0.75,1,"1,4-1,8",İRM 104 / 90 S6a,İRM 104,90 S6a,2495.00,2744.00
USD,IRM,7,0.75,1,"1,7-4,5",İRM 104 / 80 M4b,İRM 104,80 M4b,2479.00,2726.00
USD,IRM,7,0.75,1,"2,1-4,1",İRM 93 İR 62 / 80 M4b,İRM 93 İR 62,80 M4b,2063.00,2259.00
USD,IRM,7,0.75,1,"4,4-6,3",İRM 92 İR 62 / 80 M4b,İRM 92 İR 62,80 M4b,2036.00,2233.00
USD,IRM,7,0.75,1,"1,8-2,6",İRM 94 / 90 S6a,İRM 94,90 S6a,1904.00,2094.00
USD,IRM,7,0.75,1,"2,9-7,4",İRM 94 / 80 M4b,İRM 94,80 M4b,1884.00,2072.00
USD,IRM,7,0.75,1,"3,0-4,2",İRPM 93 / 90 S6a(*P),İRPM 93,90 S6a(*P),1795.00,1973.00
USD,IRM,7,0.75,1,"4,7-8,1",İRPM 93 / 80 M4b(*P),İRPM 93,80 M4b(*P),1741.00,1917.00
USD,IRM,7,0.75,1,"3,8-7,7",İRM 82 İR 63 / 80 M4b,İRM 82 İR 63,80 M4b,1671.00,1817.00
USD,IRM,7,0.75,1,"3,2-8,3",İRM 84 / 80 M4b,İRM 84,80 M4b,1523.00,1676.00
USD,IRM,7,0.75,1,"4,0-5,3",İRM 83 / 90 S6a,İRM 83,90 S6a,1304.00,1434.00
USD,IRM,7,0.75,1,"5,5-15",İRM 83 / 80 M4b,İRM 83,80 M4b,1287.00,1415.00
USD,IRM,7,0.75,1,"6,7-9,8",İRM 73 / 90 S6a,İRM 73,90 S6a,856.00,942.00
USD,IRM,7,0.75,1,"9,0-30",İRM 73 / 80 M4b,İRM 73,80 M4b,838.00,922.00
USD,IRM,7,0.75,1,"9,2",İRM 741 / 80 M4b,İRM 741,80 M4b,946.00,1020.00
USD,IRM,7,0.75,1,12-39,İRM 731 / 80 M4b,İRM 731,80 M4b,781.00,854.00
USD,IRM,7,0.75,1,44-49,İRM 721 / 80 M4b,İRM 721,80 M4b,763.00,837.00
USD,IRM,8,0.75,,14-55,İRM 63 / 80 M4b,İRM 63,80 M4b,621.00,683.00
USD,IRM,8,0.75,1,14-55,İRM 631 / 80 M4b,İRM 631,80 M4b,617.00,680.00
USD,IRM,8,0.75,1,31-87,İRM 53 / 80 M4b,İRM 53,80 M4b,482.00,530.00
USD,IRM,8,0.75,1,81-240,İRM 52 / 80 M4b,İRM 52,80 M4b,470.00,516.00
USD,IRM,8,0.75,1,66-120,İRM 43 / 80 M4b,İRM 43,80 M4b,426.00,468.00
USD,IRM,8,0.75,1,124-405,İRM 42 / 80 M4b,İRM 42,80 M4b,422.00,465.00
USD,IRM,8,0.75,1,407-812,İRM 42 / 80 M2a,İRM 42,80 M2a,380.00,418.00
USD,IRM,8,1.1,1,"0,47-1,3",İRPM 153 İR 92 / 90 S4a(*P),İRPM 153 İR 92,90 S4a(*P),9369.00,10305.00
USD,IRM,8,1.1,1.5,"0,51-1,1",İRPM 152 İR 93 / 90 S4a(*P),İRPM 152 İR 93,90 S4a(*P),8899.00,9835.00
USD,IRM,8,1.1,1.5,"2,6",İRM 143 İR 82 / 90 S4a,İRM 143 İR 82,90 S4a,6626.00,7242.00
USD,IRM,8,1.1,1.5,"0,64-2,3",İRM 143 İR 72 / 90 S4a,İRM 143 İR 72,90 S4a,6157.00,6773.00
USD,IRM,8,1.1,1.5,"1,6-2,3",İRM 144 / 90 L6b,İRM 144,90 L6b,5997.00,6599.00
USD,IRM,8,1.1,1.5,"0,84-2,8",İRM 123 İR 72 / 90 S4a,İRM 123 İR 72,90 S4a,3569.00,3931.00
USD,IRM,8,1.1,1.5,"0,91-4,6",İRM 122 İR 73 / 90 S4a,İRM 122 İR 73,90 S4a,3496.00,3844.00
USD,IRM,8,1.1,1.5,"1,0-1,5",İRPM 124 / 90 L6b(*P),İRPM 124,90 L6b(*P),3292.00,3621.00
USD,IRM,8,1.1,1.5,"1,5-3,9",İRPM 124 / 90 S4a(*P),İRPM 124,90 S4a(*P),3245.00,3572.00
USD,IRM,8,1.1,1.5,"1,9-4,9",İRM 104 / 90 S4a,İRM 104,90 S4a,2500.00,2745.00
USD,IRM,8,1.1,1.5,"3,2-4,1",İRM 93 İR 62 / 90 S4a,İRM 93 İR 62,90 S4a,2081.00,2276.00
USD,IRM,8,1.1,1.5,"4,4-6,3",İRM 92 İR 62 / 90 S4a,İRM 92 İR 62,90 S4a,2056.00,2251.00
USD,IRM,8,1.1,1.5,"2,9-9,1",İRM 94 / 90 S4a,İRM 94,90 S4a,1910.00,2101.00
USD,IRM,8,1.1,1.5,"3,0-4,2",İRPM 93 / 90 L6b(*P),İRPM 93,90 L6b(*P),1811.00,1987.00
USD,IRM,8,1.1,1.5,"4,7-12",İRPM 93 / 90 S4a(*P),İRPM 93,90 S4a(*P),1724.00,1900.00
USD,IRM,8,1.1,1.5,"5,3-7,7",İRM 82 İR 63 / 90 S4a,İRM 82 İR 63,90 S4a,1691.00,1836.00
USD,IRM,8,1.1,1.5,"5,1-8,3",İRM 84 / 90 S4,İRM 84,90 S4,1544.00,1696.00
USD,IRM,8,1.1,1.5,"6,3-29",İRM 83 / 90 S4a,İRM 83,90 S4a,1313.00,1457.00
USD,IRM,8,1.1,1.5,10-50,İRM 73 / 90 S4a,İRM 73,90 S4a,871.00,958.00
USD,IRM,8,1.1,1.5,15-61,İRM 731 / 90 S4a,İRM 731,90 S4a,808.00,889.00
USD,IRM,8,1.1,1.5,57,İRM 721 / 90 S4a,İRM 721,90 S4a,790.00,869.00
USD,IRM,8,1.1,1.5,19-77,İRM 63 / 90 S4a,İRM 63,90 S4a,651.00,716.00
USD,IRM,8,1.1,1.5,83-114,İRM 62 / 90 S4a,İRM 62,90 S4a,637.00,701.00
USD,IRM,8,1.1,1.5,19-77,İRM 631 / 90 S4a,İRM 631,90 S4a,646.00,710.00
USD,IRM,8,1.1,1.5,83-114,İRM 621 / 90 S4a,İRM 621,90 S4a,630.00,694.00
USD,IRM,8,1.1,1.5,44-87,İRM 53 / 90 S4a,İRM 53,90 S4a,514.00,564.00
USD,IRM,8,1.1,1.5,105-381,İRM 52 / 90 S4a,İRM 52,90 S4a,502.00,552.00
USD,IRM,8,1.1,1.5,95-120,İRM 43 / 90 S4a,İRM 43,90 S4a,459.00,505.00
USD,IRM,8,1.1,1.5,182-405,İRM 42 / 90 S4a,İRM 42,90 S4a,454.00,500.00
USD,IRM,8,1.1,1.5,407-812,İRM 42 / 80 M2b,İRM 42,80 M2b,391.00,429.00
USD,IRM,8,1.5,1.5,"0,64-1,1",İRPM 153 İR 92 / 90 L4a(*P),İRPM 153 İR 92,90 L4a(*P),9411.00,10351.00
USD,IRM,8,1.5,2,"0,72-1,3",İRPM 152 İR 93 / 90 L4a(*P),İRPM 152 İR 93,90 L4a(*P),8954.00,9895.00
USD,IRM,8,1.5,2,"2,6-3,5",İRM 143 İR 82 / 90 L4a,İRM 143 İR 82,90 L4a,6657.00,7275.00
USD,IRM,8,1.5,2,"1,0-3,0",İRM 143 İR 72 / 90 L4a,İRM 143 İR 72,90 L4a,6186.00,6805.00
USD,IRM,8,1.5,2,"1,6-2,3",İRPM 144 / 100 L6a(*P),İRPM 144,100 L6a(*P),6013.00,6615.00
USD,IRM,8,1.5,2,"2,5-2,8",İRPM 144 / 90 L4a(*P),İRPM 144,90 L4a(*P),6007.00,6609.00
USD,IRM,8,1.5,2,"1,1-4,0",İRM 123 İR 72 / 90 L4a,İRM 123 İR 72,90 L4a,3570.00,3929.00
USD,IRM,8,1.5,2,"1,3-4,6",İRM 122 İR 73 / 90 L4a,İRM 122 İR 73,90 L4a,3513.00,3872.00
USD,IRM,8,1.5,2,"1,3-1,5",İRM 124 / 100 L6a(*P),İRM 124,100 L6a(*P),3300.00,3627.00
USD,IRM,9,1.5,,"1,5-5,5",İRPM 124 / 90 L4a(*P),İRPM 124,90 L4a(*P),3437.00,3778.00
USD,IRM,9,1.5,2,"2,6-5,6",İRPM 103 İR 72 / 90 L4a(*P),İRPM 103 İR 72,90 L4a(*P),3030.00,4570.00
USD,IRM,9,1.5,2,"5,8-8,3",İRPM 102 İR 72 / 90 L4a(*P),İRPM 102 İR 72,90 L4a(*P),2960.00,4475.00
USD,IRM,9,1.5,2,"2,5-4,9",İRM 104 / 90 L4a,İRM 104,90 L4a,2651.00,2917.00
USD,IRM,9,1.5,2,"3,5-7,1",İRPM 103 / 90 L4a(*P),İRPM 103,90 L4a(*P),2459.00,2585.00
USD,IRM,9,1.5,2,"3,9-4,1",İRM 93 İR 62 / 90 L4a,İRM 93 İR 62,90 L4a,2211.00,2412.00
USD,IRM,9,1.5,2,"4,4-6,3",İRM 92 İR 62 / 90 L4a,İRM 92 İR 62,90 L4a,2182.00,2385.00
USD,IRM,9,1.5,2,"3,6-9,1",İRM 94 / 90 L4a,İRM 94,90 L4a,2033.00,2237.00
USD,IRM,9,1.5,2,"4,7-16",İRPM 93 / 90 L4a(*P),İRPM 93,90 L4a(*P),1864.00,2047.00
USD,IRM,9,1.5,2,"7,1-8,3",İRM 84 / 90 L4a,İRM 84,90 L4a,1640.00,1806.00
USD,IRM,9,1.5,2,"8,3-37",İRM 83 / 90 L4a,İRM 83,90 L4a,1408.00,1549.00
USD,IRM,9,1.5,2,15-62,İRM 73 / 90 L4a,İRM 73,90 L4a,942.00,1036.00
USD,IRM,9,1.5,2,22-61,İRM 731 / 90 L4a,İRM 731,90 L4a,871.00,958.00
USD,IRM,9,1.5,2,57-65,İRM 721 / 90 L4a,İRM 721,90 L4a,854.00,945.00
USD,IRM,9,1.5,2,27-101,İRM 63 / 90 L4a,İRM 63,90 L4a,710.00,781.00
USD,IRM,9,1.5,2,83-196,İRM 62 / 90 L4a,İRM 62,90 L4a,695.00,765.00
USD,IRM,9,1.5,2,27-101,İRM 631 / 90 L4a,İRM 631,90 L4a,703.00,774.00
USD,IRM,9,1.5,2,83-196,İRM 621 / 90 L4a,İRM 621,90 L4a,688.00,757.00
USD,IRM,9,1.5,2,63-87,İRM 53 / 90 L4a,İRM 53,90 L4a,562.00,617.00
USD,IRM,9,1.5,2,105-544,İRM 52 / 90 L4a,İRM 52,90 L4a,554.00,609.00
USD,IRM,9,1.5,2,295-620,İRM 52 / 90 S2a,İRM 52,90 S2a,501.00,555.00
USD,IRM,9,1.5,2,203-405,İRM 42 / 90 L4a,İRM 42,90 L4a,503.00,554.00
USD,IRM,9,1.5,2,407-812,İRM 42 / 90 S2a,İRM 42,90 S2a,449.00,494.00
USD,IRM,9,2.2,2,"0,88-2,7",İRM 153 İR 92 / 100 L4a,İRM 153 İR 92,100 L4a,9908.00,10897.00
USD,IRM,9,2.2,3,"0,99-1,3",İRM 152 İR 93 / 100 L4a,İRM 152 İR 93,100 L4a,9381.00,10368.00
USD,IRM,9,2.2,3,"1,7-4,3",İRPM 154 / 100 L4a(*P),İRPM 154,100 L4a(*P),9490.00,10438.00
USD,IRM,9,2.2,3,"2,6-5,0",İRM 143 İR 82 / 100 L4a,İRM 143 İR 82,100 L4a,6995.00,7645.00
USD,IRM,9,2.2,3,"1,2-4,4",İRM 143 İR 72 / 100 L4a,İRM 143 İR 72,100 L4a,6502.00,7152.00
USD,IRM,9,2.2,3,"1,6-2,3",İRPM 144 / 112 M6a(*P),İRPM 144,112 M6a(*P),6367.00,7003.00
USD,IRM,9,2.2,3,"2,5-4,5",İRPM 144 / 100 L4a(*P),İRPM 144,100 L4a(*P),6282.00,6911.00
USD,IRM,9,2.2,3,"1,7-6,5",İRM 123 İR 72 / 100 L4a,İRM 123 İR 72,100 L4a,3770.00,4144.00
USD,IRM,9,2.2,3,"2,1-6,5",İRM 124 / 100 L4a(*P),İRM 124,100 L4a(*P),3476.00,3824.00
USD,IRM,9,2.2,3,"3,2-5,6",İRM 103 İR 72 / 100 L4a,İRM 103 İR 72,100 L4a,3044.00,3303.00
USD,IRM,9,2.2,3,"5,6-8,3",İRM 102 İR 72 / 100 L4a,İRM 102 İR 72,100 L4a,2979.00,3239.00
USD,IRM,9,2.2,3,"3,7-4,9",İRM 104 / 100 L4a,İRM 104,100 L4a,2758.00,3024.00
USD,IRM,9,2.2,3,"3,5-7,1",İRPM 103 / 112 M6a(*P),İRPM 103,112 M6a(*P),2513.00,2638.00
USD,IRM,9,2.2,3,"5,4-18",İRPM 103 / 100 L4a(*P),İRPM 103,100 L4a(*P),2447.00,2574.00
USD,IRM,9,2.2,3,"5,9-9,1",İRM 94 / 100 L4a,İRM 94,100 L4a,2092.00,2294.00
USD,IRM,9,2.2,3,"6,5-32",İRM 93 / 100 L4a,İRM 93,100 L4a,1836.00,2019.00
USD,IRM,9,2.2,3,10-62,İRM 83 / 100 L4a,İRM 83,100 L4a,1465.00,1611.00
USD,IRM,9,2.2,3,17-92,İRM 73 / 100 L4a,İRM 73,100 L4a,1002.00,1101.00
USD,IRM,9,2.2,3,103,İRM 72 / 100 L4a,İRM 72,100 L4a,979.00,1078.00
USD,IRM,9,2.2,3,31-61,İRM 731 / 100 L4a,İRM 731,100 L4a,932.00,1025.00
USD,IRM,9,2.2,3,65-141,İRM 721 / 100 L4a,İRM 721,100 L4a,911.00,1002.00
USD,IRM,9,2.2,3,39-101,İRM 63 / 100 L4a,İRM 63,100 L4a,763.00,839.00
USD,IRM,9,2.2,3,103-233,İRM 62 / 100 L4a,İRM 62,100 L4a,749.00,823.00
USD,IRM,9,2.2,3,39-101,İRM 631 / 100 L4a,İRM 631,100 L4a,756.00,831.00
USD,IRM,9,2.2,3,103-233,İRM 621 / 100 L4a,İRM 621,100 L4a,741.00,815.00
USD,IRM,9,2.2,3,132-544,İRM 52 / 100 L4a,İRM 52,100 L4a,611.00,673.00
USD,IRM,9,2.2,3,265-844,İRM 52 / 90 L2a,İRM 52,90 L2a,529.00,582.00
USD,IRM,10,3.0,,"1,3-4,0",İRM 153 İR 92 / 100 L4b,İRM 153 İR 92,100 L4b,9963.00,10959.00
USD,IRM,10,3.0,4,"1,8-6,0",İRM 154 / 100 L4b(*P),İRM 154,100 L4b(*P),9557.00,10512.00
USD,IRM,10,3.0,4,"2,6-6,5",İRM 143 İR 82 / 100 L4b,İRM 143 İR 82,100 L4b,7082.00,7727.00
USD,IRM,10,3.0,4,"1,7-5,1",İRM 143 İR 72 / 100 L4b,İRM 143 İR 72,100 L4b,6552.00,7201.00
USD,IRM,10,3.0,4,"1,8-2,3",İRM 144 / 132 S6b,İRM 144,132 S6b,6532.00,7184.00
USD,IRM,10,3.0,4,"2,5-5,9",İRM 144 / 100 L4b(*P),İRM 144,100 L4b(*P),6356.00,6992.00
USD,IRM,10,3.0,4,"2,5-6,5",İRM 123 İR 72 / 100 L4b,İRM 123 İR 72,100 L4b,3820.00,4193.00
USD,IRM,10,3.0,4,"2,9-6,5",İRM 124 / 100 L4b(*P),İRM 124,100 L4b(*P),3538.00,3892.00
USD,IRM,10,3.0,4,"4,3",İRPM 123 / 132 S6b(*P),İRPM 123,132 S6b(*P),3504.00,3854.00
USD,IRM,10,3.0,4,"4,8-11",İRM 123 / 132 S6b,İRM 123,132 S6b,3354.00,3689.00
USD,IRM,10,3.0,4,"5,0-5,6",İRM 103 İR 72 / 100 L4b,İRM 103 İR 72,100 L4b,3065.00,3321.00
USD,IRM,10,3.0,4,"5,8-8,3",İRM 102 İR 72 / 100 L4b,İRM 102 İR 72,100 L4b,3001.00,3258.00
USD,IRM,10,3.0,4,"5,4-23",İRPM 103 / 100 L4b(*P),İRPM 103,100 L4b(*P),2482.00,2741.00
USD,IRM,10,3.0,4,"7,4-9,1",İRM 94 / 100 L4b,İRM 94,100 L4b,2171.00,2379.00
USD,IRM,10,3.0,4,"8,9-43",İRM 93 / 100 L4b,İRM 93,100 L4b,1891.00,2080.00
USD,IRM,10,3.0,4,16-90,İRM 83 / 100 L4b,İRM 83,100 L4b,1520.00,1671.00
USD,IRM,10,3.0,4,93-118,İRM 82 / 100 L4b,İRM 82,100 L4b,1469.00,1627.00
USD,IRM,10,3.0,4,26-92,İRM 73 / 100 L4b,İRM 73,100 L4b,1047.00,1152.00
USD,IRM,10,3.0,4,103-168,İRM 72 / 100 L4b,İRM 72,100 L4b,1025.00,1127.00
USD,IRM,10,3.0,4,35-61,İRM 731 / 100 L4b,İRM 731,100 L4b,978.00,1076.00
USD,IRM,10,3.0,4,65-221,İRM 721 / 100 L4b,İRM 721,100 L4b,956.00,1051.00
USD,IRM,10,3.0,4,46-101,İRM 63 / 100 L4b,İRM 63,100 L4b,805.00,885.00
USD,IRM,10,3.0,4,103-572,İRM 62 / 100 L4b,İRM 62,100 L4b,791.00,870.00
USD,IRM,10,3.0,4,46-101,İRM 631 / 100 L4b,İRM 631,100 L4b,795.00,876.00
USD,IRM,10,3.0,4,103-572,İRM 621 / 100 L4b,İRM 621,100 L4b,783.00,846.00
USD,IRM,10,3.0,4,157-544,İRM 52 / 100 L4b,İRM 52,100 L4b,656.00,722.00
USD,IRM,10,3.0,4,265-844,İRM 52 / 100 L2a,İRM 52,100 L2a,603.00,663.00
USD,IRM,10,4.0,4,"1,7-5,3",İRM 153 İR 92 / 112 M4a,İRM 153 İR 92,112 M4a,10047.00,11036.00
USD,IRM,10,4.0,5.5,"1,7-6,0",İRM 154 / 112 M4a(*P),İRM 154,112 M4a(*P),9679.00,10645.00
USD,IRM,10,4.0,5.5,"2,6-8,4",İRM 143 İR 82 / 112 M4a,İRM 143 İR 82,112 M4a,7199.00,7841.00
USD,IRM,10,4.0,5.5,"2,3-5,1",İRM 143 İR 72 / 112 M4a,İRM 143 İR 72,112 M4a,6637.00,7280.00
USD,IRM,10,4.0,5.5,"2,0-2,3",İRM 144 / 132 M6a,İRM 144,132 M6a,6578.00,7236.00
USD,IRM,10,4.0,5.5,"2,5-8,0",İRM 144 / 112 M4a(*P),İRM 144,112 M4a(*P),6452.00,7097.00
USD,IRM,10,4.0,5.5,"5,5-6,7",İRM 143 / 132 M6a,İRM 143,132 M6a,6038.00,6642.00
USD,IRM,10,4.0,5.5,"3,2-6,5",İRM 123 İR 72 / 112 M4a,İRM 123 İR 72,112 M4a,3921.00,4289.00
USD,IRM,10,4.0,5.5,"3,4-6,5",İRM 124 / 112 M4b(*P),İRM 124,112 M4b(*P),3580.00,3931.00
USD,IRM,10,4.0,5.5,"4,3",İRPM 123 / 132 M6a(*P),İRPM 123,132 M6a(*P),3648.00,4012.00
USD,IRM,10,4.0,5.5,"4,8-11",İRM 123 / 132 M6a,İRM 123,132 M6a,3393.00,3732.00
USD,IRM,10,4.0,5.5,"7,5-31",İRPM 103 / 112 M4a(*P),İRPM 103,112 M4a(*P),2508.00,2758.00
USD,IRM,10,4.0,5.5,10-47,İRM 93 / 112 M4a,İRM 93,112 M4a,1977.00,2174.00
USD,IRM,10,4.0,5.5,59-76,İRM 92 / 112 M4a,İRM 92,112 M4a,1925.00,2118.00
USD,IRM,10,4.0,5.5,21-90,İRM 83 / 112 M4a,İRM 83,112 M4a,1602.00,1762.00
USD,IRM,10,4.0,5.5,93-144,İRM 82 / 112 M4a,İRM 82,112 M4a,1576.00,1734.00
USD,IRM,10,4.0,5.5,37-92,İRM 73 / 112 M4a,İRM 73,112 M4a,1139.00,1253.00
USD,IRM,10,4.0,5.5,103-230,İRM 72 / 112 M4a,İRM 72,112 M4a,1117.00,1228.00
USD,IRM,10,4.0,5.5,73-548,İRM 721 / 112 M4a,İRM 721,112 M4a,1046.00,1151.00
USD,IRM,10,4.0,5.5,65-101,İRM 63 / 112 M4a,İRM 63,112 M4a,898.00,987.00
USD,IRM,10,4.0,5.5,103-572,İRM 62 / 112 M4a,İRM 62,112 M4a,884.00,972.00
USD,IRM,10,4.0,5.5,65-101,İRM 631 / 112 M4a,İRM 631,112 M4a,885.00,973.00
USD,IRM,10,4.0,5.5,103-572,İRM 621 / 112 M4a,İRM 621,112 M4a,876.00,985.00
USD,IRM,11,5.5,,"2,7-5,8",İRM 153 İR 92 / C112 M4b(*C),İRM 153 İR 92,C112 M4b(*C),10215.00,11204.00
USD,IRM,11,5.5,7.5,"3,2-8,4",İRM 143 İR 82 / C112 M4b(*C),İRM 143 İR 82,C112 M4b(*C),7317.00,7956.00
USD,IRM,11,5.5,7.5,"3,0-5,1",İRM 143 İR 72 / C112 M4b(*C),İRM 143 İR 72,C112 M4b(*C),6765.00,7407.00
USD,IRM,11,5.5,7.5,14-83,İRM 93 / C112 M4b(*C),İRM 93,C112 M4b(*C),2046.00,2245.00
USD,IRM,11,5.5,7.5,59-105,İRM 92 / C112 M4b(*C),İRM 92,C112 M4b(*C),1994.00,2199.00
USD,IRM,11,5.5,7.5,29-90,İRM 83 / C112 M4b(*C),İRM 83,C112 M4b(*C),1676.00,1849.00
USD,IRM,11,5.5,7.5,93-276,İRM 82 / C112 M4b(*C),İRM 82,C112 M4b(*C),1649.00,1818.00
USD,IRM,11,5.5,7.5,62-92,İRM 73 / C112 M4b(*C),İRM 73,C112 M4b(*C),1187.00,1311.00
USD,IRM,11,5.5,7.5,103-544,İRM 72 / C112 M4b(*C),İRM 72,C112 M4b(*C),1175.00,1298.00
USD,IRM,11,5.5,7.5,115-548,İRM 721 / C112 M4b(*C),İRM 721,C112 M4b(*C),1116.00,1232.00
USD,IRM,11,5.5,7.5,182-572,İRM 62 / C112 M4b(*C),İRM 62,C112 M4b(*C),929.00,1025.00
USD,IRM,11,5.5,7.5,182-572,İRM 621 / C112 M4b(*C),İRM 621,C112 M4b(*C),942.00,1044.00
USD,IRM,11,5.5,7.5,"2,7-5,8",İRM 153 İR 92 / 132 S4c,İRM 153 İR 92,132 S4c,10264.00,11253.00
USD,IRM,11,5.5,7.5,"2,2-6,0",İRM 154 / 132 S4c,İRM 154,132 S4c,9868.00,10854.00
USD,IRM,11,5.5,7.5,"3,2-8,4",İRM 143 İR 82 / 132 S4c,İRM 143 İR 82,132 S4c,7364.00,8005.00
USD,IRM,11,5.5,7.5,"3,0-5,1",İRM 143 İR 72 / 132 S4c,İRM 143 İR 72,132 S4c,6812.00,7455.00
USD,IRM,11,5.5,7.5,"2,8-8,0",İRM 144 / 132 S4c,İRM 144,132 S4c,6580.00,7238.00
USD,IRM,11,5.5,7.5,"5,5-12",İRM 143 / 132 M6b,İRM 143,132 M6b,6182.00,6830.00
USD,IRM,11,5.5,7.5,"4,4-6,5",İRM 124 / 132 S4c,İRM 124,132 S4c,3682.00,4030.00
USD,IRM,11,5.5,7.5,"5,3-5,9",İRM 123 / 132 M6b,İRM 123,132 M6b,3450.00,3797.00
USD,IRM,11,5.5,7.5,"7,5-26",İRM 123 / 132 S4c,İRM 123,132 S4c,3406.00,3746.00
USD,IRM,11,5.5,7.5,11-44,İRM 103 / 132 S4c,İRM 103,132 S4c,2629.00,2870.00
USD,IRM,11,5.5,7.5,14-83,İRM 93 / 132 S4c,İRM 93,132 S4c,2096.00,2294.00
USD,IRM,11,5.5,7.5,59-105,İRM 92 / 132 S4c,İRM 92,132 S4c,2044.00,2248.00
USD,IRM,11,5.5,7.5,29-90,İRM 83 / 132 S4c,İRM 83,132 S4c,1724.00,1896.00
USD,IRM,11,5.5,7.5,93-276,İRM 82 / 132 S4c,İRM 82,132 S4c,1697.00,1866.00
USD,IRM,11,5.5,7.5,62-92,İRM 73 / 132 S4c,İRM 73,132 S4c,1257.00,1381.00
USD,IRM,11,5.5,7.5,103-544,İRM 72 / 132 S4c,İRM 72,132 S4c,1234.00,1356.00
USD,IRM,11,5.5,7.5,460-689,İRM 72 / 132 S2a,İRM 72,132 S2a,1222.00,1345.00
USD,IRM,11,5.5,7.5,115-548,İRM 721 / 132 S4c,İRM 721,132 S4c,1163.00,1278.00
USD,IRM,11,5.5,7.5,182-572,İRM 62 / 132 S4c,İRM 62,132 S4c,997.00,1097.00
USD,IRM,11,5.5,7.5,393-851,İRM 62 / 132 S2a,İRM 62,132 S2a,975.00,1071.00
USD,IRM,11,5.5,7.5,182-572,İRM 621 / 132 S4c,İRM 621,132 S4c,987.00,1090.00
USD,IRM,11,5.5,7.5,393-852,İRM 621 / 132 S2a,İRM 621,132 S2a,965.00,1063.00
USD,IRM,11,7.5,7.5,"3,2-5,8",İRM 153 İR 92 / 132 M4a,İRM 153 İR 92,132 M4a,10379.00,11366.00
USD,IRM,11,7.5,10,"3,8-6,0",İRM 154 / 132 M4a,İRM 154,132 M4a,9949.00,10944.00
USD,IRM,11,7.5,10,"4,0-13",İRM 153 / 160 M6a,İRM 153,160 M6a,9350.00,10284.00
USD,IRM,11,7.5,10,"4,2-8,4",İRM 143 İR 82 / 132 M4a,İRM 143 İR 82,132 M4a,7468.00,8106.00
USD,IRM,11,7.5,10,"4,0-8,0",İRM 144 / 132 M4a,İRM 144,132 M4a,6680.00,7348.00
USD,IRM,11,7.5,10,"5,5-12",İRM 143 / 160 M6a,İRM 143,160 M6a,6531.00,7184.00
USD,IRM,11,7.5,10,"8,6-16",İRPM 143 / 132 M4a(*P),İRPM 143,132 M4a(*P),6483.00,7179.00
USD,IRM,11,7.5,10,"6,1-6,5",İRM 124 / 132 M4a,İRM 124,132 M4a,3806.00,4153.00
USD,IRM,11,7.5,10,"7,5-34",İRM 123 / 132 M4a,İRM 123,132 M4a,3495.00,3844.00
USD,IRM,11,7.5,10,16-62,İRM 103 / 132 M4a,İRM 103,132 M4a,2722.00,2994.00
USD,IRM,11,7.5,10,20-98,İRM 93 / 132 M4a,İRM 93,132 M4a,2187.00,2406.00
USD,IRM,11,7.5,10,59-152,İRM 92 / 132 M4a,İRM 92,132 M4a,2139.00,2353.00
USD,IRM,11,7.5,10,37-90,İRM 83 / 132 M4a,İRM 83,132 M4a,1816.00,1998.00
USD,IRM,11,7.5,10,93-589,İRM 82 / 132 M4a,İRM 82,132 M4a,1786.00,1965.00
USD,IRM,11,7.5,10,68-92,İRM 73 / 132 M4a,İRM 73,132 M4a,1354.00,1508.00
USD,IRM,11,7.5,10,103-544,İRM 72 / 132 M4a,İRM 72,132 M4a,1326.00,1457.00
USD,IRM,11,7.5,10,460-689,İRM 72 / 132 S2b,İRM 72,132 S2b,1279.00,1406.00
USD,IRM,11,7.5,10,115-548,İRM 721 / 132 M4a,İRM 721,132 M4a,1253.00,1378.00
USD,IRM,12,11,,"5,3-5,8",İRM 153 İR 92 / C132 M4b(*C),İRM 153 İR 92,C132 M4b(*C),10735.00,11720.00
USD,IRM,12,11,15,"4,8-6,0",İRM 154 / C132 M4b(*C),İRM 154,C132 M4b(*C),10282.00,11275.00
USD,IRM,12,11,15,"5,9-8,0",İRM 144 / C132 M4b(*C),İRM 144,C132 M4b(*C),6958.00,7692.00
USD,IRM,12,11,15,13-48,İRM 123 / C132 M4b(*C),İRM 123,C132 M4b(*C),3803.00,4189.00
USD,IRM,12,11,15,23-93,İRM 103 / C132 M4b(*C),İRM 103,C132 M4b(*C),3037.00,3347.00
USD,IRM,12,11,15,79,İRM 102 / C132 M4b(*C),İRM 102,C132 M4b(*C),2971.00,3275.00
USD,IRM,12,11,15,29-98,İRM 93 / C132 M4b(*C),İRM 93,C132 M4b(*C),2506.00,2763.00
USD,IRM,12,11,15,67-223,İRM 92 / C132 M4b(*C),İRM 92,C132 M4b(*C),2452.00,2704.00
USD,IRM,12,11,15,62-90,İRM 83 / C132 M4b(*C),İRM 83,C132 M4b(*C),2126.00,2345.00
USD,IRM,12,11,15,1005-589,İRM 82 / C132 M4b(*C),İRM 82,C132 M4b(*C),2096.00,2312.00
USD,IRM,12,11,15,168-544,İRM 72 / C132 M4b(*C),İRM 72,C132 M4b(*C),1607.00,1737.00
USD,IRM,12,11,15,"5,3-5,8",İRM 153 İR 92 / 160 M4b,İRM 153 İR 92,160 M4b,10803.00,11788.00
USD,IRM,12,11,15,"4,8-6,0",İRM 154 / 160 M4b,İRM 154,160 M4b,10356.00,11349.00
USD,IRM,12,11,15,"4,4-7,0",İRM 153 / 160 L6b,İRM 153,160 L6b,9395.00,10335.00
USD,IRM,12,11,15,"6,3-16",İRM 153 / 160 M4b,İRM 153,160 M4b,9194.00,10133.00
USD,IRM,12,11,15,"5,9-8,0",İRM 144 / 160 M4b,İRM 144,160 M4b,7031.00,7765.00
USD,IRM,12,11,15,"6,1-12",İRM 143 / 160 L6b,İRM 143,160 L6b,6756.00,7465.00
USD,IRM,12,11,15,"8,6-21",İRM 143 / 160 M4b,İRM 143,160 M4b,6580.00,7273.00
USD,IRM,12,11,15,13-48,İRM 123 / 160 M4b,İRM 123,160 M4b,3876.00,4262.00
USD,IRM,12,11,15,23-93,İRM 103 / 160 M4b,İRM 103,160 M4b,3107.00,3417.00
USD,IRM,12,11,15,79,İRM 102 / 160 M4b,İRM 102,160 M4b,3041.00,3346.00
USD,IRM,12,11,15,29-98,İRM 93 / 160 M4b,İRM 93,160 M4b,2575.00,2832.00
USD,IRM,12,11,15,67-223,İRM 92 / 160 M4b,İRM 92,160 M4b,2521.00,2772.00
USD,IRM,12,11,15,62-90,İRM 83 / 160 M4b,İRM 83,160 M4b,2193.00,2413.00
USD,IRM,12,11,15,1005-589,İRM 82 / 160 M4b,İRM 82,160 M4b,2164.00,2380.00
USD,IRM,12,11,15,168-230,İRPM 72 / 160 M4b(*P),İRPM 72,160 M4b(*P),1749.00,1885.00
USD,IRM,12,11,15,254-544,İRM 72 / 160 M4b,İRM 72,160 M4b,1674.00,1804.00
USD,IRM,12,15,15,"5,7-7,0",İRM 153 / 180 L6b,İRM 153,180 L6b,9870.00,10856.00
USD,IRM,12,15,20,"6,3-20",İRM 153 / 160 L4a,İRM 153,160 L4a,9577.00,10533.00
USD,IRM,12,15,20,"9,7-12",İRM 143 / 180 L6b,İRM 143,180 L6b,7059.00,7766.00
USD,IRM,12,15,20,"8,6-34",İRM 143 / 160 L4a,İRM 143,160 L4a,6760.00,7436.00
USD,IRM,12,15,20,15-65,İRM 123 / 160 L4a,İRM 123,160 L4a,4048.00,4453.00
USD,IRM,12,15,20,53-80,İRM 122 / 160 L4a,İRM 122,160 L4a,3968.00,4366.00
USD,IRM,12,15,20,25-93,İRM 103 / 160 L4a,İRM 103,160 L4a,3278.00,3604.00
USD,IRM,12,15,20,79-148,İRM 102 / 160 L4a,İRM 102,160 L4a,3214.00,3535.00
USD,IRM,12,15,20,69-98,İRM 93 / 160 L4a,İRM 93,160 L4a,2744.00,3013.00
USD,IRM,12,15,20,67-315,İRM 92 / 160 L4a,İRM 92,160 L4a,2694.00,2963.00
USD,IRM,12,15,20,83-90,İRM 83 / 160 L4a,İRM 83,160 L4a,2362.00,2598.00
USD,IRM,12,15,20,105-589,İRM 82 / 160 L4a,İRM 82,160 L4a,2333.00,2567.00
USD,IRM,12,18.5,20,"7,8-23",İRM 153 / C160 L4b(*C),İRM 153,C160 L4b(*C),9821.00,10815.00
USD,IRM,12,18.5,25,10-41,İRM 143 / C160 L4b(*C),İRM 143,C160 L4b(*C),7006.00,7717.00
USD,IRM,12,18.5,25,18-78,İRM 123 / C160 L4b(*C),İRM 123,C160 L4b(*C),4269.00,4706.00
USD,IRM,12,18.5,25,58-101,İRM 122 / C160 L4b(*C),İRM 122,C160 L4b(*C),4189.00,4619.00
USD,IRM,12,18.5,25,35-93,İRM 103 / C160 L4b(*C),İRM 103,C160 L4b(*C),3496.00,3857.00
USD,IRM,12,18.5,25,79-195,İRM 102 / C160 L4b(*C),İRM 102,C160 L4b(*C),3434.00,3788.00
USD,IRM,12,18.5,25,85-571,İRM 92 / C160 L4b(*C),İRM 92,C160 L4b(*C),2914.00,3216.00
USD,IRM,12,18.5,25,130-523,İRM 82 / C160 L4b(*C),İRM 82,C160 L4b(*C),2584.00,2852.00
USD,IRM,13,18.5,,"7,8-23",İRM 153 / 180 M4b,İRM 153,180 M4b,9935.00,10928.00
USD,IRM,13,18.5,25,10-41,İRM 143 / 180 M4b,İRM 143,180 M4b,7115.00,7826.00
USD,IRM,13,18.5,25,18-78,İRM 123 / 180 M4b,İRM 123,180 M4b,4379.00,4816.00
USD,IRM,13,18.5,25,58-101,İRM 122 / 180 M4b,İRM 122,180 M4b,4299.00,4729.00
USD,IRM,13,18.5,25,35-93,İRM 103 / 180 M4b,İRM 103,180 M4b,3603.00,3963.00
USD,IRM,13,18.5,25,79-195,İRM 102 / 180 M4b,İRM 102,180 M4b,3540.00,3893.00
USD,IRM,13,18.5,25,85-571,İRM 92 / 180 M4b,İRM 92,180 M4b,3016.00,3316.00
USD,IRM,13,18.5,25,130-523,İRM 82 / 180 M4b,İRM 82,180 M4b,2683.00,2951.00
USD,IRM,13,22,25,"8,8-32",İRM 153 / 180 L4b,İRM 153,180 L4b,10049.00,11054.00
USD,IRM,13,22,30,15-50,İRM 143 / 180 L4b,İRM 143,180 L4b,7235.00,7959.00
USD,IRM,13,22,30,23-78,İRM 123 / 180 L4b,İRM 123,180 L4b,4491.00,4940.00
USD,IRM,13,22,30,70-121,İRM 122 / 180 L4b,İRM 122,180 L4b,4410.00,4852.00
USD,IRM,13,22,30,44-93,İRM 103 / 180 L4b,İRM 103,180 L4b,3715.00,4086.00
USD,IRM,13,22,30,79-618,İRM 102 / 180 L4b,İRM 102,180 L4b,3650.00,4015.00
USD,IRM,13,22,30,105-571,İRM 92 / 180 L4b,İRM 92,180 L4b,3132.00,3444.00
USD,IRM,13,22,30,208-589,İRM 82 / 180 L4b,İRM 82,180 L4b,2797.00,3077.00
USD,IRM,13,30,30,12-59,İRM 153 / C180 L4b(*C),İRM 153,C180 L4b(*C),10357.00,11414.00
USD,IRM,13,30,40,16-69,İRM 143 / C180 L4b(*C),İRM 143,C180 L4b(*C),7529.00,8334.00
USD,IRM,13,30,40,69-96,İRM 142 / C180 L4b(*C),İRM 142,C180 L4b(*C),7282.00,8076.00
USD,IRM,13,30,40,29-78,İRM 123 / C180 L4b(*C),İRM 123,C180 L4b(*C),4769.00,5267.00
USD,IRM,13,30,40,80-426,İRM 122 / C180 L4b(*C),İRM 122,C180 L4b(*C),4684.00,5173.00
USD,IRM,13,30,40,62-93,İRM 103 / C180 L4b(*C),İRM 103,C180 L4b(*C),4074.00,4625.00
USD,IRM,13,30,40,89-618,İRM 102 / C180 L4b(*C),İRM 102,C180 L4b(*C),3936.00,4350.00
USD,IRM,13,30,40,203-571,İRM 92 / C180 L4b(*C),İRM 92,C180 L4b(*C),3410.00,3771.00
USD,IRM,13,30,40,12-59,İRM 153 / 200 L4c,İRM 153,200 L4c,10594.00,11652.00
USD,IRM,13,30,40,16-69,İRM 143 / 200 L4c,İRM 143,200 L4c,7752.00,8557.00
USD,IRM,13,30,40,69-96,İRM 142 / 200 L4c,İRM 142,200 L4c,7505.00,8300.00
USD,IRM,13,30,40,29-78,İRM 123 / 200 L4c,İRM 123,200 L4c,4985.00,5482.00
USD,IRM,13,30,40,80-426,İRM 122 / 200 L4c,İRM 122,200 L4c,4899.00,5388.00
USD,IRM,13,30,40,62-93,İRM 103 / 200 L4c,İRM 103,200 L4c,4282.00,4833.00
USD,IRM,13,30,40,89-618,İRM 102 / 200 L4c,İRM 102,200 L4c,4144.00,4557.00
USD,IRM,13,30,40,203-571,İRM 92 / 200 L4c,İRM 92,200 L4c,3614.00,3974.00
USD,IRM,13,37,40,15-59,İRM 153 / C200 L4b(*C),İRM 153,C200 L4b(*C),10874.00,12003.00
USD,IRM,13,37,50,50-89,İRM 152 / C200 L4b(*C),İRM 152,C200 L4b(*C),10311.00,11385.00
USD,IRM,13,37,50,22-70,İRM 143 / C200 L4b(*C),İRM 143,C200 L4b(*C),7828.00,8666.00
USD,IRM,13,37,50,70-110,İRM 142 / C200 L4b(*C),İRM 142,C200 L4b(*C),7582.00,8397.00
USD,IRM,13,37,50,39-78,İRM 123 / C200 L4b(*C),İRM 123,C200 L4b(*C),5272.00,5840.00
USD,IRM,13,37,50,80-426,İRM 122 / C200 L4b(*C),İRM 122,C200 L4b(*C),5189.00,5750.00
USD,IRM,13,37,50,89-619,İRM 102 / C200 L4b(*C),İRM 102,C200 L4b(*C),4289.00,4756.00
USD,IRM,13,37,50,15-59,İRM 153 / 225 S4a,İRM 153,225 S4a,11338.00,12467.00
USD,IRM,13,37,50,50-89,İRM 152 / 225 S4a,İRM 152,225 S4a,10776.00,11850.00
USD,IRM,13,37,50,22-70,İRM 143 / 225 S4a,İRM 143,225 S4a,8496.00,9337.00
USD,IRM,13,37,50,70-110,İRM 142 / 225 S4a,İRM 142,225 S4a,8251.00,9070.00
USD,IRM,13,37,50,39-78,İRM 123 / 225 S4a,İRM 123,225 S4a,5709.00,6277.00
USD,IRM,13,37,50,80-426,İRM 122 / 225 S4a,İRM 122,225 S4a,5626.00,6187.00
USD,IRM,13,37,50,89-619,İRM 102 / 225 S4a,İRM 102,225 S4a,4690.00,5156.00
USD,IRM,14,45,,18-59,İRM 153 / 225 M4c,İRM 153,225 M4c,11446.00,12586.00
USD,IRM,14,45,60,49-97,İRM 152 / 225 M4c,İRM 152,225 M4c,10916.00,12001.00
USD,IRM,14,45,60,25-69,İRM 143 / 225 M4c,İRM 143,225 M4c,8609.00,9465.00
USD,IRM,14,45,60,69-109,İRM 142 / 225 M4c,İRM 142,225 M4c,8408.00,9244.00
USD,IRM,14,45,60,43-78,İRM 123 / 225 M4c,İRM 123,225 M4c,5813.00,6392.00
USD,IRM,14,45,60,80-426,İRM 122 / 225 M4c,İRM 122,225 M4c,5732.00,6303.00
USD,IRM,14,45,60,100-618,İRM 102 / 225 M4c,İRM 102,225 M4c,4805.00,5283.00
USD,IRM,14,55,60,23-59,İRM 153 /C 225 M4c(*C),İRM 153,C 225 M4c(*C),12887.00,14207.00
USD,IRM,14,55,75,49-130,İRM 152 /C 225 M4c(*C),İRM 152,C 225 M4c(*C),12097.00,13339.00
USD,IRM,14,55,75,31-69,İRM 143 /C 225 M4c(*C),İRM 143,C 225 M4c(*C),10042.00,11074.00
USD,IRM,14,55,75,69-244,İRM 142 /C 225 M4c(*C),İRM 142,C 225 M4c(*C),9804.00,10813.00
USD,IRM,14,55,75,80-426,İRM 122 /C 225 M4c(*C),İRM 122,C 225 M4c(*C),7116.00,7855.00
USD,IRM,14,55,75,132-618,İRM 102/C 225 M4c(*C),İRM 102,C 225 M4c(*C),6176.00,6655.00
USD,IRM,14,55,75,23-59,İRM 153 / 250 M4c,İRM 153,250 M4c,13204.00,14525.00
USD,IRM,14,55,75,49-130,İRM 152 / 250 M4c,İRM 152,250 M4c,12414.00,13656.00
USD,IRM,14,55,75,31-69,İRM 143 / 250 M4c,İRM 143,250 M4c,10310.00,11343.00
USD,IRM,14,55,75,69-244,İRM 142 / 250 M4c,İRM 142,250 M4c,10073.00,11081.00
USD,IRM,14,55,75,80-202,İRPM 122 / 250 M4c(*P),İRPM 122,250 M4c(*P),7929.00,8724.00
USD,IRM,14,55,75,223-426,İRM 122 / 250 M4c,İRM 122,250 M4c,7384.00,8124.00
USD,IRM,14,75,75,31-59,İRM 153 / 280 S4,İRM 153,280 S4,15304.00,16656.00
USD,IRM,14,75,100,73-171,İRM 152 / 280 S4,İRM 152,280 S4,14794.00,16123.00
USD,IRM,14,75,100,50-69,İRM 143 / 280 S4,İRM 143,280 S4,12204.00,12809.00
USD,IRM,14,75,100,96-292,İRM 142 / 280 S4,İRM 142,280 S4,11922.00,12513.00
USD,IRM,14,90,100,39-59,İRM 153 / 280 M4,İRM 153,280 M4,15848.00,17287.00
USD,IRM,14,90,120,73-233,İRM 152 / 280 M4,İRM 152,280 M4,15244.00,16628.00
USD,IRM,14,90,120,96-292,İRM 142 / 280 M4,İRM 142,280 M4,12457.00,13717.00
USD,IRM,14,110,120,50-59,İRM 153 / 315 S4,İRM 153,315 S4,19509.00,21479.00
USD,IRM,14,110,150,81-233,İRM 152 / 315 S4,İRM 152,315 S4,18889.00,20802.00
USD,IRM,14,132,150,59,İRM 153 / 315 M4a,İRM 153,315 M4a,20915.00,23028.00
USD,IRM,14,132,180,124-233,İRM 152 / 315 M4a,İRM 152,315 M4a,20303.00,22358.00
USD,IRM,14,160,220,124-233,İRM 152 / 315 M4b,İRM 152,315 M4b,21946.00,24140.00
USD,IRKM,21,0.12,,"0,17-1,2",İRKPM 103 İR 63 / 63 M4a(*P),İRKPM 103 İR 63,63 M4a(*P),3403.00,3534.00
USD,IRKM,21,0.12,0.16,"0,27-0,63",İRKPM 93 İR 63 / 63 M4a(*P),İRKPM 93 İR 63,63 M4a(*P),2338.00,2400.00
USD,IRKM,21,0.12,0.16,"0,48-1,1",İRKPM 83 İR 53 / 63 M4a(*P),İRKPM 83 İR 53,63 M4a(*P),1828.00,1865.00
USD,IRKM,21,0.12,0.16,"1,3-2,2",İRKPM 83 İR 52 / 63 M4a(*P),İRKPM 83 İR 52,63 M4a(*P),1817.00,1855.00
USD,IRKM,21,0.12,0.16,"1,0-2,0",İRKPM 73 İR 53 / 63 M4a(*P),İRKPM 73 İR 53,63 M4a(*P),1235.00,1264.00
USD,IRKM,21,0.12,0.16,"2,3-6,8",İRKPM 73 İR 52 / 63 M4a(*P),İRKPM 73 İR 52,63 M4a(*P),1224.00,1252.00
USD,IRKM,21,0.12,0.16,"3,6-4,6",İRKPM 74 / 63 M4a(*P),İRKPM 74,63 M4a(*P),1077.00,1105.00
USD,IRKM,21,0.12,0.16,"2,4-10",İRKPM 63 İR 52 / 63M4a(*P),İRKPM 63 İR 52,63M4a(*P),852.00,878.00
USD,IRKM,21,0.12,0.16,10-17,İRKPM 63 / 63 M4a(*P),İRKPM 63,63 M4a(*P),647.00,671.00
USD,IRKM,21,0.12,0.16,18-47,İRKPM 53 / 63 M4a(*P),İRKPM 53,63 M4a(*P),517.00,541.00
USD,IRKM,21,0.12,0.16,18-47,İRKPM 43 / 63 M4a(*P),İRKPM 43,63 M4a(*P),506.00,529.00
USD,IRKM,21,0.18,0.16,"0,32-1,2",İRKPM 103 İR 63 / 63 M4b(*P),İRKPM 103 İR 63,63 M4b(*P),3407.00,3537.00
USD,IRKM,21,0.18,0.25,"0,93-1,1",İRKPM 93 İR 63 / 63 M4b(*P),İRKPM 93 İR 63,63 M4b(*P),2343.00,2406.00
USD,IRKM,21,0.18,0.25,"0,43-0,63",İRKPM 83 İR 53 / 63 M4b(*P),İRKPM 83 İR 53,63 M4b(*P),1841.00,1878.00
USD,IRKM,21,0.18,0.25,"1,3-3,7",İRKPM 83 İR 52 / 63 M4b(*P),İRKPM 83 İR 52,63 M4b(*P),1831.00,1869.00
USD,IRKM,21,0.18,0.25,"1,5-2,2",İRKM 84 / 71 M6a,İRKM 84,71 M6a,1663.00,1700.00
USD,IRKM,21,0.18,0.25,"1,5-2,0",İRKPM 73 İR 53 / 63 M4b(*P),İRKPM 73 İR 53,63 M4b(*P),1239.00,1267.00
USD,IRKM,21,0.18,0.25,"2,3-6,8",İRKPM 73 İR 52 / 63 M4b(*P),İRKPM 73 İR 52,63 M4b(*P),1227.00,1255.00
USD,IRKM,21,0.18,0.25,"2,3-3,0",İRKM 74 / 71 M6a,İRKM 74,71 M6a,1141.00,1170.00
USD,IRKM,21,0.18,0.25,"3,6-7,2",İRKPM 74 / 63 M4b(*P),İRKPM 74,63 M4b(*P),1111.00,1139.00
USD,IRKM,21,0.18,0.25,"6,7-7,2",İRKPM 73 / 71 M6a(*P),İRKPM 73,71 M6a(*P),977.00,1006.00
USD,IRKM,21,0.18,0.25,"7,7",İRKM 73 / 71 M6a,İRKM 73,71 M6a,931.00,959.00
USD,IRKM,21,0.18,0.25,"3,0-10",İRKPM 63 İR 52 / 63 M4b(*P),İRKPM 63 İR 52,63 M4b(*P),866.00,892.00
USD,IRKM,21,0.18,0.25,"6,8-11",İRKPM 63 / 71 M6a(*P),İRKPM 63,71 M6a(*P),678.00,704.00
USD,IRKM,21,0.18,0.25,"7,8-14",İRKM 63 / 71 M6a,İRKM 63,71 M6a,647.00,673.00
USD,IRKM,21,0.18,0.25,11-28,İRKPM 63 / 63 M4b(*P),İRKPM 63,63 M4b(*P),657.00,683.00
USD,IRKM,21,0.18,0.25,12-14,İRKPM 53 / 71 M6a(*P),İRKPM 53,71 M6a(*P),577.00,601.00
USD,IRKM,21,0.18,0.25,16-21,İRKM 53 / 71 M6a,İRKM 53,71 M6a,547.00,572.00
USD,IRKM,21,0.18,0.25,18-63,İRKPM 52 / 63 M4b(*P),İRKPM 52,63 M4b(*P),539.00,563.00
USD,IRKM,21,0.18,0.25,12-14,İRKPM 43 / 71 M6a(*P),İRKPM 43,71 M6a(*P),567.00,592.00
USD,IRKM,21,0.18,0.25,16-21,İRKM 43 / 71 M6a,İRKM 43,71 M6a,537.00,562.00
USD,IRKM,21,0.18,0.25,18-63,İRKPM 43 / 63 M4b(*P),İRKPM 43,63 M4b(*P),510.00,534.00
USD,IRKM,21,0.25,0.25,"0,14-0,97",İRKM 143 İR 73 / 71 M4a,İRKM 143 İR 73,71 M4a,6817.00,7136.00
USD,IRKM,21,0.25,0.34,"0,18-1,3",İRKM 123 İR 73 / 71 M4a,İRKM 123 İR 73,71 M4a,4561.00,4750.00
USD,IRKM,21,0.25,0.34,"0,40-2,5",İRKM 103 İR 63 / 71 M4a,İRKM 103 İR 63,71 M4a,3382.00,3513.00
USD,IRKM,21,0.25,0.34,"0,70-3,3",İRKM 93 İR 63 / 71 M4a,İRKM 93 İR 63,71 M4a,2376.00,2439.00
USD,IRKM,21,0.25,0.34,"1,8-2,6",İRKM 94 / 71 M6b,İRKM 94,71 M6b,2167.00,2229.00
USD,IRKM,21,0.25,0.34,"1,1",İRKM 83 İR 53 / 71 M4a,İRKM 83 İR 53,71 M4a,1856.00,1893.00
USD,IRKM,21,0.25,0.34,"1,3-7,7",İRKM 83 İR 52 / 71 M4a,İRKM 83 İR 52,71 M4a,1845.00,1883.00
USD,IRKM,21,0.25,0.34,"1,5-2,2",İRKM 84 / 71 M6b,İRKM 84,71 M6b,1675.00,1712.00
USD,IRKM,21,0.25,0.34,"2,3-4,3",İRKM 84 / 71 M4a,İRKM 84,71 M4a,1653.00,1690.00
USD,IRKM,21,0.25,0.34,"3,8-6,3",İRKM 83 / 71 M6b,İRKM 83,71 M6b,1426.00,1463.00
USD,IRKM,21,0.25,0.34,"2,0",İRKM 73 İR 53 / 71 M4a,İRKM 73 İR 53,71 M4a,1259.00,1287.00
USD,IRKM,21,0.25,0.34,"2,3-11",İRKM 73 İR 52 / 71 M4a,İRKM 73 İR 52,71 M4a,1247.00,1275.00
USD,IRKM,21,0.25,0.34,"2,3-3,0",İRKM 74 / 71 M6b,İRKM 74,71 M6b,1153.00,1181.00
USD,IRKM,21,0.25,0.34,"3,6-8,6",İRKM 74 / 71 M4a,İRKM 74,71 M4a,1132.00,1160.00
USD,IRKM,21,0.25,0.34,"6,7-7,2",İRKPM 73 / 71 M6b(*P),İRKPM 73,71 M6b(*P),989.00,1017.00
USD,IRKM,21,0.25,0.34,"7,7",İRKM 73 / 71 M6b,İRKM 73,71 M6b,942.00,970.00
USD,IRKM,21,0.25,0.34,10-11,İRKPM 73 / 71 M4a(*P),İRKPM 73,71 M4a(*P),972.00,1000.00
USD,IRKM,21,0.25,0.34,12-15,İRKM 73 / 71 M4a,İRKM 73,71 M4a,926.00,955.00
USD,IRKM,22,0.25,,"4,1-10",İRKM 63 İR 52 / 71 M4a,İRKM 63 İR 52,71 M4a,888.00,913.00
USD,IRKM,22,0.25,0.34,"6,8-11",İRKPM 63 / 71 M6b(*P),İRKPM 63,71 M6b(*P),688.00,713.00
USD,IRKM,22,0.25,0.34,"7,8-14",İRKM 63 / 71 M6b,İRKM 63,71 M6b,655.00,681.00
USD,IRKM,22,0.25,0.34,11-28,İRKPM 63 / 71 M4a(*P),İRKPM 63,71 M4a(*P),666.00,691.00
USD,IRKM,22,0.25,0.34,12-31,İRKM 63 / 71 M4a,İRKM 63,71 M4a,634.00,660.00
USD,IRKM,22,0.25,0.34,12-14,İRKPM 53 / 71 M6b(*P),İRKPM 53,71 M6b(*P),580.00,603.00
USD,IRKM,22,0.25,0.34,16-21,İRKM 53 / 71 M6b,İRKM 53,71 M6b,552.00,576.00
USD,IRKM,22,0.25,0.34,18-21,İRKPM 53 / 71 M4a(*P),İRKPM 53,71 M4a(*P),561.00,586.00
USD,IRKM,22,0.25,0.34,24-89,İRKM 53 / 71 M4a,İRKM 53,71 M4a,532.00,556.00
USD,IRKM,22,0.25,0.34,98-114,İRKPM 52 / 71 M4a(*P),İRKPM 52,71 M4a(*P),548.00,572.00
USD,IRKM,22,0.25,0.34,131-324,İRKM 52 / 71 M4a,İRKM 52,71 M4a,520.00,543.00
USD,IRKM,22,0.25,0.34,12-14,İRKPM 43 / 71 M6b(*P),İRKPM 43,71 M6b(*P),573.00,596.00
USD,IRKM,22,0.25,0.34,16-21,İRKM 43 / 71 M6b,İRKM 43,71 M6b,543.00,567.00
USD,IRKM,22,0.25,0.34,18-21,İRKPM 43 / 71 M4a(*P),İRKPM 43,71 M4a(*P),549.00,574.00
USD,IRKM,22,0.25,0.34,24-89,İRKM 43 / 71 M4a,İRKM 43,71 M4a,521.00,545.00
USD,IRKM,22,0.25,0.34,98-114,İRKPM 42 / 71 M4a(*P),İRKPM 42,71 M4a(*P),541.00,564.00
USD,IRKM,22,0.25,0.34,131-324,İRKM 42 / 71 M4a,İRKM 42,71 M4a,513.00,536.00
USD,IRKM,22,0.37,0.34,"0,18-0,97",İRKM 143 İR 73 / 71 M4b,İRKM 143 İR 73,71 M4b,6835.00,7155.00
USD,IRKM,22,0.37,0.50,"0,31-1,3",İRKM 123 İR 73 / 71 M4b,İRKM 123 İR 73,71 M4b,4570.00,4759.00
USD,IRKM,22,0.37,0.50,"0,62-2,5",İRKM 103 İR 63 / 71 M4b,İRKM 103 İR 63,71 M4b,3392.00,3522.00
USD,IRKM,22,0.37,0.50,"3,9-5,0",İRKM 93 İR 62 / 71 M4b,İRKM 93 İR 62,71 M4b,2386.00,2449.00
USD,IRKM,22,0.37,0.50,"1,8-3,3",İRKM 94 / 80 M6a,İRKM 94,80 M6a,2200.00,2262.00
USD,IRKM,22,0.37,0.50,"2,8-3,4",İRKM 94 / 71 M4b,İRKM 94,71 M4b,2174.00,2237.00
USD,IRKM,22,0.37,0.50,"5,0-7,5",İRKM 93 / 80 M6a,İRKM 93,80 M6a,1868.00,1930.00
USD,IRKM,22,0.37,0.50,"1,5-9,4",İRKM 83 İR 52 / 71 M4b,İRKM 83 İR 52,71 M4b,1879.00,1917.00
USD,IRKM,22,0.37,0.50,"2,0-2,2",İRKM 84 / 80 M6a,İRKM 84,80 M6a,1691.00,1729.00
USD,IRKM,22,0.37,0.50,"2,3-5,4",İRKM 84 / 71 M4b,İRKM 84,71 M4b,1662.00,1700.00
USD,IRKM,22,0.37,0.50,"3,8-8,0",İRKM 83 / 80 M6a,İRKM 83,80 M6a,1433.00,1470.00
USD,IRKM,22,0.37,0.50,"8,4-9,8",İRKM 83 / 71 M4b,İRKM 83,71 M4b,1409.00,1447.00
USD,IRKM,22,0.37,0.50,"3,3-11",İRKM 73 İR 52 / 71 M4b,İRKM 73 İR 52,71 M4b,1286.00,1314.00
USD,IRKM,22,0.37,0.50,"3,6-12",İRKM 74 / 71 M4b,İRKM 74,71 M4b,1141.00,1170.00
USD,IRKM,22,0.37,0.50,"6,7-7,2",İRKPM 73 / 80 M6a(*P),İRKPM 73,80 M6a(*P),1037.00,1065.00
USD,IRKM,22,0.37,0.50,"7,7",İRKM 73 / 80 M6a,İRKM 73,80 M6a,987.00,1016.00
USD,IRKM,22,0.37,0.50,10-11,İRKPM 73 / 71 M4b(*P),İRKPM 73,71 M4b(*P),1016.00,1044.00
USD,IRKM,22,0.37,0.50,12-19,İRKM 73 / 71 M4b,İRKM 73,71 M4b,968.00,996.00
USD,IRKM,22,0.37,0.50,"7,0-10",İRKM 63 İR 52 / 71 M4b,İRKM 63 İR 52,71 M4b,902.00,928.00
USD,IRKM,22,0.37,0.50,11,İRKPM 63 / 80 M6a(*P),İRKPM 63,80 M6a(*P),704.00,730.00
USD,IRKM,22,0.37,0.50,"8,6-14",İRKM 63 / 80 M6a,İRKM 63,80 M6a,670.00,696.00
USD,IRKM,22,0.37,0.50,11-28,İRKPM 63/ 71 M4b(*P),İRKPM 63,71 M4b(*P),674.00,700.00
USD,IRKM,22,0.37,0.50,12-62,İRKM 63 / 71 M4b,İRKM 63,71 M4b,642.00,668.00
USD,IRKM,22,0.37,0.50,12-14,İRKPM 53 / 80 M6a(*P),İRKPM 53,80 M6a(*P),604.00,628.00
USD,IRKM,22,0.37,0.50,16-21,İRKM 53 / 80 M6a,İRKM 53,80 M6a,573.00,597.00
USD,IRKM,22,0.37,0.50,18-21,İRKPM 53/ 71 M4b(*P),İRKPM 53,71 M4b(*P),573.00,596.00
USD,IRKM,22,0.37,0.50,24-89,İRKM 53 / 71 M4b,İRKM 53,71 M4b,543.00,567.00
USD,IRKM,22,0.37,0.50,98-114,İRKPM 52/ 71 M4b(*P),İRKPM 52,71 M4b(*P),567.00,590.00
USD,IRKM,22,0.37,0.50,131-324,İRKM 52 / 71 M4b,İRKM 52,71 M4b,533.00,556.00
USD,IRKM,22,0.37,0.50,12-14,İRKPM 43 / 80 M6a(*P),İRKPM 43,80 M6a(*P),580.00,603.00
USD,IRKM,22,0.37,0.50,16-21,İRKM 43 / 80 M6a,İRKM 43,80 M6a,549.00,574.00
USD,IRKM,22,0.37,0.50,18-21,İRKPM 43 / 71 M4b(*P),İRKPM 43,71 M4b(*P),560.00,584.00
USD,IRKM,22,0.37,0.50,24-89,İRKM 43 / 71 M4b,İRKM 43,71 M4b,532.00,555.00
USD,IRKM,22,0.37,0.50,98-114,İRKPM 42/ 71 M4b(*P),İRKPM 42,71 M4b(*P),555.00,580.00
USD,IRKM,22,0.37,0.50,131-324,İRKM 42 / 71 M4b,İRKM 42,71 M4b,520.00,543.00
USD,IRKM,23,0.55,,"0,20-0,55",İRKPM 153 İR 93 / 80 M4a(*P),İRKPM 153 İR 93,80 M4a(*P),9804.00,10229.00
USD,IRKM,23,0.55,0.75,"0,25-0,97",İRKM 143 İR 73 / 80 M4a,İRKM 143 İR 73,80 M4a,6860.00,7180.00
USD,IRKM,23,0.55,0.75,"1,1-1,6",İRKM 143 İR 72 / 80 M4a,İRKM 143 İR 72,80 M4a,6838.00,7157.00
USD,IRKM,23,0.55,0.75,"0,43-1,3",İRKM 123 İR 73 / 80 M4a,İRKM 123 İR 73,80 M4a,4650.00,4840.00
USD,IRKM,23,0.55,0.75,"0,71-2,6",İRKM 123 İR 72 / 80 M4a,İRKM 123 İR 72,80 M4a,4631.00,4822.00
USD,IRKM,23,0.55,0.75,"0,92-2,8",İRKM 103 İR 63 / 80 M4a,İRKM 103 İR 63,80 M4a,3400.00,3530.00
USD,IRKM,23,0.55,0.75,"2,9-6,6",İRKM 103 İR 62 / 80 M4a,İRKM 103 İR 62,80 M4a,3388.00,3520.00
USD,IRKM,23,0.55,0.75,"1,46-2,0",İRKM 104 / 80 M6b,İRKM 104,80 M6b,3064.00,3195.00
USD,IRKM,23,0.55,0.75,"1,4-3,3",İRKM 93 İR 63 / 80 M4a,İRKM 93 İR 63,80 M4a,2409.00,2472.00
USD,IRKM,23,0.55,0.75,"3,9-7,5",İRKM 93 İR 62 / 80 M4a,İRKM 93 İR 62,80 M4a,2396.00,2460.00
USD,IRKM,23,0.55,0.75,"1,8-3,3",İRKM 94 / 80 M6b,İRKM 94,80 M6b,2218.00,2280.00
USD,IRKM,23,0.55,0.75,"2,8-5,8",İRKM 94 / 80 M4a,İRKM 94,80 M4a,2197.00,2259.00
USD,IRKM,23,0.55,0.75,"5,0-7,5",İRKM 93 / 80 M6b,İRKM 93,80 M6b,1913.00,1976.00
USD,IRKM,23,0.55,0.75,"1,9-9,4",İRKM 83 İR 52 / 80 M4a,İRKM 83 İR 52,80 M4a,1899.00,1937.00
USD,IRKM,23,0.55,0.75,"3,1-5,4",İRKM 84 / 80 M4a,İRKM 84,80 M4a,1687.00,1724.00
USD,IRKM,23,0.55,0.75,"3,8-8,0",İRKM 83 / 80 M6b,İRKM 83,80 M6b,1449.00,1487.00
USD,IRKM,23,0.55,0.75,"5,9-13",İRKM 83 / 80 M4a,İRKM 83,80 M4a,1429.00,1467.00
USD,IRKM,23,0.55,0.75,"5,3-11",İRKM 73 İR 52 / 80 M4a,İRKM 73 İR 52,80 M4a,1313.00,1341.00
USD,IRKM,23,0.55,0.75,"4,6-12",İRKM 74 / 80 M4a,İRKM 74,80 M4a,1171.00,1199.00
USD,IRKM,23,0.55,0.75,10-11,İRKPM 73 / 80 M4a(*P),İRKPM 73,80 M4a(*P),1034.00,1063.00
USD,IRKM,23,0.55,0.75,12-27,İRKM 73 / 80 M4a,İRKM 73,80 M4a,990.00,1018.00
USD,IRKM,23,0.55,0.75,13-14,İRKM 63 / 80 M6b,İRKM 63,80 M6b,686.00,711.00
USD,IRKM,23,0.55,0.75,12-195,İRKM 63 / 80 M4a,İRKM 63,80 M4a,664.00,690.00
USD,IRKM,23,0.55,0.75,18-21,İRKPM 53/ 80 M4a(*P),İRKPM 53,80 M4a(*P),604.00,628.00
USD,IRKM,23,0.55,0.75,24-89,İRKM 53 / 80 M4a,İRKM 53,80 M4a,567.00,592.00
USD,IRKM,23,0.55,0.75,98-114,İRKPM 52 / 80 M4a(*P),İRKPM 52,80 M4a(*P),586.00,609.00
USD,IRKM,23,0.55,0.75,131-324,İRKM 52 / 80 M4a,İRKM 52,80 M4a,555.00,579.00
USD,IRKM,23,0.55,0.75,18-21,İRKPM 43/ 80 M4a(*P),İRKPM 43,80 M4a(*P),580.00,603.00
USD,IRKM,23,0.55,0.75,28-89,İRKM 43 / 80 M4a,İRKM 43,80 M4a,549.00,573.00
USD,IRKM,23,0.55,0.75,98-114,İRKPM 42 / 80 M4a(*P),İRKPM 42,80 M4a(*P),566.00,590.00
USD,IRKM,23,0.55,0.75,131-324,İRKM 42 / 80 M4a,İRKM 42,80 M4a,535.00,559.00
USD,IRKM,23,0.75,0.75,"0,31-0,66",İRKPM 153 İR 93 / 80 M4b(*P),İRKPM 153 İR 93,80 M4b(*P),9860.00,10286.00
USD,IRKM,23,0.75,1,"0,35-0,97",İRKM 143 İR 73 / 80 M4b,İRKM 143 İR 73,80 M4b,6917.00,7236.00
USD,IRKM,23,0.75,1,"1,1-1,8",İRKM 143 İR 72 / 80 M4b,İRKM 143 İR 72,80 M4b,6893.00,7213.00
USD,IRKM,23,0.75,1,"1,2-1,4",İRKPM 144 / 90 S6a(*P),İRKPM 144,90 S6a(*P),6868.00,7188.00
USD,IRKM,23,0.75,1,"0,63-1,3",İRKM 123 İR 73 / 80 M4b,İRKM 123 İR 73,80 M4b,4708.00,4898.00
USD,IRKM,23,0.75,1,"0,71-3,1",İRKM 123 İR 72 / 80 M4b,İRKM 123 İR 72,80 M4b,4690.00,4880.00
USD,IRKM,23,0.75,1,"2,0-2,7",İRKM 124 / 90 S6a,İRKM 124,90 S6a,4391.00,4582.00
USD,IRKM,23,0.75,1,"1,1-2,8",İRKM 103 İR 63 / 80 M4b,İRKM 103 İR 63,80 M4b,3457.00,3588.00
USD,IRKM,23,0.75,1,"2,9-6,6",İRKM 103 İR 62 / 80 M4b,İRKM 103 İR 62,80 M4b,3440.00,3570.00
USD,IRKM,23,0.75,1,"1,5-2,0",İRKM 104 / 90 S6a,İRKM 104,90 S6a,3120.00,3252.00
USD,IRKM,23,0.75,1,"2,3-5,5",İRKM 104 / 80 M4b,İRKM 104,80 M4b,3094.00,3225.00
USD,IRKM,23,0.75,1,"2,5-3,3",İRKM 93 İR 63 / 80 M4b,İRKM 93 İR 63,80 M4b,2454.00,2516.00
USD,IRKM,23,0.75,1,"3,9-7,5",İRKM 93 İR 62 / 80 M4b,İRKM 93 İR 62,80 M4b,2441.00,2503.00
USD,IRKM,23,0.75,1,"2,2-3,3",İRKM 94 / 90 S6a,İRKM 94,90 S6a,2264.00,2327.00
USD,IRKM,23,0.75,1,"2,8-7,2",İRKM 94 / 80 M4b,İRKM 94,80 M4b,2249.00,2312.00
USD,IRKM,23,0.75,1,"5,0-7,5",İRKM 93 / 90 S6a,İRKM 93,90 S6a,1965.00,2027.00
USD,IRKM,23,0.75,1,"7,8-10",İRKM 93 / 80 M4b,İRKM 93,80 M4b,1897.00,1959.00
USD,IRKM,23,0.75,1,"2,7-7,7",İRKM 83 İR 52 / 80 M4b,İRKM 83 İR 52,80 M4b,1945.00,1983.00
USD,IRKM,23,0.75,1,"3,7-5,4",İRKM 84 / 80 M4b,İRKM 84,80 M4b,1739.00,1777.00
USD,IRKM,23,0.75,1,"4,4-8,0",İRKM 83 / 90 S6a,İRKM 83,90 S6a,1499.00,1536.00
USD,IRKM,23,0.75,1,"5,9-17",İRKM 83 / 80 M4b,İRKM 83,80 M4b,1480.00,1517.00
USD,IRKM,23,0.75,1,"6,7-12",İRKM 74 / 80 M4b,İRKM 74,80 M4b,1222.00,1251.00
USD,IRKM,23,0.75,1,12-33,İRKM 73 / 80 M4b,İRKM 73,80 M4b,1040.00,1069.00
USD,IRKM,24,0.75,,19-195,İRKM 63 / 80 M4b,İRKM 63,80 M4b,716.00,742.00
USD,IRKM,24,0.75,1,24-89,İRKM 53 / 80 M4b,İRKM 53,80 M4b,619.00,643.00
USD,IRKM,24,0.75,1,98-114,İRKPM 52 / 80 M4b(*P),İRKPM 52,80 M4b(*P),640.00,663.00
USD,IRKM,24,0.75,1,28-89,İRKM 43 / 80 M4b,İRKM 43,80 M4b,601.00,624.00
USD,IRKM,24,0.75,1,98-114,İRKPM 42 / 80 M4b(*P),İRKPM 42,80 M4b(*P),620.00,643.00
USD,IRKM,24,0.75,1,131-324,İRKM 42 / 80 M4b,İRKM 42,80 M4b,587.00,610.00
USD,IRKM,24,1.1,1,"0,55-0,94",İRKPM 153 İR 93 / 90 S4a(*P),İRKPM 153 İR 93,90 S4a(*P),9898.00,10324.00
USD,IRKM,24,1.1,1.5,"2,5-3,1",İRKM 143 İR 82 / 90 S4a,İRKM 143 İR 82,90 S4a,7461.00,7779.00
USD,IRKM,24,1.1,1.5,"0,43-0,97",İRKM 143 İR 73 / 90 S4a,İRKM 143 İR 73,90 S4a,6955.00,7274.00
USD,IRKM,24,1.1,1.5,"1,1-3,0",İRKM 143 İR 72 / 90 S4a,İRKM 143 İR 72,90 S4a,6934.00,7254.00
USD,IRKM,24,1.1,1.5,"1,2-1,5",İRKPM 144 / 90 L6b(*P),İRKPM 144,90 L6b(*P),6899.00,7219.00
USD,IRKM,24,1.1,1.5,"1,9",İRKM 144 / 90 S4a,İRKM 144,90 S4a,6582.00,6901.00
USD,IRKM,24,1.1,1.5,"1,0-4,3",İRKM 123 İR 72 / 90 S4a,İRKM 123 İR 72,90 S4a,4743.00,4933.00
USD,IRKM,24,1.1,1.5,"2,0-3,3",İRKPM 124 / 90 L6b(*P),İRKPM 124,90 L6b(*P),4418.00,4609.00
USD,IRKM,24,1.1,1.5,"3,1-3,8",İRKPM 124 / 90 S4a(*P),İRKPM 124,90 S4a(*P),4396.00,4587.00
USD,IRKM,24,1.1,1.5,"1,9-2,8",İRKM 103 İR 63 / 90 S4a,İRKM 103 İR 63,90 S4a,3489.00,3621.00
USD,IRKM,24,1.1,1.5,"2,9-6,6",İRKM 103 İR 62 / 90 S4a,İRKM 103 İR 62,90 S4a,3471.00,3603.00
USD,IRKM,24,1.1,1.5,"2,0",İRKM 104 / 90 L6b,İRKM 104,90 L6b,3155.00,3287.00
USD,IRKM,24,1.1,1.5,"2,3-7,9",İRKM 104 / 90 S4a,İRKM 104,90 S4a,3137.00,3268.00
USD,IRKM,24,1.1,1.5,"5,2-7,2",İRKPM 103 / 90 L6b(*P),İRKPM 103,90 L6b(*P),2949.00,3079.00
USD,IRKM,24,1.1,1.5,"8,1-11",İRKPM 103 / 90 S4a(*P),İRKPM 103,90 S4a(*P),2937.00,3067.00
USD,IRKM,24,1.1,1.5,"3,0-3,3",İRKM 93 İR 63 / 90 S4a,İRKM 93 İR 63,90 S4a,2468.00,2530.00
USD,IRKM,24,1.1,1.5,"3,9-7,5",İRKM 93 İR 62 / 90 S4a,İRKM 93 İR 62,90 S4a,2456.00,2519.00
USD,IRKM,24,1.1,1.5,"3,4-7,2",İRKM 94 / 90 S4a,İRKM 94,90 S4a,2281.00,2343.00
USD,IRKM,24,1.1,1.5,"5,0-7,5",İRKM 93 / 90 L6b,İRKM 93,90 L6b,1997.00,2059.00
USD,IRKM,24,1.1,1.5,"7,8-17",İRKM 93 / 90 S4a,İRKM 93,90 S4a,1922.00,1985.00
USD,IRKM,24,1.1,1.5,"6,3-8,0",İRKM 83 / 90 L6b,İRKM 83,90 L6b,1533.00,1570.00
USD,IRKM,24,1.1,1.5,"5,9-30",İRKM 83 / 90 S4a,İRKM 83,90 S4a,1514.00,1551.00
USD,IRKM,24,1.1,1.5,"8,6-12",İRKM 74 / 90 S4a,İRKM 74,90 S4a,1309.00,1338.00
USD,IRKM,24,1.1,1.5,15-64,İRKM 73 / 90 S4a,İRKM 73,90 S4a,1077.00,1105.00
USD,IRKM,24,1.1,1.5,28-276,İRKM 63 / 90 S4a,İRKM 63,90 S4a,751.00,777.00
USD,IRKM,24,1.1,1.5,32-49,İRKPM 53 / 90 S4a(*P),İRKPM 53,90 S4a(*P),682.00,705.00
USD,IRKM,24,1.1,1.5,42-89,İRKM 53 / 90 S4a,İRKM 53,90 S4a,647.00,670.00
USD,IRKM,24,1.1,1.5,98-150,İRKPM 52 / 90 S4a(*P),İRKPM 52,90 S4a(*P),669.00,693.00
USD,IRKM,24,1.1,1.5,170-324,İRKM 52 / 90 S4a,İRKM 52,90 S4a,634.00,658.00
USD,IRKM,24,1.1,1.5,32-49,İRKPM 43 / 90 S4a(*P),İRKPM 43,90 S4a(*P),671.00,695.00
USD,IRKM,24,1.1,1.5,42-89,İRKM 43 / 90 S4a,İRKM 43,90 S4a,636.00,660.00
USD,IRKM,24,1.1,1.5,98-150,İRKPM 42 / 90 S4a(*P),İRKPM 42,90 S4a(*P),653.00,677.00
USD,IRKM,24,1.1,1.5,170-324,İRKM 42 / 90 S4a,İRKM 42,90 S4a,620.00,643.00
USD,IRKM,24,1.5,1.5,"0,55-1,7",İRKPM 153 İR 93 / 90 L4a(*P),İRKPM 153 İR 93,90 L4a(*P),9932.00,10357.00
USD,IRKM,24,1.5,2,"1,8",İRKPM 153 İR 92 / 90 L4a(*P),İRKPM 153 İR 92,90 L4a(*P),9840.00,10265.00
USD,IRKM,24,1.5,2,"2,5-3,9",İRKM 143 İR 82 / 90 L4a,İRKM 143 İR 82,90 L4a,7469.00,7788.00
USD,IRKM,24,1.5,2,"1,1-4,9",İRKM 143 İR 72 / 90 L4a,İRKM 143 İR 72,90 L4a,6965.00,7284.00
USD,IRKM,24,1.5,2,"1,2-1,5",İRKPM 144 / 100 L6a(*P),İRKPM 144,100 L6a(*P),6620.00,6940.00
USD,IRKM,24,1.5,2,"1,9-3,2",İRKPM 144 / 90 L4a(*P),İRKPM 144,90 L4a(*P),6598.00,6918.00
USD,IRKM,24,1.5,2,"1,3-6,1",İRKM 123 İR 72 / 90 L4a,İRKM 123 İR 72,90 L4a,4775.00,4964.00
USD,IRKM,24,1.5,2,"2,0-3,3",İRKPM 124 / 100 L6a(*P),İRKPM 124,100 L6a(*P),4481.00,4670.00
USD,IRKM,24,1.5,2,"3,1-5,1",İRKPM 124 / 90 L4a(*P),İRKPM 124,90 L4a(*P),4434.00,4624.00
USD,IRKM,24,1.5,2,"2,8",İRKM 103 İR 63 / 90 L4a,İRKM 103 İR 63,90 L4a,3504.00,3636.00
USD,IRKM,24,1.5,2,"2,9-6,6",İRKM 103 İR 62 / 90 L4a,İRKM 103 İR 62,90 L4a,3488.00,3618.00
USD,IRKM,25,1.5,,"2,9-8,7",İRKM 104 / 90 L4a,İRKM 104,90 L4a,3167.00,3298.00
USD,IRKM,25,1.5,2,"5,2-5,6",İRKPM 103 / 100 L6a(*P),İRKPM 103,100 L6a(*P),2979.00,3110.00
USD,IRKM,25,1.5,2,"6,4-7,2",İRKM 103 / 100 L6a,İRKM 103,100 L6a,2851.00,2981.00
USD,IRKM,25,1.5,2,"8,1-11",İRKM 103 / 90 L4a,İRKM 103,90 L4a,2756.00,2887.00
USD,IRKM,25,1.5,2,"5,0-7,5",İRKM 93 İR 62 / 90 L4a,İRKM 93 İR 62,90 L4a,2506.00,2568.00
USD,IRKM,25,1.5,2,"4,6-7,2",İRKM 94 / 90 L4a,İRKM 94,90 L4a,2314.00,2376.00
USD,IRKM,25,1.5,2,"6,7-75",İRKM 93 / 100 L6a,İRKM 93,100 L6a,2071.00,2133.00
USD,IRKM,25,1.5,2,"7,8-21",İRKM 93 / 90 L4a,İRKM 93,90 L4a,1980.00,2043.00
USD,IRKM,25,1.5,2,"8,0",İRKM 83 / 100 L6a,İRKM 83,100 L6a,1576.00,1614.00
USD,IRKM,25,1.5,2,"9,8-41",İRKM 83 / 90 L4a,İRKM 83,90 L4a,1544.00,1582.00
USD,IRKM,25,1.5,2,19-152,İRKM 73 / 90 L4a,İRKM 73,90 L4a,1107.00,1136.00
USD,IRKM,25,1.5,2,41-276,İRKM 63 / 90 L4a,İRKM 63,90 L4a,763.00,789.00
USD,IRKM,25,1.5,2,43-49,İRKPM 53 / 90 L4a(*P),İRKPM 53,90 L4a(*P),713.00,737.00
USD,IRKM,25,1.5,2,42-89,İRKM 53 / 90 L4a,İRKM 53,90 L4a,675.00,698.00
USD,IRKM,25,1.5,2,98-150,İRKPM 52 / 90 L4a(*P),İRKPM 52,90 L4a(*P),702.00,725.00
USD,IRKM,25,1.5,2,170-324,İRKM 52 / 90 L4a,İRKM 52,90 L4a,666.00,689.00
USD,IRKM,25,1.5,2,43-49,İRKPM 43 / 90 L4a(*P),İRKPM 43,90 L4a(*P),700.00,723.00
USD,IRKM,25,1.5,2,42-89,İRKM 43 / 90 L4a,İRKM 43,90 L4a,663.00,687.00
USD,IRKM,25,1.5,2,98-150,İRKPM 42 / 90 L4a(*P),İRKPM 42,90 L4a(*P),684.00,708.00
USD,IRKM,25,1.5,2,170-324,İRKM 42 / 90 L4a,İRKM 42,90 L4a,649.00,673.00
USD,IRKM,25,2.2,2,"0,86-2,4",İRKM 153 İR 93 / 100 L4a,İRKM 153 İR 93,100 L4a,10003.00,10429.00
USD,IRKM,25,2.2,3,"1,8-2,6",İRKM 153 İR 92 / 100 L4a,İRKM 153 İR 92,100 L4a,9910.00,10336.00
USD,IRKM,25,2.2,3,"2,6-3,6",İRKPM 154 / 100 L4a(*P),İRKPM 154,100 L4a(*P),9646.00,10071.00
USD,IRKM,25,2.2,3,"2,5-5,4",İRKM 143 İR 82 / 100 L4a,İRKM 143 İR 82,100 L4a,7525.00,7845.00
USD,IRKM,25,2.2,3,"1,3-5,6",İRKM 143 İR 72 / 100 L4a,İRKM 143 İR 72,100 L4a,7023.00,7343.00
USD,IRKM,25,2.2,3,"1,2-1,5",İRKPM 144 / 112 M6a(*P),İRKPM 144,112 M6a(*P),6736.00,7055.00
USD,IRKM,25,2.2,3,"1,9-5,2",İRKPM 144 / 100 L4a(*P),İRKPM 144,100 L4a(*P),6632.00,6952.00
USD,IRKM,25,2.2,3,"2,1-12",İRKM 123 İR 72 / 100 L4a,İRKM 123 İR 72,100 L4a,4820.00,5011.00
USD,IRKM,25,2.2,3,"2,0-3,3",İRKPM 124 / 112 M6a(*P),İRKPM 124,112 M6a(*P),4595.00,4785.00
USD,IRKM,25,2.2,3,"3,1-6,9",İRKPM 124 / 100 L4a(*P),İRKPM 124,100 L4a(*P),4503.00,4693.00
USD,IRKM,25,2.2,3,"7,0-8,8",İRKPM 123 / 112 M6a(*P),İRKPM 123,112 M6a(*P),4207.00,4397.00
USD,IRKM,25,2.2,3,"3,6-6,6",İRKM 103 İR 62 / 100 L4a,İRKM 103 İR 62,100 L4a,3527.00,3657.00
USD,IRKM,25,2.2,3,"3,9-8,7",İRKM 104 / 100 L4a,İRKM 104,100 L4a,3279.00,3409.00
USD,IRKM,25,2.2,3,"6,4-7,2",İRKM 103 / 112 M6a,İRKM 103,112 M6a,2943.00,3074.00
USD,IRKM,25,2.2,3,"8,1-8,7",İRKPM 103 / 100 L4a(*P),İRKPM 103,100 L4a(*P),2971.00,3101.00
USD,IRKM,25,2.2,3,"9,9-18",İRKM 103 / 100 L4a,İRKM 103,100 L4a,2871.00,3001.00
USD,IRKM,25,2.2,3,"6,4-7,2",İRKM 94 / 100 L4a,İRKM 94,100 L4a,2365.00,2427.00
USD,IRKM,25,2.2,3,10-33,İRKM 93 / 100 L4a,İRKM 93,100 L4a,2093.00,2157.00
USD,IRKM,25,2.2,3,12-63,İRKM 83 / 100 L4a,İRKM 83,100 L4a,1601.00,1638.00
USD,IRKM,25,2.2,3,27-256,İRKM 73 / 100 L4a,İRKM 73,100 L4a,1165.00,1193.00
USD,IRKM,25,2.2,3,45-276,İRKM 63 / 100 L4a,İRKM 63,100 L4a,834.00,859.00
USD,IRKM,25,2.2,3,63,İRKPM 53 / 100 L4a(*P),İRKPM 53,100 L4a(*P),762.00,785.00
USD,IRKM,25,2.2,3,71-89,İRKM 53 / 100 L4a,İRKM 53,100 L4a,722.00,745.00
USD,IRKM,25,2.2,3,98-192,İRKPM 52 / 100 L4a(*P),İRKPM 52,100 L4a(*P),747.00,770.00
USD,IRKM,25,2.2,3,217-324,İRKM 52 / 100 L4a,İRKM 52,100 L4a,717.00,741.00
USD,IRKM,25,2.2,3,63,İRKPM 43 / 100 L4a(*P),İRKPM 43,100 L4a(*P),755.00,778.00
USD,IRKM,25,2.2,3,71-89,İRKM 43 / 100 L4a,İRKM 43,100 L4a,716.00,740.00
USD,IRKM,25,2.2,3,98-192,İRKPM 42 / 100 L4a(*P),İRKPM 42,100 L4a(*P),740.00,763.00
USD,IRKM,25,2.2,3,217-324,İRKM 42 / 100 L4a,İRKM 42,100 L4a,700.00,723.00
USD,IRKM,26,3.0,,"1,0-3,8",İRKM 153 İR 93 / 100 L4b,İRKM 153 İR 93,100 L4b,10114.00,10539.00
USD,IRKM,26,3.0,4,"1,8-4,0",İRKM 153 İR 92 / 100 L4b,İRKM 153 İR 92,100 L4b,10019.00,10444.00
USD,IRKM,26,3.0,4,"2,6-4,5",İRKPM 154 / 100 L4b(*P),İRKPM 154,100 L4b(*P),9698.00,10123.00
USD,IRKM,26,3.0,4,"2,5-8,5",İRKM 143 İR 82 / 100 L4b,İRKM 143 İR 82,100 L4b,7562.00,7880.00
USD,IRKM,26,3.0,4,"1,8-8,2",İRKM 143 İR 72 / 100 L4b,İRKM 143 İR 72,100 L4b,7066.00,7384.00
USD,IRKM,26,3.0,4,"2,1-6,5",İRKPM 144 / 100 L4b(*P),İRKPM 144,100 L4b(*P),6677.00,6996.00
USD,IRKM,26,3.0,4,"5,8",İRKPM 143 / 132 S6b(*P),İRKPM 143,132 S6b(*P),6559.00,6879.00
USD,IRKM,26,3.0,4,"6,6-8,1",İRKM 143 / 132 S6b,İRKM 143,132 S6b,6369.00,6689.00
USD,IRKM,26,3.0,4,"3,1-12",İRKM 123 İR 72 / 100 L4b,İRKM 123 İR 72,100 L4b,4878.00,5068.00
USD,IRKM,26,3.0,4,"2,7-3,3",İRKM 124 / 132 S6b,İRKM 124,132 S6b,4737.00,4927.00
USD,IRKM,26,3.0,4,"3,1-9,8",İRKPM 124 / 100 L4b(*P),İRKPM 124,100 L4b(*P),4549.00,4739.00
USD,IRKM,26,3.0,4,"6,1-7,0",İRKPM 123 / 132 S6b(*P),İRKPM 123,132 S6b(*P),4482.00,4672.00
USD,IRKM,26,3.0,4,"7,9-8,8",İRKM 123 / 132 S6b,İRKM 123,132 S6b,4330.00,4521.00
USD,IRKM,26,3.0,4,"9,6-14",İRKPM 123 / 100 L4b(*P),İRKPM 123,100 L4b(*P),4374.00,4564.00
USD,IRKM,26,3.0,4,"5,4-6,6",İRKM 103 İR 62 / 100 L4b,İRKM 103 İR 62,100 L4b,3584.00,3715.00
USD,IRKM,26,3.0,4,"6,3-8,7",İRKM 104 / 100 L4b,İRKM 104,100 L4b,3329.00,3461.00
USD,IRKM,26,3.0,4,"9,9-31",İRKM 103 / 100 L4b,İRKM 103,100 L4b,2917.00,3047.00
USD,IRKM,26,3.0,4,10-42,İRKM 93 / 100 L4b,İRKM 93,100 L4b,2143.00,2205.00
USD,IRKM,26,3.0,4,15-90,İRKM 83 / 100 L4b,İRKM 83,100 L4b,1647.00,1684.00
USD,IRKM,26,3.0,4,27-256,İRKM 73 / 100 L4b,İRKM 73,100 L4b,1213.00,1241.00
USD,IRKM,26,3.0,4,62-276,İRKM 63 / 100 L4b,İRKM 63,100 L4b,878.00,904.00
USD,IRKM,26,3.0,4,79-89,İRKM 53 / 100 L4b,İRKM 53,100 L4b,775.00,798.00
USD,IRKM,26,3.0,4,114-192,İRKPM 52 / 100 L4b(*P),İRKPM 52,100 L4b(*P),810.00,834.00
USD,IRKM,26,3.0,4,217-324,İRKM 52 / 100 L4b,İRKM 52,100 L4b,768.00,791.00
USD,IRKM,26,3.0,4,79-89,İRKM 43 / 100 L4b,İRKM 43,100 L4b,798.00,823.00
USD,IRKM,26,3.0,4,114-192,İRKPM 42 / 100 L4b(*P),İRKPM 42,100 L4b(*P),783.00,808.00
USD,IRKM,26,3.0,4,217-324,İRKM 42 / 100 L4b,İRKM 42,100 L4b,743.00,767.00
USD,IRKM,26,4.0,4,"1,5-4,6",İRKM 153 İR 93 / 112 M4b,İRKM 153 İR 93,112 M4b,10117.00,10543.00
USD,IRKM,26,4.0,5.5,"1,8-5,7",İRKM 153 İR 92 / 112 M4b,İRKM 153 İR 92,112 M4b,10105.00,10532.00
USD,IRKM,26,4.0,5.5,"2,6-6,0",İRKM 154 / 112 M4b(*P),İRKM 154,112 M4b(*P),9788.00,10214.00
USD,IRKM,26,4.0,5.5,"2,5-10",İRKM 143 İR 82 / 112 M4b,İRKM 143 İR 82,112 M4b,7637.00,7956.00
USD,IRKM,26,4.0,5.5,"2,6-10",İRKM 143 İR 72 / 112 M4b,İRKM 143 İR 72,112 M4b,7143.00,7463.00
USD,IRKM,26,4.0,5.5,"2,8-8,8",İRKPM 144 / 112 M4b(*P),İRKPM 144,112 M4b(*P),6801.00,7121.00
USD,IRKM,26,4.0,5.5,"5,8",İRKPM 143 / 132 M6a(*P),İRKPM 143,132 M6a(*P),6736.00,7055.00
USD,IRKM,26,4.0,5.5,"6,6-8,1",İRKM 143 / 132 M6a,İRKM 143,132 M6a,6539.00,6859.00
USD,IRKM,26,4.0,5.5,"3,5-9,8",İRKPM 124 / 112 M4b(*P),İRKPM 124,112 M4b(*P),4661.00,4851.00
USD,IRKM,26,4.0,5.5,"7,9-8,8",İRKM 123 / 132 M6a,İRKM 123,132 M6a,4383.00,4574.00
USD,IRKM,26,4.0,5.5,"9,6-18",İRKPM 123 / 112 M4b(*P),İRKPM 123,112 M4b(*P),4321.00,4511.00
USD,IRKM,26,4.0,5.5,"6,6",İRKM 103 İR 62 / 112 M4b,İRKM 103 İR 62,112 M4b,3679.00,3810.00
USD,IRKM,26,4.0,5.5,"7,9-8,7",İRKM 104 / 112 M4b,İRKM 104,112 M4b,3433.00,3564.00
USD,IRKM,26,4.0,5.5,"9,9-46",İRKM 103 / 112 M4b,İRKM 103,112 M4b,3007.00,3138.00
USD,IRKM,26,4.0,5.5,13-56,İRKM 93 / 112 M4b,İRKM 93,112 M4b,2232.00,2294.00
USD,IRKM,26,4.0,5.5,23-304,İRKM 83 / 112 M4b,İRKM 83,112 M4b,1737.00,1775.00
USD,IRKM,26,4.0,5.5,40-256,İRKM 73 / 112 M4b,İRKM 73,112 M4b,1300.00,1328.00
USD,IRKM,26,4.0,5.5,210-276,İRKM 63 / 112 M4b,İRKM 63,112 M4b,959.00,985.00
USD,IRKM,27,5.5,,"2,1-4,6",İRKM 153 İR 93 / C112 M4b(*C),İRKM 153 İR 93,C112 M4b(*C),10283.00,10709.00
USD,IRKM,27,5.5,7.5,"2,3-6,9",İRKM 153 İR 92 / C112 M4b(*C),İRKM 153 İR 92,C112 M4b(*C),10194.00,10619.00
USD,IRKM,27,5.5,7.5,"3,5-10",İRKM 143 İR 82 / C112 M4b(*C),İRKM 143 İR 82,C112 M4b(*C),7678.00,7998.00
USD,IRKM,27,5.5,7.5,"3,6-10",İRKM 143 İR 72 / C112 M4b(*C),İRKM 143 İR 72,C112 M4b(*C),7177.00,7999.00
USD,IRKM,27,5.5,7.5,"4,8-12",İRKM 123 İR 72 / C112 M4b(*C),İRKM 123 İR 72,C112 M4b(*C),4869.00,5059.00
USD,IRKM,27,5.5,7.5,"5,1-9,8",İRKM 124 / C112 M4b(*C),İRKM 124,C112 M4b(*C),4740.00,4931.00
USD,IRKM,27,5.5,7.5,15-56,İRKM 103 / C112 M4b(*C),İRKM 103,C112 M4b(*C),3084.00,3214.00
USD,IRKM,27,5.5,7.5,21-101,İRKM 93 / C112 M4b(*C),İRKM 93,C112 M4b(*C),2307.00,2369.00
USD,IRKM,27,5.5,7.5,33-304,İRKM 83 / C112 M4b(*C),İRKM 83,C112 M4b(*C),1815.00,1852.00
USD,IRKM,27,5.5,7.5,80-256,İRKM 73 / C112 M4b(*C),İRKM 73,C112 M4b(*C),1376.00,1405.00
USD,IRKM,27,5.5,7.5,"2,1-4,6",İRKM 153 İR 93 / 132 S4c,İRKM 153 İR 93,132 S4c,10330.00,10756.00
USD,IRKM,27,5.5,7.5,"2,3-6,9",İRKM 153 İR 92 / 132 S4c,İRKM 153 İR 92,132 S4c,10239.00,10665.00
USD,IRKM,27,5.5,7.5,"2,6-9,0",İRKM 154 / 132 S4c,İRKM 154,132 S4c,9919.00,10344.00
USD,IRKM,27,5.5,7.5,"6,4-10",İRKM 153 / 132 M6b,İRKM 153,132 M6b,9368.00,9794.00
USD,IRKM,27,5.5,7.5,"3,5-10",İRKM 143 İR 82 / 132 S4c,İRKM 143 İR 82,132 S4c,7724.00,8043.00
USD,IRKM,27,5.5,7.5,"3,6-10",İRKM 143 İR 72 / 132 S4c,İRKM 143 İR 72,132 S4c,7222.00,7542.00
USD,IRKM,27,5.5,7.5,"3,2-8,8",İRKM 144 / 132 S4c,İRKM 144,132 S4c,6945.00,7264.00
USD,IRKM,27,5.5,7.5,"5,8",İRKPM 143 / 132 M6b(*P),İRKPM 143,132 M6b(*P),6953.00,7273.00
USD,IRKM,27,5.5,7.5,"6,6-8,1",İRKM 143 / 132 M6b,İRKM 143,132 M6b,6653.00,6973.00
USD,IRKM,27,5.5,7.5,"9,1",İRKPM 143 / 132 S4c(*P),İRKPM 143,132 S4c(*P),6938.00,7257.00
USD,IRKM,27,5.5,7.5,10-13,İRKM 143 / 132 S4c,İRKM 143,132 S4c,6639.00,6959.00
USD,IRKM,27,5.5,7.5,"4,8-12",İRKM 123 İR 72 / 132 S4c,İRKM 123 İR 72,132 S4c,4913.00,5104.00
USD,IRKM,27,5.5,7.5,"5,1-9,8",İRKM 124 / 132 S4c,İRKM 124,132 S4c,4786.00,4977.00
USD,IRKM,27,5.5,7.5,"7,9-8,8",İRKM 123 / 132 M6b,İRKM 123,132 M6b,4508.00,4698.00
USD,IRKM,27,5.5,7.5,"9,6-11",İRKPM 123 / 132 S4c(*P),İRKPM 123,132 S4c(*P),4589.00,4779.00
USD,IRKM,27,5.5,7.5,12-20,İRKM 123 / 132 S4c,İRKM 123,132 S4c,4391.00,4582.00
USD,IRKM,27,5.5,7.5,15-56,İRKM 103 / 132 S4c,İRKM 103,132 S4c,3131.00,3261.00
USD,IRKM,27,5.5,7.5,21-101,İRKM 93 / 132 S4c,İRKM 93,132 S4c,2352.00,2415.00
USD,IRKM,27,5.5,7.5,33-304,İRKM 83 / 132 S4c,İRKM 83,132 S4c,1859.00,1897.00
USD,IRKM,27,5.5,7.5,80-256,İRKM 73 / 132 S4c,İRKM 73,132 S4c,1420.00,1448.00
USD,IRKM,27,7.5,7.5,"3,3-7,3",İRKM 153 İR 102 / 132 M4b,İRKM 153 İR 102,132 M4b,10989.00,11414.00
USD,IRKM,27,7.5,10,"2,6-4,5",İRKM 153 İR 93 / 132 M4b,İRKM 153 İR 93,132 M4b,10451.00,10877.00
USD,IRKM,27,7.5,10,"2,9-6,9",İRKM 153 İR 92 / 132 M4b,İRKM 153 İR 92,132 M4b,10360.00,10786.00
USD,IRKM,27,7.5,10,"2,8-11",İRKM 154 / 132 M4b,İRKM 154,132 M4b,10046.00,10471.00
USD,IRKM,27,7.5,10,"6,4-10",İRKM 153 / 160 M6b,İRKM 153,160 M6b,9514.00,9940.00
USD,IRKM,27,7.5,10,"4,4-10",İRKM 143 İR 82 / 132 M4b,İRKM 143 İR 82,132 M4b,7800.00,8120.00
USD,IRKM,27,7.5,10,"5,6-10",İRKM 143 İR 72 / 132 M4b,İRKM 143 İR 72,132 M4b,7300.00,7619.00
USD,IRKM,27,7.5,10,"4,6-8,8",İRKM 144 / 132 M4b,İRKM 144,132 M4b,7060.00,7379.00
USD,IRKM,27,7.5,10,"7,3-8,1",İRKM 143 / 160 M6b,İRKM 143,160 M6b,6982.00,7302.00
USD,IRKM,27,7.5,10,"9,1",İRKPM 143 / 132 M4b(*P),İRKPM 143,132 M4b(*P),6944.00,7263.00
USD,IRKM,27,7.5,10,10-22,İRKM 143 / 132 M4b,İRKM 143,132 M4b,6766.00,7086.00
USD,IRKM,27,7.5,10,"12,5-38",İRKM 123 / 132 M4b,İRKM 123,132 M4b,4498.00,4688.00
USD,IRKM,27,7.5,10,16-69,İRKM 103 / 132 M4b,İRKM 103,132 M4b,3228.00,3360.00
USD,IRKM,27,7.5,10,22-165,İRKM 93 / 132 M4b,İRKM 93,132 M4b,2449.00,2513.00
USD,IRKM,27,7.5,10,41-205,İRKM 83 / 132 M4b,İRKM 83,132 M4b,1955.00,1992.00
USD,IRKM,27,7.5,10,102-256,İRKM 73 / 132 M4b,İRKM 73,132 M4b,1515.00,1544.00
USD,IRKM,28,11,,"3,7-9,2",İRKM 153 İR 102 / C132M4c(*C),İRKM 153 İR 102,C132M4c(*C),11432.00,11857.00
USD,IRKM,28,11,15,"3,8-4,5",İRKM 153 İR 93 / C132M4c(*C),İRKM 153 İR 93,C132M4c(*C),10890.00,11317.00
USD,IRKM,28,11,15,"4,0-6,9",İRKM 153 İR 92 / C132M4c(*C),İRKM 153 İR 92,C132M4c(*C),10800.00,11225.00
USD,IRKM,28,11,15,"4,1-11",İRKM 154 / C132M4c(*C),İRKM 154,C132M4c(*C),10480.00,10907.00
USD,IRKM,28,11,15,"6,4-10",İRKM 143 İR 82 / C132M4c(*C),İRKM 143 İR 82,C132M4c(*C),8096.00,8416.00
USD,IRKM,28,11,15,"6,9-10",İRKM 143 İR 72 / C132M4c(*C),İRKM 143 İR 72,C132M4c(*C),7603.00,7922.00
USD,IRKM,28,11,15,"6,5-8,8",İRKM 144 / C132M4c(*C),İRKM 144,C132M4c(*C),7403.00,7723.00
USD,IRKM,28,11,15,"9,1-31",İRKM 143 / C132M4c(*C),İRKM 143,C132M4c(*C),6985.00,7304.00
USD,IRKM,28,11,15,14-52,İRKM 123 / C132M4c(*C),İRKM 123,C132M4c(*C),4793.00,4924.00
USD,IRKM,28,11,15,25-117,İRKM 103 / C132M4c(*C),İRKM 103,C132M4c(*C),3545.00,3676.00
USD,IRKM,28,11,15,33-226,İRKM 93 / C132M4c(*C),İRKM 93,C132M4c(*C),2762.00,2825.00
USD,IRKM,28,11,15,123-304,İRKM 83 / C132M4c(*C),İRKM 83,C132M4c(*C),2262.00,2300.00
USD,IRKM,28,11,15,193-256,İRKM 73 / C132M4c(*C),İRKM 73,C132M4c(*C),1849.00,1877.00
USD,IRKM,28,11,15,"3,7-9,2",İRKM 153 İR 102 / 160 M4b,İRKM 153 İR 102,160 M4b,11503.00,11929.00
USD,IRKM,28,11,15,"3,8-4,5",İRKM 153 İR 93 / 160 M4b,İRKM 153 İR 93,160 M4b,10957.00,11383.00
USD,IRKM,28,11,15,"4,0-6,9",İRKM 153 İR 92 / 160 M4b,İRKM 153 İR 92,160 M4b,10866.00,11291.00
USD,IRKM,28,11,15,"4,1-11",İRKM 154 / 160 M4b,İRKM 154,160 M4b,10552.00,10977.00
USD,IRKM,28,11,15,"6,4-10",İRKM 153 / 160 L6a,İRKM 153,160 L6a,9665.00,10091.00
USD,IRKM,28,11,15,10-16,İRKM 153 / 160 M4b,İRKM 153,160 M4b,9598.00,10023.00
USD,IRKM,28,11,15,"6,4-10",İRKM 143 İR 82 / 160 M4b,İRKM 143 İR 82,160 M4b,8161.00,8480.00
USD,IRKM,28,11,15,"6,9-10",İRKM 143 İR 72 / 160 M4b,İRKM 143 İR 72,160 M4b,7666.00,7986.00
USD,IRKM,28,11,15,"6,5-8,8",İRKM 144 / 160 M4b,İRKM 144,160 M4b,7472.00,7792.00
USD,IRKM,28,11,15,"9,1",İRKPM 143 / 160 M4b(*P),İRKPM 143,160 M4b(*P),7371.00,7691.00
USD,IRKM,28,11,15,11-31,İRKM 143 / 160 M4b,İRKM 143,160 M4b,7054.00,7374.00
USD,IRKM,28,11,15,14-52,İRKM 123 / 160 M4b,İRKM 123,160 M4b,4860.00,5051.00
USD,IRKM,28,11,15,25-117,İRKM 103 / 160 M4b,İRKM 103,160 M4b,3611.00,3742.00
USD,IRKM,28,11,15,33-226,İRKM 93 / 160 M4b,İRKM 93,160 M4b,2828.00,2890.00
USD,IRKM,28,11,15,123-304,İRKM 83 / 160 M4b,İRKM 83,160 M4b,2327.00,2365.00
USD,IRKM,28,15,15,"5,4-12",İRKM 153 İR 102 / 160 L4a,İRKM 153 İR 102,160 L4a,11699.00,12125.00
USD,IRKM,28,15,20,"5,2-11",İRKM 154 / 160 L4a,İRKM 154,160 L4a,10638.00,11064.00
USD,IRKM,28,15,20,10-20,İRKM 153 / 180 L6a,İRKM 153,180 L6a,9979.00,10405.00
USD,IRKM,28,15,20,10-16,İRKM 153 / 160 L4a,İRKM 153,160 L4a,9760.00,10187.00
USD,IRKM,28,15,20,11-42,İRKM 143 / 160 L4a,İRKM 143,160 L4a,7250.00,7570.00
USD,IRKM,28,15,20,14-76,İRKM 123 / 160 L4a,İRKM 123,160 L4a,5042.00,5233.00
USD,IRKM,28,15,20,31-214,İRKM 103 / 160 L4a,İRKM 103,160 L4a,3792.00,3924.00
USD,IRKM,28,15,20,59-226,İRKM 93 / 160 L4a,İRKM 93,160 L4a,2997.00,3059.00
USD,IRKM,28,15,20,123-226,İRKM 83 / 160 L4a,İRKM 83,160 L4a,2500.00,2537.00
USD,IRKM,28,18.5,20,"6,4-13",İRKM 153 İR 102 / C160 L4b(*C),İRKM 153 İR 102,C160 L4b(*C),11915.00,12340.00
USD,IRKM,28,18.5,25,"8,1-11",İRKM 154 / C160 L4b(*C),İRKM 154,C160 L4b(*C),10852.00,11277.00
USD,IRKM,28,18.5,25,11-33,İRKM 153 / C160 L4b(*C),İRKM 153,C160 L4b(*C),10010.00,10437.00
USD,IRKM,28,18.5,25,15-58,İRKM 143 / C160 L4b(*C),İRKM 143,C160 L4b(*C),7466.00,7786.00
USD,IRKM,28,18.5,25,18-105,İRKM 123 / C160 L4b(*C),İRKM 123,C160 L4b(*C),5254.00,5444.00
USD,IRKM,28,18.5,25,34-214,İRKM 103 / C160 L4b(*C),İRKM 103,C160 L4b(*C),4015.00,4146.00
USD,IRKM,28,18.5,25,67-226,İRKM 93 / C160 L4b(*C),İRKM 93,C160 L4b(*C),3097.00,3159.00
USD,IRKM,28,18.5,25,150-304,İRKM 83 / C160 L4b(*C),İRKM 83,C160 L4b(*C),2775.00,2812.00
USD,IRKM,29,18.5,,"6,4-13",İRKM 153 İR 102 / 180 M4b,İRKM 153 İR 102,180 M4b,12016.00,12443.00
USD,IRKM,29,18.5,25,"8,1-11",İRKM 154 / 180 M4b,İRKM 154,180 M4b,10953.00,11379.00
USD,IRKM,29,18.5,25,"9,1-10",İRKM 153 / 200 L6a,İRKM 153,200 L6a,10409.00,10834.00
USD,IRKM,29,18.5,25,11-33,İRKM 153 / 180 M4b,İRKM 153,180 M4b,10120.00,10545.00
USD,IRKM,29,18.5,25,15-58,İRKM 143 / 180 M4b,İRKM 143,180 M4b,7571.00,7891.00
USD,IRKM,29,18.5,25,18-20,İRKPM 123 / 180 M4b(*P),İRKPM 123,180 M4b(*P),5623.00,5813.00
USD,IRKM,29,18.5,25,22-105,İRKM 123 / 180 M4b,İRKM 123,180 M4b,5355.00,5545.00
USD,IRKM,29,18.5,25,34-214,İRKM 103 / 180 M4b,İRKM 103,180 M4b,4112.00,4242.00
USD,IRKM,29,18.5,25,67-75,İRKPM 93 / 180 M4b(*P),İRKPM 93,180 M4b(*P),3500.00,3562.00
USD,IRKM,29,18.5,25,83-226,İRKM 93 / 180 M4b,İRKM 93,180 M4b,3318.00,3380.00
USD,IRKM,29,22,25,"8,2-13",İRKPM 153 İR 102 / 180 L4b,İRKPM 153 İR 102,180 L4b,12102.00,12527.00
USD,IRKM,29,22,30,"8,1-11",İRKM 154 / 180 L4b,İRKM 154,180 L4b,11077.00,11504.00
USD,IRKM,29,22,30,"9,1-10",İRKM 153 / 200 L6b,İRKM 153,200 L6b,10545.00,10971.00
USD,IRKM,29,22,30,11-33,İRKM 153 / 180 L4b,İRKM 153,180 L4b,10237.00,10664.00
USD,IRKM,29,22,30,17-69,İRKM 143 / 180 L4b,İRKM 143,180 L4b,7703.00,8022.00
USD,IRKM,29,22,30,25-172,İRKM 123 / 180 L4b,İRKM 123,180 L4b,5469.00,5659.00
USD,IRKM,29,22,30,42-214,İRKM 103 / 180 L4b,İRKM 103,180 L4b,4228.00,4360.00
USD,IRKM,29,22,30,83-226,İRKM 93 / 180 L4b,İRKM 93,180 L4b,3431.00,3495.00
USD,IRKM,29,30,30,14-48,İRKM 153 / C180 L4b(*C),İRKM 153,C180 L4b(*C),10612.00,11037.00
USD,IRKM,29,30,40,22-76,İRKM 143 / C180 L4b(*C),İRKM 143,C180 L4b(*C),8054.00,8374.00
USD,IRKM,29,30,40,32-172,İRKM 123 / C180 L4b(*C),İRKM 123,C180 L4b(*C),5781.00,5972.00
USD,IRKM,29,30,40,97-214,İRKM 103 / C180 L4b(*C),İRKM 103,C180 L4b(*C),4524.00,4655.00
USD,IRKM,29,30,40,134-226,İRKM 93 / C180 L4b(*C),İRKM 93,C180 L4b(*C),3722.00,3784.00
USD,IRKM,29,30,40,14-48,İRKM 153 / 200 L4c,İRKM 153,200 L4c,10839.00,11265.00
USD,IRKM,29,30,40,22-76,İRKM 143 / 200 L4c,İRKM 143,200 L4c,8261.00,8579.00
USD,IRKM,29,30,40,32-172,İRKM 123 / 200 L4c,İRKM 123,200 L4c,5980.00,6170.00
USD,IRKM,29,30,40,97-214,İRKM 103 / 200 L4c,İRKM 103,200 L4c,4718.00,4850.00
USD,IRKM,29,37,40,16-59,İRKM 153 / C200 L4b(*C),İRKM 153,C200 L4b(*C),11164.00,11590.00
USD,IRKM,29,37,50,34-203,İRKM 143 / C200 L4b(*C),İRKM 143,C200 L4b(*C),8611.00,8930.00
USD,IRKM,29,37,50,41-172,İRKM 123 / C200 L4b(*C),İRKM 123,C200 L4b(*C),6331.00,6522.00
USD,IRKM,29,37,50,97-214,İRKM 103 / C200 L4b(*C),İRKM 103,C200 L4b(*C),5048.00,5180.00
USD,IRKM,29,37,50,16-59,İRKM 153 / 225 S4,İRKM 153,225 S4,11608.00,12035.00
USD,IRKM,29,37,50,34-203,İRKM 143 / 225 S4,İRKM 143,225 S4,9036.00,9356.00
USD,IRKM,29,37,50,41-172,İRKM 123 / 225 S4,İRKM 123,225 S4,6750.00,6940.00
USD,IRKM,29,45,50,20-72,İRKM 153 / 225 M4,İRKM 153,225 M4,11705.00,12131.00
USD,IRKM,29,45,60,58-203,İRKM 143 / 225 M4,İRKM 143,225 M4,9106.00,9425.00
USD,IRKM,29,45,60,52-172,İRKM 123 / 225 M4,İRKM 123,225 M4,6861.00,7052.00
USD,IRKM,29,55,60,23-95,İRKM 153 / C225M4b(*C),İRKM 153,C225M4b(*C),13178.00,13603.00
USD,IRKM,29,55,75,52-203,İRKM 143 / C225M4b(*C),İRKM 143,C225M4b(*C),10566.00,10886.00
USD,IRKM,29,55,75,76-172,İRKM 123 / C225M4b(*C),İRKM 123,C225M4b(*C),8411.00,8601.00
USD,IRKM,29,55,75,23-95,İRKM 153 / 250 M4c,İRKM 153,250 M4c,13481.00,13907.00
USD,IRKM,29,55,75,52-62,İRKPM 143 / 250 M4c(*P),İRKPM 143,250 M4c(*P),11311.00,11631.00
USD,IRKM,29,55,75,58-203,İRKM 143 / 250 M4c,İRKM 143,250 M4c,10823.00,11143.00
USD,IRKM,29,75,75,33-113,İRKM 153 / 280 S4,İRKM 153,280 S4,15577.00,16004.00
USD,IRKM,29,75,100,69-203,İRKM 143 / 280 S4,İRKM 143,280 S4,12851.00,13171.00
USD,IRKM,29,90,100,37-113,İRKM 153 / 280 M4,İRKM 153,280 M4,16136.00,16561.00
USD,IRKM,29,90,120,83-203,İRKM 143 / 280 M4,İRKM 143,280 M4,13397.00,13716.00
USD,IRKM,30,110,150,59-113,İRKM 153 / 315 S4,İRKM 153,315 S4,19760.00,20187.00
USD,IRKM,30,132,160,59-113,İRKM 153 / 315 M4a,İRKM 153,315 M4a,21249.00,21675.00
USD,IRKM,30,160,220,72-113,İRKM 153 / 315 M4b,İRKM 153,315 M4b,22750.00,23175.00
USD,IRKM,30,185,250,79-113,İRKM 153 / 315 L4a,İRKM 153,315 L4a,24210.00,24637.00
USD,IRKM,30,200,275,95-113,İRKM 153 / 315 L4b,İRKM 153,315 L4b,27001.00,27427.00
USD,IRK,31,,,"$435,00",IRK 42,IRK 42,,28.00,
USD,IRK,31,,,"$36,00","$30,00","$30,00",,31.00,
USD,IRK,31,,,"$452,00",IRK 43,IRK 43,,28.00,
USD,IRK,31,,,"$36,00","$30,00","$30,00",,31.00,
USD,IRK,31,,,"$442,00",IRK 52,IRK 52,,33.00,
USD,IRK,31,,,"$44,00","$37,00","$37,00",,37.00,
USD,IRK,31,,,"$463,00",IRK 53,IRK 53,,33.00,
USD,IRK,31,,,"$44,00","$37,00","$37,00",,37.00,
USD,IRK,31,,,"$567,00",IRK 63,IRK 63,,40.00,
USD,IRK,31,,,"$51,00","$44,00","$44,00",,46.00,
USD,IRK,31,,,"$816,00",IRK 63 IR 52,IRK 63 IR 52,,40.00,
USD,IRK,31,,,"$51,00","$44,00","$44,00",,46.00,
USD,IRK,31,,,"$903,00",IRK 73,IRK 73,,60.00,
USD,IRK,31,,,"$75,00","$65,00","$65,00",,63.00,
USD,IRK,31,,,"$1.067,00",IRK 74,IRK 74,,60.00,
USD,IRK,31,,,"$75,00","$65,00","$65,00",,63.00,
USD,IRK,31,,,"$1.217,00",IRK 73 IR 52,IRK 73 IR 52,,60.00,
USD,IRK,31,,,"$75,00","$65,00","$65,00",,63.00,
USD,IRK,31,,,"$1.227,00",IRK 73 IR 53,IRK 73 IR 53,,60.00,
USD,IRK,31,,,"$75,00","$65,00","$65,00",,63.00,
USD,IRK,31,,,"$1.355,00",IRK 83,IRK 83,,66.00,
USD,IRK,31,,,"$80,00","$71,00","$71,00",,70.00,
USD,IRK,31,,,"$1.614,00",IRK 84,IRK 84,,66.00,
USD,IRK,31,,,"$80,00","$71,00","$71,00",,70.00,
USD,IRK,31,,,"$1.797,00",IRK 83 IR 52,IRK 83 IR 52,,66.00,
USD,IRK,31,,,"$80,00","$71,00","$71,00",,70.00,
USD,IRK,31,,,"$1.812,00",IRK 83 IR 53,IRK 83 IR 53,,66.00,
USD,IRK,31,,,"$80,00","$71,00","$71,00",,70.00,
USD,IRK,31,,,"$1.893,00",IRK 93,IRK 93,,75.00,
USD,IRK,31,,,"$102,00","$79,00","$79,00",,76.00,
USD,IRK,31,,,"$2.167,00",IRK 94,IRK 94,,75.00,
USD,IRK,31,,,"$102,00","$79,00","$79,00",,76.00,
USD,IRK,31,,,"$2.303,00",IRK 93 IR 62,IRK 93 IR 62,,75.00,
USD,IRK,31,,,"$102,00","$79,00","$79,00",,76.00,
USD,IRK,31,,,"$2.318,00",IRK 93 IR 63,IRK 93 IR 63,,75.00,
USD,IRK,31,,,"$102,00","$79,00","$79,00",,76.00,
USD,IRK,31,,,"$2.775,00",IRK 103,IRK 103,,80.00,
USD,IRK,31,,,"$110,00","$85,00","$85,00",,104.00,
USD,IRK,31,,,"$3.140,00",IRK 104,IRK 104,,80.00,
USD,IRK,31,,,"$110,00","$85,00","$85,00",,104.00,
USD,IRK,31,,,"$3.403,00",IRK 103 IR 62,IRK 103 IR 62,,80.00,
USD,IRK,31,,,"$110,00","$85,00","$85,00",,104.00,
USD,IRK,31,,,"$3.424,00",IRK 103 IR 63,IRK 103 IR 63,,80.00,
USD,IRK,31,,,"$110,00","$85,00","$85,00",,104.00,
USD,IRK,31,,,"$4.121,00",IRK 123,IRK 123,,131.00,
USD,IRK,31,,,"$172,00","$139,00","$139,00",,201.00,
USD,IRK,31,,,"$4.520,00",IRK 124,IRK 124,,131.00,
USD,IRK,31,,,"$172,00","$139,00","$139,00",,201.00,
USD,IRK,31,,,"$4.697,00",IRK 123 IR72,IRK 123 IR72,,131.00,
USD,IRK,31,,,"$172,00","$139,00","$139,00",,201.00,
USD,IRK,31,,,"$4.717,00",IRK 123 IR73,IRK 123 IR73,,131.00,
USD,IRK,31,,,"$172,00","$139,00","$139,00",,201.00,
USD,IRK,31,,,"$6.490,00",IRK 143,IRK 143,,205.00,
USD,IRK,31,,,"$275,00","$217,00","$217,00",,331.00,
USD,IRK,31,,,"$6.777,00",IRK 144,IRK 144,,205.00,
USD,IRK,31,,,"$275,00","$217,00","$217,00",,331.00,
USD,IRK,31,,,"$6.978,00",IRK 143 IR 72,IRK 143 IR 72,,205.00,
USD,IRK,31,,,"$275,00","$217,00","$217,00",,331.00,
USD,IRK,31,,,"$6.999,00",IRK 143 IR 73,IRK 143 IR 73,,205.00,
USD,IRK,31,,,"$275,00","$217,00","$217,00",,331.00,
USD,IRK,31,,,"$9.905,00",IRK 153,IRK 153,,259.00,
USD,IRK,31,,,"$400,00","$299,00","$299,00",,368.00,
USD,IRK,31,,,"$10.225,00",IRK 154,IRK 154,,259.00,
USD,IRK,31,,,"$400,00","$299,00","$299,00",,368.00,
USD,IRK,31,,,"$10.627,00",IRK 153 IR 92,IRK 153 IR 92,,259.00,
USD,IRK,31,,,"$400,00","$299,00","$299,00",,368.00,
USD,IRK,31,,,"$10.706,00",IRK 153 IR 93,IRK 153 IR 93,,259.00,
USD,IRK,31,,,"$400,00","$299,00","$299,00",,368.00,
USD,IRK,31,,,"$10.846,00",IRK 153 IR 102,IRK 153 IR 102,,259.00,
USD,IRK,31,,,"$400,00","$299,00","$299,00",,368.00,
USD,YPM,36,0.12,,"0,21-0,48",YPPM 103 İR 63 / 63 M4a(*P),YPPM 103 İR 63,63 M4a(*P),2425.00,2556.00
USD,YPM,36,0.12,0.16,"0,56-0,71",YPPM 102 İR 63 / 63 M4a(*P),YPPM 102 İR 63,63 M4a(*P),2362.00,2493.00
USD,YPM,36,0.12,0.16,"0,30-0,42",YPPM 93 İR 63 / 63 M4a(*P),YPPM 93 İR 63,63 M4a(*P),1922.00,1984.00
USD,YPM,36,0.12,0.16,"0,49-1,2",YPPM 92 İR 63 / 63 M4a(*P),YPPM 92 İR 63,63 M4a(*P),1865.00,1927.00
USD,YPM,36,0.12,0.16,"0,53-0,95",YPPM 83 İR 53 / 63 M4a(*P),YPPM 83 İR 53,63 M4a(*P),1380.00,1418.00
USD,YPM,36,0.12,0.16,"0,99-2,2",YPPM 82 İR 53 / 63 M4a(*P),YPPM 82 İR 53,63 M4a(*P),1351.00,1387.00
USD,YPM,36,0.12,0.16,"0,91-3,7",YPPM 72 İR 53 / 63 M4a(*P),YPPM 72 İR 53,63 M4a(*P),983.00,1011.00
USD,YPM,36,0.12,0.16,"2,9-5,5",YPPM 74 / 63 M4a(*P),YPPM 74,63 M4a(*P),846.00,875.00
USD,YPM,36,0.12,0.16,"2,2-10",YPPM 63 İR 42 / 63 M4a(*P),YPPM 63 İR 42,63 M4a(*P),783.00,809.00
USD,YPM,36,0.12,0.16,"3,9-11",YPPM 62 İR 42 / 63 M4a(*P),YPPM 62 İR 42,63 M4a(*P),767.00,792.00
USD,YPM,36,0.12,0.16,"7,4-11",YPPM 63 / 63 M4a(*P),YPPM 63,63 M4a(*P),527.00,553.00
USD,YPM,36,0.12,0.16,"4,0-8,0",YPM 53 İR 42 / 63 M4a,YPM 53 İR 42,63 M4a,718.00,740.00
USD,YPM,36,0.12,0.16,"7,2-16",YPPM 52 İR 42 / 63 M4a(*P),YPPM 52 İR 42,63 M4a(*P),709.00,730.00
USD,YPM,36,0.12,0.16,10-17,YPPM 53 / 63 M4a(*P),YPPM 53,63 M4a(*P),414.00,436.00
USD,YPM,36,0.12,0.16,10-60,YPPM 43 / 63 M4a(*P),YPPM 43,63 M4a(*P),352.00,373.00
USD,YPM,36,0.18,0.16,"0,27-0,48",YPPM 103 İR 63 / 63 M4b(*P),YPPM 103 İR 63,63 M4b(*P),2435.00,2566.00
USD,YPM,36,0.18,0.25,"0,56-1,3",YPPM 102 İR 63 / 63 M4b(*P),YPPM 102 İR 63,63 M4b(*P),2368.00,2500.00
USD,YPM,36,0.18,0.25,"0,38-0,42",YPPM 93 İR 63 / 63 M4a(*P),YPPM 93 İR 63,63 M4a(*P),1931.00,1993.00
USD,YPM,36,0.18,0.25,"0,49-1,3",YPPM 92 İR 62 / 63 M4a(*P),YPPM 92 İR 62,63 M4a(*P),1875.00,1937.00
USD,YPM,36,0.18,0.25,"1,1-1,8",YPM 94 / 71 M6a,YPM 94,71 M6a,1747.00,1811.00
USD,YPM,36,0.18,0.25,"0,86-0,95",YPPM 83 İR 53 / 63 M4b(*P),YPPM 83 İR 53,63 M4b(*P),1393.00,1430.00
USD,YPM,36,0.18,0.25,"0,99-2,2",YPPM 82 İR 53 / 63 M4b(*P),YPPM 82 İR 53,63 M4b(*P),1363.00,1400.00
USD,YPM,36,0.18,0.25,"1,3-1,9",YPM 84 / 71 M6a,YPM 84,71 M6a,1264.00,1300.00
USD,YPM,36,0.18,0.25,"1,5-3,7",YPPM 72 İR 53 / 63 M4b(*P),YPPM 72 İR 53,63 M4b(*P),989.00,1017.00
USD,YPM,36,0.18,0.25,"1,8-2,4",YPM 74 / 71 M6a,YPM 74,71 M6a,855.00,883.00
USD,YPM,36,0.18,0.25,"2,9-6,1",YPPM 74 / 63 M4b(*P),YPPM 74,63 M4b(*P),854.00,882.00
USD,YPM,36,0.18,0.25,"4,9-6,9",YPM 73 / 71 M6a,YPM 73,71 M6a,733.00,762.00
USD,YPM,36,0.18,0.25,"6,6-7,0",YPPM 73 / 63 M4b(*P),YPPM 73,63 M4b(*P),725.00,754.00
USD,YPM,36,0.18,0.25,"3,3-10",YPPM 63 İR 42 / 63 M4b(*P),YPPM 63 İR 42,63 M4b(*P),787.00,811.00
USD,YPM,36,0.18,0.25,"3,9-11",YPPM 62 İR 42 / 63 M4b(*P),YPPM 62 İR 42,63 M4b(*P),771.00,796.00
USD,YPM,36,0.18,0.25,"4,7-5,1",YPPM 63 / 71 M6a(*P),YPPM 63,71 M6a(*P),577.00,603.00
USD,YPM,36,0.18,0.25,"5,4-8,5",YPM 63 / 71 M6a,YPM 63,71 M6a,556.00,582.00
USD,YPM,36,0.18,0.25,"7,4-15",YPPM 63 / 63 M4b(*P),YPPM 63,63 M4b(*P),532.00,557.00
USD,YPM,36,0.18,0.25,"5,4-8,0",YPM 53 İR 42 / 63 M4b,YPM 53 İR 42,63 M4b,757.00,778.00
USD,YPM,36,0.18,0.25,"7,2-16",YPPM 52 İR 42 / 63 M4b(*P),YPPM 52 İR 42,63 M4b(*P),749.00,770.00
USD,YPM,36,0.18,0.25,"6,6-8,6",YPM 53 / 71 M6a,YPM 53,71 M6a,431.00,453.00
USD,YPM,36,0.18,0.25,10-17,YPPM 53 / 63 M4b(*P),YPPM 53,63 M4b(*P),416.00,439.00
USD,YPM,36,0.18,0.25,10-60,YPPM 43 / 63 M4b(*P),YPPM 43,63 M4b(*P),359.00,380.00
USD,YPM,36,0.18,0.25,62-302,YPPM 42 / 63 M4b(*P),YPPM 42,63 M4b(*P),348.00,371.00
USD,YPM,36,0.18,0.25,332-605,YPPM 42 / 63 M2a(*P),YPPM 42,63 M2a(*P),349.00,372.00
USD,YPM,36,0.25,0.25,"0,13-0,43",YPM 143 İR 73 / 71 M4a,YPM 143 İR 73,71 M4a,5623.00,5920.00
USD,YPM,36,0.25,0.34,"0,18-0,43",YPM 123 İR 73 / 71 M4a,YPM 123 İR 73,71 M4a,3471.00,3664.00
USD,YPM,36,0.25,0.34,"0,36-0,48",YPM 103 İR 63 / 71 M4a,YPM 103 İR 63,71 M4a,2483.00,2610.00
USD,YPM,36,0.25,0.34,"0,56-1,8",YPM 102 İR 63 / 71 M4a,YPM 102 İR 63,71 M4a,2446.00,2573.00
USD,YPM,36,0.25,0.34,"1,1-1,4",YPM 104 / 71 M6b,YPM 104,71 M6b,2370.00,2497.00
USD,YPM,36,0.25,0.34,"0,55-2,0",YPM 92 İR 63 / 71 M4a,YPM 92 İR 63,71 M4a,1900.00,1963.00
USD,YPM,36,0.25,0.34,"1,2-2,1",YPM 94 / 71 M6b,YPM 94,71 M6b,1754.00,1816.00
USD,YPM,36,0.25,0.34,"1,8-2,5",YPM 94 / 71 M4a,YPM 94,71 M4a,1732.00,1795.00
USD,YPM,36,0.25,0.34,"1,2-4,1",YPM 82 İR 53 / 71 M4a,YPM 82 İR 53,71 M4a,1375.00,1413.00
USD,YPM,36,0.25,0.34,"3,2-5,0",YPM 82 İR 52 / 71 M4a,YPM 82 İR 52,71 M4a,1362.00,1400.00
USD,YPM,37,0.25,,"1,4-1,9",YPM 84 / 71 M6b,YPM 84,71 M6b,1271.00,1308.00
USD,YPM,37,0.25,0.34,"2,1-4,3",YPM 84 / 71 M4a,YPM 84,71 M4a,1251.00,1288.00
USD,YPM,37,0.25,0.34,"3,7-5,2",YPM 83 / 71 M6b,YPM 83,71 M6b,1098.00,1136.00
USD,YPM,37,0.25,0.34,"2,4-7,2",YPM 73 İR 52 / 71 M4a,YPM 73 İR 52,71 M4a,999.00,1029.00
USD,YPM,37,0.25,0.34,"2,0-7,9",YPM 72 İR 53 / 71 M4a,YPM 72 İR 53,71 M4a,992.00,1020.00
USD,YPM,37,0.25,0.34,"2,9-6,1",YPM 74 / 71 M4a,YPM 74,71 M4a,845.00,874.00
USD,YPM,37,0.25,0.34,"4,2-4,5",YPPM 73 / 71 M6b(*P),YPPM 73,71 M6b(*P),810.00,838.00
USD,YPM,37,0.25,0.34,"4,9-7,0",YPM 73 / 71 M6b,YPM 73,71 M6b,768.00,796.00
USD,YPM,37,0.25,0.34,"6,6-7,1",YPM 73 / 71 M4a,YPM 73,71 M4a,748.00,776.00
USD,YPM,37,0.25,0.34,"4,9-10",YPM 63 İR 42 / 71 M4a,YPM 63 İR 42,71 M4a,808.00,832.00
USD,YPM,37,0.25,0.34,"5,0-11",YPM 62 İR 42 / 71 M4a,YPM 62 İR 42,71 M4a,792.00,818.00
USD,YPM,37,0.25,0.34,"5,1",YPPM 63 / 71 M6b(*P),YPPM 63,71 M6b(*P),592.00,616.00
USD,YPM,37,0.25,0.34,"5,4-8,5",YPM 63 / 71 M6b,YPM 63,71 M6b,560.00,586.00
USD,YPM,37,0.25,0.34,"7,4-22",YPPM 63 / 71 M4a(*P),YPPM 63,71 M4a(*P),570.00,596.00
USD,YPM,37,0.25,0.34,"8,4-15",YPM 63 / 71 M4a,YPM 63,71 M4a,541.00,567.00
USD,YPM,37,0.25,0.34,8,YPM 53 İR 42 / 71 M4a,YPM 53 İR 42,71 M4a,761.00,783.00
USD,YPM,37,0.25,0.34,"9,1-16",YPM 52 İR 42 / 71 M4a,YPM 52 İR 42,71 M4a,752.00,774.00
USD,YPM,37,0.25,0.34,12-61,YPM 53 / 71 M4a,YPM 53,71 M4a,418.00,440.00
USD,YPM,37,0.25,0.34,54,YPPM 52 / 71 M4a(*P),YPPM 52,71 M4a(*P),432.00,453.00
USD,YPM,37,0.25,0.34,63-328,YPM 52 / 71 M4a,YPM 52,71 M4a,409.00,431.00
USD,YPM,37,0.25,0.34,386-782,YPM 52 / 63 M2b,YPM 52,63 M2b,407.00,428.00
USD,YPM,37,0.25,0.34,14-60,YPM 43 / 71 M4a,YPM 43,71 M4a,371.00,392.00
USD,YPM,37,0.25,0.34,37-58,YPPM 43 / 63 M2b(*P),YPPM 43,63 M2b(*P),361.00,382.00
USD,YPM,37,0.25,0.34,62-302,YPM 42 / 71 M4a,YPM 42,71 M4a,360.00,381.00
USD,YPM,37,0.25,0.34,332-605,YPPM 42 / 63 M2b(*P),YPPM 42,63 M2b(*P),355.00,376.00
USD,YPM,37,0.37,0.34,"0,19-0,64",YPM 143 İR 73 / 71 M4b,YPM 143 İR 73,71 M4b,5656.00,5952.00
USD,YPM,37,0.37,0.50,"0,32-0,43",YPM 123 İR 73 / 71 M4b,YPM 123 İR 73,71 M4b,3484.00,3678.00
USD,YPM,37,0.37,0.50,"0,63-5,8",YPM 102 İR 63 / 71 M4b,YPM 102 İR 63,71 M4b,2456.00,2583.00
USD,YPM,37,0.37,0.50,"1,1-1,4",YPM 104 / 80 M6a,YPM 104,80 M6a,2320.00,2447.00
USD,YPM,37,0.37,0.50,,YPPM 104 / 71 M4b(*P),YPPM 104,71 M4b(*P),2382.00,2513.00
USD,YPM,37,0.37,0.50,"0,78-3,3",YPM 92 İR 63 / 71M4b,YPM 92 İR 63,71M4b,1909.00,1971.00
USD,YPM,37,0.37,0.50,"1,2-2,1",YPM 94 / 80 M6a,YPM 94,80 M6a,1769.00,1831.00
USD,YPM,37,0.37,0.50,"1,8-3,9",YPM 94 / 71 M4b,YPM 94,71 M4b,1743.00,1805.00
USD,YPM,37,0.37,0.50,"3,1-4,5",YPM 93 / 80 M6a,YPM 93,80 M6a,1527.00,1589.00
USD,YPM,37,0.37,0.50,"1,9-5,2",YPM 82 İR 53 / 71 M4b,YPM 82 İR 53,71 M4b,1398.00,1435.00
USD,YPM,37,0.37,0.50,"3,2-6,3",YPM 82 İR 52 / 71 M4b,YPM 82 İR 52,71 M4b,1386.00,1423.00
USD,YPM,37,0.37,0.50,"1,9",YPM 84 / 80 M6a,YPM 84,80 M6a,1285.00,1322.00
USD,YPM,37,0.37,0.50,"2,1-5,4",YPM 84 / 71 M4b,YPM 84,71 M4b,1258.00,1295.00
USD,YPM,37,0.37,0.50,"3,7-5,2",YPM 83 / 80 M6a,YPM 83,80 M6a,1113.00,1151.00
USD,YPM,37,0.37,0.50,"5,8-6,9",YPM 83 / 71 M4b,YPM 83,71 M4b,1085.00,1123.00
USD,YPM,37,0.37,0.50,"4,2-7,2",YPM 73 İR 53 / 71 M4b,YPM 73 İR 53,71 M4b,1018.00,1046.00
USD,YPM,37,0.37,0.50,"2,8-7,9",YPM 72 İR 53 / 71 M4b,YPM 72 İR 53,71 M4b,1007.00,1036.00
USD,YPM,37,0.37,0.50,"3,8-6,1",YPM 74 / 71 M4b,YPM 74,71 M4b,863.00,892.00
USD,YPM,37,0.37,0.50,"4,2-4,5",YPPM 73 / 80 M6a(*P),YPPM 73,80 M6a(*P),827.00,855.00
USD,YPM,37,0.37,0.50,"4,9-6,9",YPM 73 / 80 M6a,YPM 73,80 M6a,783.00,811.00
USD,YPM,37,0.37,0.50,"6,6-7,1",YPPM 73 / 71 M4b(*P),YPPM 73,71 M4b(*P),797.00,825.00
USD,YPM,37,0.37,0.50,"7,6-18",YPM 73 / 71 M4b,YPM 73,71 M4b,756.00,784.00
USD,YPM,37,0.37,0.50,"6,2-10",YPM 63 İR 42 / 71 M4b,YPM 63 İR 42,71 M4b,829.00,855.00
USD,YPM,37,0.37,0.50,"7,1-11",YPM 62 İR 42 / 71 M4b,YPM 62 İR 42,71 M4b,814.00,839.00
USD,YPM,37,0.37,0.50,"6,9-8,5",YPM 63 / 80 M6a,YPM 63,80 M6a,579.00,604.00
USD,YPM,38,0.37,,"7,4-32",YPPM 63 / 71 M4b(*P),YPPM 63,71 M4b(*P),581.00,607.00
USD,YPM,38,0.37,0.50,"8,4-29",YPM 63 / 71 M4b,YPM 63,71 M4b,552.00,573.00
USD,YPM,38,0.37,0.50,15-61,YPM 53 / 71 M4b,YPM 53,71 M4b,427.00,449.00
USD,YPM,38,0.37,0.50,63-328,YPM 52 / 71 M4b,YPM 52,71 M4b,418.00,439.00
USD,YPM,38,0.37,0.50,386-782,YPM 52 / 71 M2a,YPM 52,71 M2a,411.00,432.00
USD,YPM,38,0.37,0.50,21-60,YPM 43 / 71 M4b,YPM 43,71 M4b,378.00,399.00
USD,YPM,38,0.37,0.50,37-58,YPM 43 / 71 M2a,YPM 43,71 M2a,369.00,391.00
USD,YPM,38,0.37,0.50,62-72,YPPM 42 / 71 M4b(*P),YPPM 42,71 M4b(*P),387.00,408.00
USD,YPM,38,0.37,0.50,83-302,YPM 42 / 71 M4b,YPM 42,71 M4b,367.00,388.00
USD,YPM,38,0.37,0.50,332-605,YPM 42 / 71 M2a,YPM 42,71 M2a,360.00,382.00
USD,YPM,38,0.55,0.50,"0,21-0,60",YPM 153 İR 83 / 80 M4a,YPM 153 İR 83,80 M4a,8444.00,8824.00
USD,YPM,38,0.55,0.75,"0,26-0,64",YPM 143 İR 73 / 80 M4a,YPM 143 İR 73,80 M4a,5673.00,5969.00
USD,YPM,38,0.55,0.75,"0,52-1,1",YPM 143 İR 72 / 80 M4a,YPM 143 İR 72,80 M4a,5636.00,5932.00
USD,YPM,38,0.55,0.75,"0,47-2,3",YPM 123 İR 72 / 80 M4a,YPM 123 İR 72,80 M4a,3494.00,3686.00
USD,YPM,38,0.55,0.75,"1,2-1,4",YPM 124 / 80 M6b,YPM 124,80 M6b,3211.00,3403.00
USD,YPM,38,0.55,0.75,"0,87-5,8",YPM 102 İR 63 / 80 M4a,YPM 102 İR 63,80 M4a,2484.00,2611.00
USD,YPM,38,0.55,0.75,"1,0-1,4",YPM 104 / 80 M6b,YPM 104,80 M6b,2369.00,2496.00
USD,YPM,38,0.55,0.75,"1,6-4,0",YPM 104 / 80 M4a,YPM 104,80 M4a,2358.00,2484.00
USD,YPM,38,0.55,0.75,"1,2-3,9",YPM 92 İR 63 / 80 M4a,YPM 92 İR 63,80 M4a,1920.00,1984.00
USD,YPM,38,0.55,0.75,"4,9-6,2",YPM 92 İR 62 / 80 M4a,YPM 92 İR 62,80 M4a,1863.00,1926.00
USD,YPM,38,0.55,0.75,"1,4-2,1",YPM 94 / 80 M6b,YPM 94,80 M6b,1785.00,1848.00
USD,YPM,38,0.55,0.75,"1,8-4,4",YPM 94 / 80 M4a,YPM 94,80 M4a,1763.00,1825.00
USD,YPM,38,0.55,0.75,"3,1-4,5",YPM 93 / 80 M6b,YPM 93,80 M6b,1549.00,1611.00
USD,YPM,38,0.55,0.75,"4,9-6,6",YPM 93 / 80 M4a,YPM 93,80 M4a,1528.00,1590.00
USD,YPM,38,0.55,0.75,"2,7-5,2",YPM 82 İR 53 / 80 M4a,YPM 82 İR 53,80 M4a,1412.00,1449.00
USD,YPM,38,0.55,0.75,"3,2-6,3",YPM 82 İR 52 / 80 M4a,YPM 82 İR 52,80 M4a,1400.00,1438.00
USD,YPM,38,0.55,0.75,"3,0-5,4",YPM 84 / 80 M4a,YPM 84,80 M4a,1282.00,1320.00
USD,YPM,38,0.55,0.75,"3,7-5,2",YPM 83 / 80 M6b,YPM 83,80 M6b,1130.00,1167.00
USD,YPM,38,0.55,0.75,"5,8-14",YPM 83 / 80 M4a,YPM 83,80 M4a,1109.00,1146.00
USD,YPM,38,0.55,0.75,"5,3-7,2",YPM 73 İR 52 / 80 M4a,YPM 73 İR 52,80 M4a,1044.00,1072.00
USD,YPM,38,0.55,0.75,"4,3-6,4",YPM 72 İR 53 / 80 M4a,YPM 72 İR 53,80 M4a,1033.00,1062.00
USD,YPM,38,0.55,0.75,"6,1",YPM 74 / 80 M4a,YPM 74,80 M4a,891.00,919.00
USD,YPM,38,0.55,0.75,"6,2-7,0",YPM 73 / 80 M6b,YPM 73,80 M6b,798.00,824.00
USD,YPM,38,0.55,0.75,"6,6-7,1",YPPM 73 / 80 M4a(*P),YPPM 73,80 M4a(*P),822.00,848.00
USD,YPM,38,0.55,0.75,"7,6-27",YPM 73 / 80 M4a,YPM 73,80 M4a,778.00,804.00
USD,YPM,38,0.55,0.75,11-46,YPM 63 / 80 M4a,YPM 63,80 M4a,574.00,600.00
USD,YPM,38,0.55,0.75,21-61,YPM 53 / 80 M4a,YPM 53,80 M4a,452.00,473.00
USD,YPM,38,0.55,0.75,63-391,YPM 52 / 80 M4a,YPM 52,80 M4a,443.00,465.00
USD,YPM,38,0.55,0.75,433-782,YPM 52 / 71 M2b,YPM 52,71 M2b,419.00,440.00
USD,YPM,38,0.55,0.75,33-60,YPM 43 / 80 M4a,YPM 43,80 M4a,401.00,422.00
USD,YPM,38,0.55,0.75,37-58,YPM 43 / 71 M2b,YPM 43,71 M2b,374.00,395.00
USD,YPM,38,0.55,0.75,62-72,YPPM 42 / 80 M4a(*P),YPPM 42,80 M4a(*P),413.00,434.00
USD,YPM,38,0.55,0.75,83-302,YPM 42 / 80 M4a,YPM 42,80 M4a,392.00,413.00
USD,YPM,38,0.55,0.75,332-605,YPM 42 / 71 M2b,YPM 42,71 M2b,368.00,389.00
USD,YPM,38,0.75,0.75,"0,27-0,60",YPM 153 İR 83 / 80 M4b,YPM 153 İR 83,80 M4b,8495.00,8874.00
USD,YPM,38,0.75,1,"0,63-0,78",YPM 152 İR 83 / 80 M4b,YPM 152 İR 83,80 M4b,8225.00,8828.00
USD,YPM,38,0.75,1,"0,38-0,64",YPM 143 İR 73 / 80 M4b,YPM 143 İR 73,80 M4b,5718.00,6014.00
USD,YPM,38,0.75,1,"0,52-1,1",YPM 143 İR 72 / 80 M4b,YPM 143 İR 72,80 M4b,5663.00,5960.00
USD,YPM,38,0.75,1,"1,1-1,3",YPM 144 / 90 S6a(*P),YPM 144,90 S6a(*P),5762.00,6059.00
USD,YPM,38,0.75,1,"0,59-3,5",YPM 123 İR 72 / 80 M4b,YPM 123 İR 72,80 M4b,3534.00,3726.00
USD,YPM,39,0.75,,"1,2-1,6",YPM 124 / 90 S6a,YPM 124,90 S6a,3258.00,3451.00
USD,YPM,39,0.75,1,"1,8-2,2",YPM 124 / 80 M4b,YPM 124,80 M4b,3221.00,3414.00
USD,YPM,39,0.75,1,"1,5-5,8",YPM 102 İR 63 / 80 M4b,YPM 102 İR 63,80 M4b,2511.00,2701.00
USD,YPM,39,0.75,1,"1,4",YPPM 104 / 90 S6a,YPPM 104,90 S6a,2374.00,2504.00
USD,YPM,39,0.75,1,"1,6-5,4",YPM 104 / 80 M4b,YPM 104,80 M4b,2385.00,2511.00
USD,YPM,39,0.75,1,"3,3-5,6",YPPM 103 / 90 S6a(*P),YPPM 103,90 S6a(*P),2303.00,2430.00
USD,YPM,39,0.75,1,"1,6-3,9",YPM 92 İR 63 / 80 M4b,YPM 92 İR 63,80 M4b,1974.00,2037.00
USD,YPM,39,0.75,1,"4,9-6,2",YPM 92 İR 62 / 80 M4b,YPM 92 İR 62,80 M4b,1917.00,1979.00
USD,YPM,39,0.75,1,"2,1",YPM 94 / 90 S6a,YPM 94,90 S6a,1835.00,1897.00
USD,YPM,39,0.75,1,"2,0-4,4",YPM 94 / 80 M4b,YPM 94,80 M4b,1818.00,1880.00
USD,YPM,39,0.75,1,"3,1",YPPM 93 / 90 S6a(*P),YPPM 93,90 S6a(*P),1660.00,1722.00
USD,YPM,39,0.75,1,"3,6-4,5",YPM 93 / 90 S6a,YPM 93,90 S6a,1588.00,1651.00
USD,YPM,39,0.75,1,"4,9-7,0",YPM 93 / 80 M4b,YPM 93,80 M4b,1573.00,1635.00
USD,YPM,39,0.75,1,"3,6-6,3",YPM 82 İR 53 / 80 M4b,YPM 82 İR 53,80 M4b,1462.00,1500.00
USD,YPM,39,0.75,1,"3,6-6,3",YPM 82 İR 52 / 80 M4b,YPM 82 İR 52,80 M4b,1450.00,1488.00
USD,YPM,39,0.75,1,"4,3-5,4",YPM 84 / 80 M4b,YPM 84,80 M4b,1332.00,1369.00
USD,YPM,39,0.75,1,"4,3-5,2",YPM 83 / 90 S6a,YPM 83,90 S6a,1177.00,1214.00
USD,YPM,39,0.75,1,"5,8-16",YPM 83 / 80 M4b,YPM 83,80 M4b,1159.00,1197.00
USD,YPM,39,0.75,1,"8,5-31",YPM 73 / 80 M4b,YPM 73,80 M4b,832.00,861.00
USD,YPM,39,0.75,1,15-46,YPM 63 / 80 M4b,YPM 63,80 M4b,624.00,650.00
USD,YPM,39,0.75,1,44-77,YPM 62 / 80 M4b,YPM 62,80 M4b,609.00,634.00
USD,YPM,39,0.75,1,29-61,YPM 53 / 80 M4b,YPM 53,80 M4b,499.00,520.00
USD,YPM,39,0.75,1,63-391,YPM 52 / 80 M4b,YPM 52,80 M4b,490.00,512.00
USD,YPM,39,0.75,1,433-782,YPM 52 / 80 M2a,YPM 52,80 M2a,448.00,470.00
USD,YPM,39,0.75,1,37-58,YPM 43 / 80 M2a,YPM 43,80 M2a,415.00,436.00
USD,YPM,39,0.75,1,62-72,YPPM 42 / 80 M4b(*P),YPPM 42,80 M4b(*P),463.00,485.00
USD,YPM,39,0.75,1,83-302,YPM 42 / 80 M4b,YPM 42,80 M4b,440.00,461.00
USD,YPM,39,0.75,1,332-605,YPM 42 / 80 M2a,YPM 42,80 M2a,398.00,419.00
USD,YPM,39,1.1,1,"0,45-0,60",YPM 153 İR 83 / 90 S4a,YPM 153 İR 83,90 S4a,8540.00,8920.00
USD,YPM,39,1.1,1.5,"0,63-1,1",YPM 152 İR 83 / 90 S4a,YPM 152 İR 83,90 S4a,8271.00,8651.00
USD,YPM,39,1.1,1.5,"0,58-0,64",YPM 143 İR 73 / 90 S4a,YPM 143 İR 73,90 S4a,5729.00,6025.00
USD,YPM,39,1.1,1.5,"0,72-2,6",YPM 143 İR 72 / 90 S4a,YPM 143 İR 72,90 S4a,5659.00,5955.00
USD,YPM,39,1.1,1.5,"1,1-1,4",YPPM 144 / 90 L6b(*P),YPPM 144,90 L6b(*P),5684.00,5980.00
USD,YPM,39,1.1,1.5,"1,6-2,2",YPPM 144 / 90 S4a(*P),YPPM 144,90 S4a(*P),5653.00,5950.00
USD,YPM,39,1.1,1.5,"0,86-4,5",YPM 123 İR 72 / 90 S4a,YPM 123 İR 72,90 S4a,3583.00,3776.00
USD,YPM,39,1.1,1.5,"1,2-1,6",YPPM 124 / 90 L6b(*P),YPPM 124,90 L6b(*P),3301.00,3495.00
USD,YPM,39,1.1,1.5,"1,8-4,5",YPPM 124 / 90 S4a(*P),YPPM 124,90 S4a(*P),3269.00,3462.00
USD,YPM,39,1.1,1.5,"1,8-5,8",YPM 102 İR 63 / 90 S4a,YPM 102 İR 63,90 S4a,2571.00,2698.00
USD,YPM,39,1.1,1.5,"2,0-6,8",YPM 104 / 90 S4a,YPM 104,90 S4a,2435.00,2562.00
USD,YPM,39,1.1,1.5,"3,3-5,6",YPPM 103 / 90 L6b(*P),YPPM 103,90 L6b(*P),2350.00,2477.00
USD,YPM,39,1.1,1.5,"5,2-8,7",YPPM 103 / 90 S4a(*P),YPPM 103,90 S4a(*P),2328.00,2455.00
USD,YPM,39,1.1,1.5,"2,2-3,9",YPM 92 İR 63 / 90 S4a,YPM 92 İR 63,90 S4a,2078.00,2140.00
USD,YPM,39,1.1,1.5,"1,9-6,2",YPM 92 İR 62 / 90 S4a,YPM 92 İR 62,90 S4a,2021.00,2084.00
USD,YPM,39,1.1,1.5,"3,2-4,4",YPM 94 / 90 S4a,YPM 94,90 S4a,1849.00,1911.00
USD,YPM,39,1.1,1.5,"3,6-4,5",YPM 93 / 90 L6b,YPM 93,90 L6b,1626.00,1688.00
USD,YPM,39,1.1,1.5,"4,9-11",YPM 93 / 90 S4a,YPM 93,90 S4a,1607.00,1669.00
USD,YPM,39,1.1,1.5,"6,7-29",YPM 83 / 90 S4a,YPM 83,90 S4a,1193.00,1231.00
USD,YPM,39,1.1,1.5,13-47,YPM 73 / 90 S4a,YPM 73,90 S4a,866.00,895.00
USD,YPM,39,1.1,1.5,42-50,YPM 72 / 90 S4a,YPM 72,90 S4a,846.00,875.00
USD,YPM,39,1.1,1.5,21-46,YPM 63 / 90 S4a,YPM 63,90 S4a,660.00,684.00
USD,YPM,40,1.1,,44-61,YPPM 62 / 90 S4a(*P),YPPM 62,90 S4a(*P),677.00,702.00
USD,YPM,40,1.1,1.5,56-116,YPM 62 / 90 S4a,YPM 62,90 S4a,642.00,668.00
USD,YPM,40,1.1,1.5,45-61,YPM 53 / 90 S4a,YPM 53,90 S4a,533.00,556.00
USD,YPM,40,1.1,1.5,54-72,YPPM 52 / 90 S4a(*P),YPPM 52,90 S4a(*P),552.00,575.00
USD,YPM,40,1.1,1.5,81-391,YPM 52 / 90 S4a,YPM 52,90 S4a,522.00,547.00
USD,YPM,40,1.1,1.5,433-782,YPM 52 / 80 M2b,YPM 52,80 M2b,461.00,482.00
USD,YPM,40,1.1,1.5,45-58,YPM 43 / 80 M2b,YPM 43,80 M2b,419.00,440.00
USD,YPM,40,1.1,1.5,62-209,YPPM 42 / 90 S4a(*P),YPPM 42,90 S4a(*P),503.00,527.00
USD,YPM,40,1.1,1.5,108-302,YPM 42 / 90 S4a,YPM 42,90 S4a,476.00,501.00
USD,YPM,40,1.1,1.5,332-605,YPM 42 / 80 M2b,YPM 42,80 M2b,399.00,422.00
USD,YPM,40,1.5,1.5,"0,6",YPM 153 İR 83 / 90 L4a,YPM 153 İR 83,90 L4a,8594.00,8974.00
USD,YPM,40,1.5,2,"0,63-1,3",YPM 152 İR 83 / 90 L4a,YPM 152 İR 83,90 L4a,8325.00,8705.00
USD,YPM,40,1.5,2,"1,5-2,9",YPM 154 / 100 L6a(*P),YPM 154,100 L6a(*P),8337.00,8715.00
USD,YPM,40,1.5,2,"0,72-3,4",YPM 143 İR 72 / 90 L4a,YPM 143 İR 72,90 L4a,5778.00,6074.00
USD,YPM,40,1.5,2,"1,1-1,4",YPM 144 / 100 L6a(*P),YPM 144,100 L6a(*P),5707.00,6005.00
USD,YPM,40,1.5,2,"1,6-3,6",YPPM 144 / 90 L4a(*P),YPPM 144,90 L4a(*P),5858.00,5856.00
USD,YPM,40,1.5,2,"1,3-6,1",YPM 123 İR 72 / 90 L4a,YPM 123 İR 72,90 L4a,3642.00,3835.00
USD,YPM,40,1.5,2,"1,4-1,6",YPPM 124 / 100 L6a(*P),YPPM 124,100 L6a(*P),3355.00,3548.00
USD,YPM,40,1.5,2,"1,8-5,5",YPPM 124 / 90 L4a(*P),YPPM 124,90 L4a(*P),3315.00,3508.00
USD,YPM,40,1.5,2,"3,6-5,1",YPPM 123 / 100 L6a(*P),YPPM 123,100 L6a(*P),3099.00,3292.00
USD,YPM,40,1.5,2,"2,7-5,8",YPM 102 İR 63 / 90 L4a,YPM 102 İR 63,90 L4a,2609.00,2737.00
USD,YPM,40,1.5,2,"2,8-6,8",YPM 104 / 90 L4a,YPM 104,90 L4a,2469.00,2597.00
USD,YPM,40,1.5,2,"4,1-5,6",YPM 103 / 100 L6a,YPM 103,100 L6a,2322.00,2449.00
USD,YPM,40,1.5,2,"5,2-11",YPPM 103 / 90 L4a(*P),YPPM 103,90 L4a(*P),2409.00,2536.00
USD,YPM,40,1.5,2,"3,6-3,9",YPM 92 İR 63 / 90 L4a,YPM 92 İR 63,90 L4a,2106.00,2168.00
USD,YPM,40,1.5,2,"4,9-6,2",YPM 92 İR 62 / 90 L4a,YPM 92 İR 62,90 L4a,2050.00,2112.00
USD,YPM,40,1.5,2,"3,9-4,4",YPM 94 / 90 L4a,YPM 94,90 L4a,1933.00,1996.00
USD,YPM,40,1.5,2,"4,9-15",YPM 93 / 90 L4a,YPM 93,90 L4a,1636.00,1698.00
USD,YPM,40,1.5,2,"9,0-41",YPM 83 / 90 L4a,YPM 83,90 L4a,1224.00,1261.00
USD,YPM,40,1.5,2,15-47,YPM 73 / 90 L4a,YPM 73,90 L4a,897.00,925.00
USD,YPM,40,1.5,2,42-70,YPM 72 / 90 L4a,YPM 72,90 L4a,874.00,902.00
USD,YPM,40,1.5,2,29-46,YPM 63 / 90 L4a,YPM 63,90 L4a,693.00,722.00
USD,YPM,40,1.5,2,56-165,YPM 62 / 90 L4a,YPM 62,90 L4a,677.00,705.00
USD,YPM,40,1.5,2,81-391,YPM 52 / 90 L4a,YPM 52,90 L4a,569.00,593.00
USD,YPM,40,1.5,2,433-782,YPM 52 / 90 S2a,YPM 52,90 S2a,513.00,537.00
USD,YPM,40,1.5,2,95,YPPM 42 / 90 L4a(*P),YPPM 42,90 L4a(*P),549.00,573.00
USD,YPM,40,1.5,2,107-302,YPM 42 / 90 L4a,YPM 42,90 L4a,521.00,545.00
USD,YPM,40,1.5,2,332-605,YPM 42 / 90 S2a,YPM 42,90 S2a,463.00,488.00
USD,YPM,40,2.2,2,"0,86-1,5",YPM 152 İR 83 / 100 L4a,YPM 152 İR 83,100 L4a,8665.00,9043.00
USD,YPM,40,2.2,3,"1,5-2,3",YPM 154 / 112 M6(*P),YPM 154,112 M6(*P),8477.00,8855.00
USD,YPM,40,2.2,3,"2,4-4,0",YPM 154 / 100 L4a(*P),YPM 154,100 L4a(*P),8374.00,8752.00
USD,YPM,40,2.2,3,"1,1-5,0",YPM 143 İR 72 / 100 L4a,YPM 143 İR 72,100 L4a,5841.00,6138.00
USD,YPM,40,2.2,3,"1,3-1,4",YPM 144 / 112 M6(*P),YPM 144,112 M6(*P),5820.00,6116.00
USD,YPM,40,2.2,3,"1,6-4,6",YPM 144 / 100 L4a(*P),YPM 144,100 L4a(*P),5739.00,6035.00
USD,YPM,40,2.2,3,"2,0-6,1",YPM 123 İR 72 / 100 L4a,YPM 123 İR 72,100 L4a,3678.00,3872.00
USD,YPM,40,2.2,3,"2,2-5,5",YPPM 124 / 100 L4a(*P),YPPM 124,100 L4a(*P),3383.00,3577.00
USD,YPM,40,2.2,3,"3,6-5,1",YPPM 123 / 112 M6a(*P),YPPM 123,112 M6a(*P),3216.00,3410.00
USD,YPM,40,2.2,3,"5,6-9,7",YPPM 123 / 100 L4a(*P),YPPM 123,100 L4a(*P),3121.00,3314.00
USD,YPM,40,2.2,3,"4,0-5,4",YPM 104 / 100 L4a,YPM 104,100 L4a,2583.00,2710.00
USD,YPM,40,2.2,3,"4,6-5,6",YPM 103 / 112 M6,YPM 103,112 M6,2425.00,2551.00
USD,YPM,41,2.2,,"5,2-5,6",YPPM 103 / 100 L4a(*P),YPPM 103,100 L4a(*P),2453.00,2580.00
USD,YPM,41,2.2,3,"6,3-16",YPM 103 / 100 L4a,YPM 103,100 L4a,2355.00,2482.00
USD,YPM,41,2.2,3,"7,0-22",YPM 93 / 100 L4a,YPM 93,100 L4a,1690.00,1754.00
USD,YPM,41,2.2,3,13-51,YPM 83 / 100 L4a,YPM 83,100 L4a,1280.00,1318.00
USD,YPM,41,2.2,3,54-75,YPM 82 / 100 L4a,YPM 82,100 L4a,1252.00,1288.00
USD,YPM,41,2.2,3,20-47,YPM 73 / 100 L4a,YPM 73,100 L4a,948.00,976.00
USD,YPM,41,2.2,3,57-100,YPM 72 / 100 L4a,YPM 72,100 L4a,925.00,953.00
USD,YPM,41,2.2,3,46,YPM 63 / 100 L4a,YPM 63,100 L4a,756.00,784.00
USD,YPM,41,2.2,3,44-61,YPPM 62 / 100 L4a(*P),YPPM 62,100 L4a(*P),781.00,810.00
USD,YPM,41,2.2,3,69-247,YPM 62 / 100 L4a,YPM 62,100 L4a,741.00,769.00
USD,YPM,41,2.2,3,102-391,YPM 52 / 100 L4a,YPM 52,100 L4a,631.00,655.00
USD,YPM,41,2.2,3,433-782,YPM 52 / 90 L2a,YPM 52,90 L2a,545.00,568.00
USD,YPM,41,2.2,3,418-536,YPPM 42 / 90 L2a(*P),YPPM 42,90 L2a(*P),522.00,547.00
USD,YPM,41,2.2,3,332-605,YPM 42 / 90 L2a,YPM 42,90 L2a,495.00,520.00
USD,YPM,41,3.0,3,"1,1-1,5",YPM 152 İR 83 / 100 L4b,YPM 152 İR 83,100 L4b,8707.00,9086.00
USD,YPM,41,3.0,4,"1,5-2,3",YPM 154 / 132 S6b,YPM 154,132 S6b,8646.00,9024.00
USD,YPM,41,3.0,4,"2,4-5,6",YPM 154 / 100 L4b(*P),YPM 154,100 L4b(*P),8418.00,8797.00
USD,YPM,41,3.0,4,"1,5-6,2",YPM 143 İR 72 / 100 L4b,YPM 143 İR 72,100 L4b,5899.00,6195.00
USD,YPM,41,3.0,4,"2,0-6,8",YPM 144 / 100 L4b(*P),YPM 144,100 L4b(*P),5785.00,6081.00
USD,YPM,41,3.0,4,"3,1-6,1",YPM 123 İR 72 / 100 L4b,YPM 123 İR 72,100 L4b,3731.00,3924.00
USD,YPM,41,3.0,4,"3,0-5,5",YPPM 124 / 100 L4b(*P),YPPM 124,100 L4b(*P),3439.00,3631.00
USD,YPM,41,3.0,4,"4,6-5,1",YPM 123 / 132 S6b,YPM 123,132 S6b,3380.00,3574.00
USD,YPM,41,3.0,4,"5,6-13",YPPM 123 / 100 L4b(*P),YPPM 123,100 L4b(*P),3165.00,3357.00
USD,YPM,41,3.0,4,"6,3-24",YPM 103 / 100 L4b,YPM 103,100 L4b,2387.00,2515.00
USD,YPM,41,3.0,4,"9,7-31",YPM 93 / 100 L4b,YPM 93,100 L4b,1736.00,1798.00
USD,YPM,41,3.0,4,16-63,YPM 83 / 100 L4b,YPM 83,100 L4b,1326.00,1363.00
USD,YPM,41,3.0,4,54-104,YPM 82 / 100 L4b,YPM 82,100 L4b,1294.00,1332.00
USD,YPM,41,3.0,4,28-47,YPM 73 / 100 L4b,YPM 73,100 L4b,993.00,1022.00
USD,YPM,41,3.0,4,57-138,YPM 72 / 100 L4b,YPM 72,100 L4b,970.00,998.00
USD,YPM,41,3.0,4,69-247,YPM 62 / 100 L4b,YPM 62,100 L4b,791.00,819.00
USD,YPM,41,3.0,4,277-494,YPM 62 / 100 L2a,YPM 62,100 L2a,727.00,756.00
USD,YPM,41,3.0,4,114-391,YPM 52 / 100 L4b,YPM 52,100 L4b,681.00,705.00
USD,YPM,41,3.0,4,433-782,YPM 52 / 100 L2a,YPM 52,100 L2a,619.00,642.00
USD,YPM,41,4.0,4,"1,7-6,0",YPM 153 İR 92 / 112 M4b,YPM 153 İR 92,112 M4b,9843.00,10222.00
USD,YPM,41,4.0,5.5,"1,5-2,3",YPM 154 / 132 M6a,YPM 154,132 M6a,8734.00,9113.00
USD,YPM,41,4.0,5.5,"2,4-7,4",YPM 154 / 112 M4b(*P),YPM 154,112 M4b(*P),8518.00,8896.00
USD,YPM,41,4.0,5.5,"3,0-5,1",YPM 143 İR 82 / 112 M4b,YPM 143 İR 82,112 M4b,6551.00,6847.00
USD,YPM,41,4.0,5.5,"2,0-2,3",YPM 143 İR 72 / 112 M4b,YPM 143 İR 72,112 M4b,6092.00,6388.00
USD,YPM,41,4.0,5.5,"2,2-6,8",YPM 144 / 112 M4b(*P),YPM 144,112 M4b(*P),5894.00,6192.00
USD,YPM,41,4.0,5.5,"4,5-7,6",YPM 143 / 132 M6a,YPM 143,132 M6a,5628.00,5924.00
USD,YPM,41,4.0,5.5,"4,1-5,5",YPPM 124 / 112 M4b(*P),YPPM 124,112 M4b(*P),3594.00,3786.00
USD,YPM,41,4.0,5.5,"5,6-18",YPPM 123 / 112 M4b(*P),YPPM 123,112 M4b(*P),3278.00,3471.00
USD,YPM,41,4.0,5.5,"8,7-33",YPM 103 / 112 M4b,YPM 103,112 M4b,2486.00,2613.00
USD,YPM,41,4.0,5.5,12-42,YPM 93 / 112 M4b,YPM 93,112 M4b,1825.00,1888.00
USD,YPM,41,4.0,5.5,44-53,YPM 92 / 112 M4b,YPM 92,112 M4b,1764.00,1826.00
USD,YPM,41,4.0,5.5,21-63,YPM 83 / 112 M4b,YPM 83,112 M4b,1412.00,1449.00
USD,YPM,41,4.0,5.5,54-134,YPM 82 / 112 M4b,YPM 82,112 M4b,1381.00,1419.00
USD,YPM,41,4.0,5.5,57-304,YPM 72 / 112 M4b,YPM 72,112 M4b,1056.00,1084.00
USD,YPM,41,4.0,5.5,85-247,YPM 62 / 112 M4b,YPM 62,112 M4b,859.00,885.00
USD,YPM,41,4.0,5.5,277-494,YPM 62 / 112 M2a,YPM 62,112 M2a,804.00,830.00
USD,YPM,42,5.5,,"2,2-7,1",YPM 153 İR 92 / C112 M4b(*C),YPM 153 İR 92,C112 M4b(*C),9956.00,10336.00
USD,YPM,42,5.5,7.5,"3,0-6,2",YPM 143 İR 82 / C112 M4b(*C),YPM 143 İR 82,C112 M4b(*C),6632.00,6928.00
USD,YPM,42,5.5,7.5,"2,7-6,2",YPM 143 İR 72 / C112 M4b(*C),YPM 143 İR 72,C112 M4b(*C),6176.00,6472.00
USD,YPM,42,5.5,7.5,"5,5",YPM 124 / C112 M4b(*C),YPM 124,C112 M4b(*C),3651.00,3844.00
USD,YPM,42,5.5,7.5,12-49,YPM 103 / C112 M4b(*C),YPM 103,C112 M4b(*C),2557.00,2684.00
USD,YPM,42,5.5,7.5,20-50,YPM 93 / C112 M4b(*C),YPM 93,C112 M4b(*C),1892.00,1957.00
USD,YPM,42,5.5,7.5,53-64,YPM 92 / C112 M4b(*C),YPM 92,C112 M4b(*C),1810.00,1875.00
USD,YPM,42,5.5,7.5,33-63,YPM 83 / C112 M4b(*C),YPM 83,C112 M4b(*C),1463.00,1504.00
USD,YPM,42,5.5,7.5,68-328,YPM 82 / C112 M4b(*C),YPM 82,C112 M4b(*C),1435.00,1476.00
USD,YPM,42,5.5,7.5,80-370,YPM 72 / C112 M4b(*C),YPM 72,C112 M4b(*C),1131.00,1163.00
USD,YPM,42,5.5,7.5,"2,2-7,1",YPM 153 İR 92 / 132 S4c,YPM 153 İR 92,132 S4c,10024.00,10404.00
USD,YPM,42,5.5,7.5,"2,3",YPM 154 / 132 M6b,YPM 154,132 M6b,8826.00,9204.00
USD,YPM,42,5.5,7.5,"2,4-9,5",YPM 154 / 132 S4c,YPM 154,132 S4c,8680.00,9059.00
USD,YPM,42,5.5,7.5,"3,0-6,2",YPM 143 İR 82 / 132 S4c,YPM 143 İR 82,132 S4c,6694.00,6991.00
USD,YPM,42,5.5,7.5,"2,7-6,2",YPM 143 İR 72 / 132 S4c,YPM 143 İR 72,132 S4c,6235.00,6531.00
USD,YPM,42,5.5,7.5,"3,1-6,8",YPM 144 / 132 S4c,YPM 144,132 S4c,6029.00,6326.00
USD,YPM,42,5.5,7.5,"4,5-7,6",YPM 143 / 132 M6b,YPM 143,132 M6b,5734.00,6031.00
USD,YPM,42,5.5,7.5,"7,0-13",YPM 143 / 132 S4c,YPM 143,132 S4c,5601.00,5898.00
USD,YPM,42,5.5,7.5,"5,5",YPM 124 / 132 S4c,YPM 124,132 S4c,3713.00,3906.00
USD,YPM,42,5.5,7.5,"7,2-28",YPM 123 / 132 S4c,YPM 123,132 S4c,3412.00,3604.00
USD,YPM,42,5.5,7.5,12-49,YPM 103 / 132 S4c,YPM 103,132 S4c,2625.00,2752.00
USD,YPM,42,5.5,7.5,20-50,YPM 93 / 132 S4c,YPM 93,132 S4c,1960.00,2025.00
USD,YPM,42,5.5,7.5,53-64,YPM 92 / 132 S4c,YPM 92,132 S4c,1879.00,1942.00
USD,YPM,42,5.5,7.5,33-63,YPM 83 / 132 S4c,YPM 83,132 S4c,1528.00,1566.00
USD,YPM,42,5.5,7.5,68-328,YPM 82 / 132 S4c,YPM 82,132 S4c,1497.00,1535.00
USD,YPM,42,5.5,7.5,372-656,YPM 82 / 132 S2a,YPM 82,132 S2a,1473.00,1515.00
USD,YPM,42,5.5,7.5,80-370,YPM 72 / 132 S4c,YPM 72,132 S4c,1190.00,1221.00
USD,YPM,42,5.5,7.5,371-722,YPM 72 / 132 S2a,YPM 72,132 S2a,1166.00,1198.00
USD,YPM,42,7.5,7.5,"3,0-7,1",YPM 153 İR 92 / 132 M4b,YPM 153 İR 92,132 M4b,10116.00,10494.00
USD,YPM,42,7.5,10,"3,1-9,5",YPM 154 / 132 M4b,YPM 154,132 M4b,8792.00,9170.00
USD,YPM,42,7.5,10,"3,5-14",YPM 153 / 160 M6b,YPM 153,160 M6b,8546.00,8925.00
USD,YPM,42,7.5,10,"3,7-9,9",YPM 143 İR 82 / 132 M4b,YPM 143 İR 82,132 M4b,6652.00,6948.00
USD,YPM,42,7.5,10,"4,1-6,8",YPM 144 / 132 M4b,YPM 144,132 M4b,6149.00,6445.00
USD,YPM,42,7.5,10,"5,0-7,6",YPM 143 / 160 M6b,YPM 143,160 M6b,6209.00,6505.00
USD,YPM,42,7.5,10,"7,0-19",YPM 143 / 132 M4b,YPM 143,132 M4b,5691.00,5987.00
USD,YPM,42,7.5,10,"8,0-34",YPM 123 / 132M4b,YPM 123,132M4b,3488.00,3682.00
USD,YPM,42,7.5,10,16-69,YPM 103 / 132 M4b,YPM 103,132 M4b,2719.00,2848.00
USD,YPM,42,7.5,10,53-58,YPM 102 / 132 M4b,YPM 102,132 M4b,2588.00,2715.00
USD,YPM,42,7.5,10,25-50,YPM 93 / 132 M4b,YPM 93,132 M4b,2050.00,2114.00
USD,YPM,42,7.5,10,49-94,YPM 92 / 132 M4b,YPM 92,132 M4b,1974.00,2039.00
USD,YPM,42,7.5,10,41-63,YPM 83 / 132 M4b,YPM 83,132 M4b,1629.00,1670.00
USD,YPM,42,7.5,10,68-328,YPM 82 / 132 M4b,YPM 82,132 M4b,1601.00,1642.00
USD,YPM,42,7.5,10,372-656,YPM 82 / 132 S2b,YPM 82,132 S2b,1542.00,1580.00
USD,YPM,42,7.5,10,80-361,YPM 72 / 132 M4b,YPM 72,132 M4b,1295.00,1327.00
USD,YPM,42,7.5,10,371-722,YPM 72 / 132 S2b,YPM 72,132 S2b,1233.00,1265.00
USD,YPM,42,11,10,"4,1-7,1",YPM 153 İR 92 / C132 M4b(*C),YPM 153 İR 92,C132 M4b(*C),10302.00,10680.00
USD,YPM,42,11,15,"6,2-9,9",YPM 143 İR 82 / C132 M4b(*C),YPM 143 İR 82,C132 M4b(*C),6815.00,7112.00
USD,YPM,42,11,15,"7,8-25",YPM 143 / C132 M4b(*C),YPM 143,C132 M4b(*C),6094.00,6391.00
USD,YPM,42,11,15,13-52,YPM 123 / C132 M4b(*C),YPM 123,C132 M4b(*C),3851.00,4044.00
USD,YPM,42,11,15,24-69,YPM 103 / C132 M4b(*C),YPM 103,C132 M4b(*C),3067.00,3195.00
USD,YPM,42,11,15,53-94,YPM 102 / C132 M4b(*C),YPM 102,C132 M4b(*C),2938.00,3065.00
USD,YPM,42,11,15,38-50,YPM 93 / C132 M4b(*C),YPM 93,C132 M4b(*C),2390.00,2460.00
USD,YPM,42,11,15,53-115,YPM 92 / C132 M4b(*C),YPM 92,C132 M4b(*C),2327.00,2396.00
USD,YPM,42,11,15,84-328,YPM 82 / C132 M4b(*C),YPM 82,C132 M4b(*C),1965.00,2006.00
USD,YPM,42,11,15,80-361,YPM 72 / C132 M4b(*C),YPM 72,C132 M4b(*C),1583.00,1615.00
USD,YPM,43,11,,"4,1-7,1",YPM 153 İR 92 / 160 M4b,YPM 153 İR 92,160 M4b,10372.00,10751.00
USD,YPM,43,11,15,"4,7-6,0",YPM 153 / 160 L6b,YPM 153,160 L6b,8690.00,9068.00
USD,YPM,43,11,15,"5,4-19",YPM 153 / 160 M4b,YPM 153,160 M4b,8489.00,8868.00
USD,YPM,43,11,15,"6,2-9,9",YPM 143 İR 82 / 160 M4b,YPM 143 İR 82,160 M4b,6881.00,7177.00
USD,YPM,43,11,15,"6,7-7,6",YPM 143 / 160 L6b,YPM 143,160 L6b,6371.00,6669.00
USD,YPM,43,11,15,"7,8-25",YPM 143 / 160 M4b,YPM 143,160 M4b,6163.00,6461.00
USD,YPM,43,11,15,13-52,YPM 123 / 160 M4b,YPM 123,160 M4b,3918.00,4111.00
USD,YPM,43,11,15,24-69,YPM 103 / 160 M4b,YPM 103,160 M4b,3133.00,3261.00
USD,YPM,43,11,15,53-94,YPM 102 / 160 M4b,YPM 102,160 M4b,3004.00,3131.00
USD,YPM,43,11,15,38-50,YPM 93 / 160 M4b,YPM 93,160 M4b,2456.00,2526.00
USD,YPM,43,11,15,53-66,YPPM 92 / 160 M4b(*P),YPPM 92,160 M4b(*P),2513.00,2582.00
USD,YPM,43,11,15,74-115,YPM 92 / 160 M4b,YPM 92,160 M4b,2393.00,2462.00
USD,YPM,43,11,15,84-328,YPM 82 / 160 M4b,YPM 82,160 M4b,2030.00,2071.00
USD,YPM,43,15,15,"6,0-7,1",YPM 153 İR 92 / 160 L4a,YPM 153 İR 92,160 L4a,10720.00,10753.00
USD,YPM,43,15,20,"6,7-25",YPM 153 / 160 L4a,YPM 153,160 L4a,8663.00,9041.00
USD,YPM,43,15,20,"8,9-9,9",YPM 143 İR 82 / 160 L4a,YPM 143 İR 82,160 L4a,7258.00,7637.00
USD,YPM,43,15,20,10-32,YPM 143 / 160 L4a,YPM 143,160 L4a,6382.00,6678.00
USD,YPM,43,15,20,18-57,YPM 123 / 160 L4a,YPM 123,160 L4a,4107.00,4301.00
USD,YPM,43,15,20,33-69,YPM 103 / 160 L4a,YPM 103,160 L4a,3327.00,3454.00
USD,YPM,43,15,20,53-166,YPM 102 / 160 L4a,YPM 102,160 L4a,3189.00,3316.00
USD,YPM,43,15,20,53-340,YPM 92 / 160 L4a,YPM 92,160 L4a,2569.00,2634.00
USD,YPM,43,15,20,94-328,YPM 82 / 160 L4a,YPM 82,160 L4a,2239.00,2280.00
USD,YPM,43,18.5,20,"7,3-31",YPM 153 / C160 L4b(*C),YPM 153,C160 L4b(*C),8908.00,9287.00
USD,YPM,43,18.5,25,13-40,YPM 143 / C160 L4b(*C),YPM 143,C160 L4b(*C),6606.00,6902.00
USD,YPM,43,18.5,25,22-57,YPM 123 / C160 L4b(*C),YPM 123,C160 L4b(*C),4296.00,4490.00
USD,YPM,43,18.5,25,52-100,YPM 122 / C160 L4b(*C),YPM 122,C160 L4b(*C),4179.00,4371.00
USD,YPM,43,18.5,25,58-270,YPM 102 / C160 L4b(*C),YPM 102,C160 L4b(*C),3403.00,3530.00
USD,YPM,43,18.5,25,94-340,YPM 92 / C160 L4b(*C),YPM 92,C160 L4b(*C),2830.00,2895.00
USD,YPM,43,18.5,25,140-328,YPM 82 / C160 L4b(*C),YPM 82,C160 L4b(*C),2514.00,2555.00
USD,YPM,43,18.5,25,"7,3-31",YPM 153 / 180 M4b,YPM 153,180 M4b,9017.00,9396.00
USD,YPM,43,18.5,25,13-40,YPM 143 / 180 M4b,YPM 143,180 M4b,6711.00,7007.00
USD,YPM,43,18.5,25,22-57,YPM 123 / 180 M4b,YPM 123,180 M4b,4397.00,4591.00
USD,YPM,43,18.5,25,52-100,YPM 122 / 180 M4b,YPM 122,180 M4b,4280.00,4473.00
USD,YPM,43,18.5,25,58-270,YPM 102 / 180 M4b,YPM 102,180 M4b,3500.00,3627.00
USD,YPM,43,18.5,25,94-340,YPM 92 / 180 M4b,YPM 92,180 M4b,2904.00,2969.00
USD,YPM,43,22,25,"8,3-42",YPM 153 / 180 L4b,YPM 153,180 L4b,9386.00,9765.00
USD,YPM,43,22,30,15-49,YPM 143 / 180 L4b,YPM 143,180 L4b,7072.00,7368.00
USD,YPM,43,22,30,52-64,YPM 142 / 180 L4b,YPM 142,180 L4b,6705.00,7001.00
USD,YPM,43,22,30,24-57,YPM 123 / 180 L4b,YPM 123,180 L4b,4740.00,4933.00
USD,YPM,43,22,30,52-135,YPM 122 / 180 L4b,YPM 122,180 L4b,4579.00,4772.00
USD,YPM,43,22,30,67-298,YPM 102 / 180 L4b,YPM 102,180 L4b,3824.00,3951.00
USD,YPM,43,22,30,94-340,YPM 92 / 180 L4b,YPM 92,180 L4b,3205.00,3274.00
USD,YPM,43,30,30,12-55,YPM 153 / C180 L4b(*C),YPM 153,C180 L4b(*C),9774.00,10152.00
USD,YPM,43,30,40,22-67,YPM 143 / C180 L4b(*C),YPM 143,C180 L4b(*C),7403.00,7699.00
USD,YPM,43,30,40,52-87,YPM 142 / C180 L4b(*C),YPM 142,C180 L4b(*C),7035.00,7331.00
USD,YPM,43,30,40,34-57,YPM 123 / C180 L4b(*C),YPM 123,C180 L4b(*C),5052.00,5246.00
USD,YPM,43,30,40,71-358,YPM 122 / C180 L4b(*C),YPM 122,C180 L4b(*C),4901.00,5094.00
USD,YPM,43,30,40,94-298,YPM 102 / C180 L4b(*C),YPM 102,C180 L4b(*C),4156.00,4283.00
USD,YPM,43,30,40,104-340,YPM 92 / C180 L4b(*C),YPM 92,C180 L4b(*C),3494.00,3563.00
USD,YPM,44,30,,12-55,YPM 153 / 200 L4c,YPM 153,200 L4c,10001.00,10379.00
USD,YPM,44,30,40,22-67,YPM 143 / 200 L4c,YPM 143,200 L4c,7610.00,7906.00
USD,YPM,44,30,40,52-87,YPM 142 / 200 L4c,YPM 142,200 L4c,7242.00,7538.00
USD,YPM,44,30,40,34-57,YPM 123 / 200 L4c,YPM 123,200 L4c,5250.00,5444.00
USD,YPM,44,30,40,71-358,YPM 122 / 200 L4c,YPM 122,200 L4c,5100.00,5293.00
USD,YPM,44,30,40,94-298,YPM 102 / 200 L4c,YPM 102,200 L4c,4350.00,4477.00
USD,YPM,44,37,40,17-66,YPM 153 / C200 L4b(*C),YPM 153,C200 L4b(*C),10340.00,10719.00
USD,YPM,44,37,50,22-67,YPM 143 / C200 L4b(*C),YPM 143,C200 L4b(*C),7994.00,8290.00
USD,YPM,44,37,50,52-108,YPM 142 / C200 L4b(*C),YPM 142,C200 L4b(*C),7448.00,7744.00
USD,YPM,44,37,50,71-358,YPM 122 / C200 L4b(*C),YPM 122,C200 L4b(*C),5249.00,5443.00
USD,YPM,44,37,50,94-298,YPM 102 / C200 L4b(*C),YPM 102,C200 L4b(*C),4679.00,4806.00
USD,YPM,44,37,50,17-66,YPM 153 / 225 S4a,YPM 153,225 S4a,10785.00,11163.00
USD,YPM,44,37,50,22-67,YPM 143 / 225 S4a,YPM 143,225 S4a,8419.00,8715.00
USD,YPM,44,37,50,52-108,YPM 142 / 225 S4a,YPM 142,225 S4a,7873.00,8169.00
USD,YPM,44,37,50,71-358,YPM 122 / 225 S4a,YPM 122,225 S4a,5668.00,5861.00
USD,YPM,44,45,50,22-66,YPM 153 / 225 M4c,YPM 153,225 M4c,11123.00,11503.00
USD,YPM,44,45,60,50-95,YPM 152 / 225 M4c,YPM 152,225 M4c,10430.00,10808.00
USD,YPM,44,45,60,40-67,YPM 143 / 225 M4c,YPM 143,225 M4c,8771.00,9067.00
USD,YPM,44,45,60,58-349,YPM 142 / 225 M4c,YPM 142,225 M4c,8257.00,8554.00
USD,YPM,44,45,60,71-358,YPM 122 / 225 M4c,YPM 122,225 M4c,6002.00,6195.00
USD,YPM,44,55,60,25-66,YPM 153 / C225M4b(*C),YPM 153,C225M4b(*C),12088.00,12467.00
USD,YPM,44,55,75,50-72,YPM 152 / C225M4b(*C),YPM 152,C225M4b(*C),11770.00,12149.00
USD,YPM,44,55,75,40-67,YPM 143 / C225M4b(*C),YPM 143,C225M4b(*C),9745.00,10042.00
USD,YPM,44,55,75,58-349,YPM 142 / C225M4b(*C),YPM 142,C225M4b(*C),9235.00,9531.00
USD,YPM,44,55,75,25-66,YPM 153 / 250 M4c,YPM 153,250 M4c,12391.00,12770.00
USD,YPM,44,55,75,50-72,YPM 152 / 250 M4c,YPM 152,250 M4c,12074.00,12452.00
USD,YPM,44,55,75,40-67,YPM 143 / 250 M4c,YPM 143,250 M4c,10001.00,10298.00
USD,YPM,44,55,75,58-349,YPM 142 / 250 M4c,YPM 142,250 M4c,9491.00,9787.00
USD,YPM,44,75,75,31-66,YPM 153 / 280 S4,YPM 153,280 S4,14269.00,14647.00
USD,YPM,44,75,100,79-142,YPM 152 / 280 S4,YPM 152,280 S4,13943.00,14321.00
USD,YPM,44,75,100,60-67,YPM 143 / 280 S4,YPM 143,280 S4,11827.00,12183.00
USD,YPM,44,75,100,74-349,YPM 142 / 280 S4,YPM 142,280 S4,11303.00,11599.00
USD,YPM,44,90,100,42-66,YPM 153 / 315 S4,YPM 153,315 S4,14714.00,15093.00
USD,YPM,44,90,120,79-142,YPM 152 / 315 S4,YPM 152,315 S4,14399.00,14777.00
USD,YPM,44,90,120,60-67,YPM 143 / 280 M4,YPM 143,280 M4,12423.00,12779.00
USD,YPM,44,90,120,73-349,YPM 142 / 280 M4,YPM 142,280 M4,12049.00,12404.00
USD,YPM,44,110,120,46-66,YPM 153 / 315 S4,YPM 153,315 S4,18705.00,19084.00
USD,YPM,44,110,150,79-142,YPM 152 / 315 S4,YPM 152,315 S4,18348.00,18728.00
USD,YPM,44,132,160,79-142,YPM 152 / 315 M4a,YPM 152,315 M4a,19997.00,20375.00
USD,YPM,44,160,220,87--142,YPM 152 / 315 M4b,YPM 152,315 M4b,21267.00,21645.00
USD,YPM,44,185,250,103-142,YPM 152 / 315 L4a,YPM 152,315 L4a,23600.00,23980.00
USD,YPM,44,200,275,122-142,YPM 152 / 315 L4b,YPM 152,315 L4b,25861.00,26241.00
USD,IRSM,50,0.18,0.25,"1,0-2,0",IRSM 102 IR 43 / 63 M4b,IRSM 102 IR 43,63 M4b,959.00,996.00
USD,IRSM,50,0.25,0.25,"0,7-2,3",IRSM 127 IRS 65 / 71 M4a,IRSM 127 IRS 65,71 M4a,1266.00,1312.00
USD,IRSM,50,0.25,0.34,"0,9-3,3",IRSM 127 IR 43 / 71 M4a,IRSM 127 IR 43,71 M4a,1247.00,1293.00
USD,IRSM,50,0.25,0.34,"0,9-3,2",IRSM 102 IRS 52 / 71 M4a,IRSM 102 IRS 52,71 M4a,918.00,953.00
USD,IRSM,50,0.25,0.34,"2,2-3,5",IRSM 102 IR 43 / 71 M4a,IRSM 102 IR 43,71 M4a,964.00,1000.00
USD,IRSM,50,0.25,0.34,"4,1-9,4",IRSM 102 IR 42 / 71 M4a,IRSM 102 IR 42,71 M4a,960.00,997.00
USD,IRSM,50,0.25,0.34,22-95,IRSM 52 / 71 M4a,IRSM 52,71 M4a,329.00,342.00
USD,IRSM,50,0.37,0.34,"0,9-4,6",IRSM 127 IRS 65 / 71 M4b,IRSM 127 IRS 65,71 M4b,1274.00,1319.00
USD,IRSM,50,0.37,0.50,"2,1-3,3",IRSM 127 IR 43 / 71 M4b,IRSM 127 IR 43,71 M4b,1255.00,1301.00
USD,IRSM,50,0.37,0.50,"1,6-3,2",IRSM 102 IRS 52 / 71 M4b,IRSM 102 IRS 52,71 M4b,926.00,962.00
USD,IRSM,50,0.37,0.50,"2,2-3,6",IRSM 102 IR 43 / 71 M4b,IRSM 102 IR 43,71 M4b,972.00,1009.00
USD,IRSM,50,0.37,0.50,"4,1-9,5",IRSM 102 IR 42 / 71 M4b,IRSM 102 IR 42,71 M4b,969.00,1005.00
USD,IRSM,50,0.37,0.50,15-93,IRSM 65 / 80 M6a,IRSM 65,80 M6a,427.00,443.00
USD,IRSM,50,0.37,0.50,15-125,IRSM 52 / 80 M6a,IRSM 52,80 M6a,368.00,381.00
USD,IRSM,50,0.37,0.50,22-192,IRSM 52 / 71 M4b,IRSM 52,71 M4b,338.00,351.00
USD,IRSM,50,0.55,0.50,"1,1-5,9",IRSM 127 IRS 65 / 80 M4a,IRSM 127 IRS 65,80 M4a,1345.00,1406.00
USD,IRSM,50,0.55,0.75,"2,5-4,5",IRSM 127 IR 52 / 80 M4a,IRSM 127 IR 52,80 M4a,1336.00,1398.00
USD,IRSM,50,0.55,0.75,"2,4-6,3",IRSM 102 IRS 52 / 80 M4a,IRSM 102 IRS 52,80 M4a,951.00,987.00
USD,IRSM,50,0.55,0.75,"5,3-9,3",IRSM 102 IR 42 / 80 M4a,IRSM 102 IR 42,80 M4a,995.00,1031.00
USD,IRSM,50,0.55,0.75,"14,5-30",IRSM 82 / 80 M6b,IRSM 82,80 M6b,553.00,577.00
USD,IRSM,50,0.55,0.75,18-30,IRSM 65 / 80 M6b,IRSM 65,80 M6b,454.00,470.00
USD,IRSM,50,0.55,0.75,27-140,IRSM 65 / 80 M4a,IRSM 65,80 M4a,422.00,438.00
USD,IRSM,50,0.55,0.75,23-123,IRSM 52 / 80 M6b,IRSM 52,80 M6b,395.00,408.00
USD,IRSM,50,0.55,0.75,22-188,IRSM 52 / 80 M4a,IRSM 52,80 M4a,364.00,376.00
USD,IRSM,50,0.75,0.75,"0,9-2,4",IRSM 162 IRS 82 / 80 M4b,IRSM 162 IRS 82,80 M4b,3318.00,3487.00
USD,IRSM,50,0.75,1,"2,3-6,1",IRSM 127 IRS 65 / 80 M4b,IRSM 127 IRS 65,80 M4b,1418.00,1479.00
USD,IRSM,50,0.75,1,"2,6-7,2",IRSM 127 IR 52 / 80 M4b,IRSM 127 IR 52,80 M4b,1403.00,1465.00
USD,IRSM,50,0.75,1,"3,2-13",IRSM 102 IRS 52 / 80 M4b,IRSM 102 IRS 52,80 M4b,1011.00,1059.00
USD,IRSM,50,0.75,1,15-46,IRSM 82 / 90 S6,IRSM 82,90 S6,590.00,622.00
USD,IRSM,50,0.75,1,18-94,IRSM 65 / 90 S6,IRSM 65,90 S6,474.00,490.00
USD,IRSM,50,0.75,1,17-188,IRSM 65 / 80 M4b,IRSM 65,80 M4b,460.00,476.00
USD,IRSM,50,0.75,1,28-194,IRSM 52 / 80 M4b,IRSM 52,80 M4b,401.00,414.00
USD,IRSM,50,1.1,1,"1,6-4,7",IRSM 162 IRS 82 / 90 S4,IRSM 162 IRS 82,90 S4,3346.00,3515.00
USD,IRSM,50,1.1,1.5,"1,9-2,6",IRSM 162 IR 63 / 90 S4,IRSM 162 IR 63,90 S4,3437.00,3607.00
USD,IRSM,50,1.1,1.5,"3,0-5,9",IRSM 127 IRS 65 / 90 S4,IRSM 127 IRS 65,90 S4,1366.00,1412.00
USD,IRSM,50,1.1,1.5,"3,8-13",IRSM 127 IR 52 / 90 S4,IRSM 127 IR 52,90 S4,1399.00,1443.00
USD,IRSM,50,1.1,1.5,11-18,IRSM 102 / 90 L6,IRSM 102,90 L6,770.00,807.00
USD,IRSM,50,1.1,1.5,15-94,IRSM 82 / 90 L6,IRSM 82,90 L6,609.00,634.00
USD,IRSM,50,1.1,1.5,23-32,IRSM 82 / 90 S4,IRSM 82,90 S4,587.00,610.00
USD,IRSM,50,1.1,1.5,24-126,IRSM 65 / 90 L6,IRSM 65,90 L6,512.00,527.00
USD,IRSM,50,1.1,1.5,28-190,IRSM 65 / 90 S4,IRSM 65,90 S4,488.00,505.00
USD,IRSM,51,1.5,,"2,4-4,7",IRSM 162 IRS 82 / 90 L4,IRSM 162 IRS 82,90 L4,3369.00,3538.00
USD,IRSM,51,1.5,2,"4,7-11",IRSM 127 IR 52 / 90 L4,IRSM 127 IR 52,90 L4,1477.00,68908.00
USD,IRSM,51,1.5,2,"11,5-23,5",IRSM 127 / 100 L6,IRSM 127,100 L6,1184.00,52933.00
USD,IRSM,51,1.5,2,"11,5-47",IRSM 102 / 100 L6,IRSM 102,100 L6,812.00,849.00
USD,IRSM,51,1.5,2,18-95,IRSM 82 / 100 L6,IRSM 82,100 L6,657.00,690.00
USD,IRSM,51,1.5,2,23-143,IRSM 82 / 90 L4,IRSM 82,90 L4,641.00,674.00
USD,IRSM,51,1.5,2,28-190,IRSM 65 / 90 L4,IRSM 65,90 L4,513.00,535.00
USD,IRSM,51,2.2,2,"3,9-13",IRSM 162 IR 62 / 100 L4a,IRSM 162 IR 62,100 L4a,3500.00,3669.00
USD,IRSM,51,2.2,3,11-23,IRSM 162 / 112 M6,IRSM 162,112 M6,2947.00,3117.00
USD,IRSM,51,2.2,3,11-30,IRSM 127 / 112 M6,IRSM 127,112 M6,1259.00,1320.00
USD,IRSM,51,2.2,3,17-36,IRSM 127 / 100 L4a,IRSM 127,100 L4a,1191.00,1252.00
USD,IRSM,51,2.2,3,17-191,IRSM 102 / 100 L4a,IRSM 102,100 L4a,843.00,891.00
USD,IRSM,51,2.2,3,27-143,IRSM 82 / 100 L4a,IRSM 82,100 L4a,680.00,713.00
USD,IRSM,51,3.0,3,11-15,IRSM 201 IR 72 / 100 L4b,IRSM 201 IR 72,100 L4b,6195.00,6526.00
USD,IRSM,51,3.0,4,11-32,IRSM 162 / 132 S6,IRSM 162,132 S6,3068.00,3239.00
USD,IRSM,51,3.0,4,17-143,IRSM 127 / 100 L4b,IRSM 127,100 L4b,1232.00,1293.00
USD,IRSM,51,3.0,4,23-191,IRSM 102 / 100 L4b,IRSM 102,100 L4b,882.00,922.00
USD,IRSM,51,3.0,4,36-191,IRSM 82 / 100 L4b,IRSM 82,100 L4b,720.00,752.00
USD,IRSM,51,4.0,4,"5,2-15",IRSM 201 IR 72 / 112M4,IRSM 201 IR 72,112M4,6274.00,6605.00
USD,IRSM,51,4.0,5.5,11-24,IRSM 201 / 132 M6,IRSM 201,132 M6,5380.00,5711.00
USD,IRSM,51,4.0,5.5,11-46,IRSM 162 / 132 M6,IRSM 162,132 M6,3174.00,3395.00
USD,IRSM,51,4.0,5.5,"17,5-112",IRSM 127 / 112 M4,IRSM 127,112 M4,1312.00,1373.00
USD,IRSM,51,4.0,5.5,29-194,IRSM 102 / 112 M4,IRSM 102,112 M4,964.00,1004.00
USD,IRSM,51,4.0,5.5,48-191,IRSM 82 / 112 M4,IRSM 82,112 M4,802.00,828.00
USD,IRSM,51,5.5,5.5,11-24,IRSM 201 / 132 M6,IRSM 201,132 M6,5499.00,5831.00
USD,IRSM,51,5.5,7.5,11-64,IRSM 162 / 132 M6,IRSM 162,132 M6,3446.00,3666.00
USD,IRSM,51,5.5,7.5,17-98,IRSM 162 / 132 S4,IRSM 162,132 S4,3294.00,3515.00
USD,IRSM,51,5.5,7.5,22-146,IRSM 127 / 132 S4,IRSM 127,132 S4,1403.00,1465.00
USD,IRSM,51,7.5,7.5,11-24,IRSM 201 / 160 M6,IRSM 201,160 M6,5751.00,6082.00
USD,IRSM,51,7.5,10,18-64,IRSM 162 / 160 M6,IRSM 162,160 M6,3695.00,3916.00
USD,IRSM,51,7.5,10,17-98,IRSM 162 / 132 M4,IRSM 162,132 M4,3417.00,3638.00
USD,IRSM,51,7.5,10,36-183,IRSM 127 / 132 M4,IRSM 127,132 M4,1480.00,1541.00
USD,IRSM,51,11,10,18-48,IRSM 250 / 160 L6b,IRSM 250,160 L6b,7676.00,8453.00
USD,IRSM,51,11,15,15-32,IRSM 201 / 160 L6b,IRSM 201,160 L6b,5937.00,6221.00
USD,IRSM,51,11,15,18-64,IRSM 162 / 160 L6b,IRSM 162,160 L6b,3873.00,4094.00
USD,IRSM,51,11,15,27-195,IRSM 162 / 160 M4,IRSM 162,160 M4,3765.00,3985.00
USD,IRSM,51,15,15,15-48,IRSM 250 / 180 L6a,IRSM 250,180 L6a,8451.00,9042.00
USD,IRSM,51,15,20,28-146,IRSM 250 / 160 L4a,IRSM 250,160 L4a,8228.00,8819.00
USD,IRSM,51,15,20,27-195,IRSM 201 / 160 L4a,IRSM 201,160 L4a,6267.00,6703.00
USD,IRSM,51,15,20,35-195,IRSM 162 / 160 L4a,IRSM 162,160 L4a,4044.00,4265.00
USD,IRSM,51,18.5,25,28-190,IRSM 250 / 180 M4b,IRSM 250,180 M4b,8465.00,9056.00
USD,IRSM,51,22,30,28-190,IRSM 250 / 180L4b,IRSM 250,180L4b,8613.00,9203.00
USD,SM,53,0.12,,"0,28-047",SM 110 S50 / 63 M4a,SM 110 S50,63 M4a,701.00,740.00
USD,SM,53,0.12,0.18,"0,58-0,78",SM 90 S40 / 63 M4a,SM 90 S40,63 M4a,509.00,526.00
USD,SM,53,0.12,0.18,"0,9-5,5",SM 75 S40 / 63M4a,SM 75 S40,63M4a,438.00,452.00
USD,SM,53,0.12,0.18,"1,5-9,0",SM 63 S30 / 63M4a,SM 63 S30,63M4a,345.00,354.00
USD,SM,53,0.12,0.18,"2,7-14",SM 50 S30 / 63M4a,SM 50 S30,63M4a,300.00,307.00
USD,SM,53,0.12,0.18,14-17,SM 50 / 63 M4a,SM 50,63 M4a,216.00,223.00
USD,SM,53,0.12,0.18,14-68,SM 40 / 63 M4a,SM 40,63 M4a,186.00,192.00
USD,SM,53,0.12,0.18,27-182,SM 30 / 63 M4a,SM 30,63 M4a,157.00,161.00
USD,SM,53,0.18,0.18,"0,58-0,78",SM 110 S50 / 63 M4b,SM 110 S50,63 M4b,705.00,744.00
USD,SM,53,0.18,0.25,"0,93-1,20",SM 90 S40 / 63 M4b,SM 90 S40,63 M4b,514.00,562.00
USD,SM,53,0.18,0.25,"1,5-6,7",SM 75 S40 / 63M4b,SM 75 S40,63M4b,443.00,458.00
USD,SM,53,0.18,0.25,"2,7-13,4",SM 63 S30 / 63M4b,SM 63 S30,63M4b,351.00,359.00
USD,SM,53,0.18,0.25,"4,5-9,0",SM 50 S30 / 63M4b,SM 50 S30,63M4b,305.00,312.00
USD,SM,53,0.18,0.25,"9,2-23",SM 63 / 71 M6a,SM 63,71 M6a,280.00,288.00
USD,SM,53,0.18,0.25,23-46,SM 50 / 71 M6a,SM 50,71 M6a,237.00,244.00
USD,SM,53,0.18,0.25,13-17,SM 50 / 63 M4b,SM 50,63 M4b,221.00,227.00
USD,SM,53,0.18,0.25,23-91,SM 40 / 71 M6a,SM 40,71 M6a,214.00,219.00
USD,SM,53,0.18,0.25,22-89,SM 40 / 63 M4b,SM 40,63 M4b,192.00,197.00
USD,SM,53,0.18,0.25,45-178,SM 30 / 63 M4b,SM 30,63 M4b,163.00,167.00
USD,SM,53,0.25,0.25,"0,28-0,78",SM 150 S63 / 71 M4a,SM 150 S63,71 M4a,1278.00,1331.00
USD,SM,53,0.25,0.34,"0,28-0,58",SM 130 S63 / 71 M4a,SM 130 S63,71 M4a,892.00,940.00
USD,SM,53,0.25,0.34,"0,78-1,20",SM 110 S50 / 71 M4a,SM 110 S50,71 M4a,714.00,752.00
USD,SM,53,0.25,0.34,"1,6-2,3",SM 90 S40 / 71 M4a,SM 90 S40,71 M4a,521.00,537.00
USD,SM,53,0.25,0.34,"2,8-14",SM 75 S40 / 71 M4a,SM 75 S40,71 M4a,449.00,463.00
USD,SM,53,0.25,0.34,"9,2-23",SM 63 / 71 M6b,SM 63,71 M6b,291.00,299.00
USD,SM,53,0.25,0.34,14-34,SM 63 / 71 M4a,SM 63,71 M4a,272.00,280.00
USD,SM,53,0.25,0.34,15-61,SM 50 / 71 M6b,SM 50,71 M6b,245.00,252.00
USD,SM,53,0.25,0.34,17-69,SM 50 / 71 M4a,SM 50,71 M4a,226.00,233.00
USD,SM,53,0.25,0.34,30-122,SM 40 / 71 M6b,SM 40,71 M6b,224.00,228.00
USD,SM,53,0.25,0.34,34-138,SM 40 / 71 M4a,SM 40,71 M4a,197.00,203.00
USD,SM,53,0.37,0.34,"0,47-0,78",SM 150 S63 / 71 M4b,SM 150 S63,71 M4b,1275.00,1328.00
USD,SM,53,0.37,0.50,"0,78-0,93",SM 130 S63/ 71 M4b,SM 130 S63,71 M4b,893.00,942.00
USD,SM,53,0.37,0.50,"1,2-1,9",SM 110 S50 / 71 M4b,SM 110 S50,71 M4b,716.00,755.00
USD,SM,53,0.37,0.50,"2,3-4,7",SM 90 S40 / 71 M4b,SM 90 S40,71 M4b,526.00,542.00
USD,SM,53,0.37,0.50,"3,5-14",SM 75 S40 / 71 M4b,SM 75 S40,71 M4b,454.00,468.00
USD,SM,53,0.37,0.50,"9,0-11",SM 90 / 80 M6a,SM 90,80 M6a,421.00,438.00
USD,SM,53,0.37,0.50,"9,1-36",SM 75 / 80 M6a,SM 75,80 M6a,352.00,366.00
USD,SM,53,0.37,0.50,11-45,SM 63 / 80 M6a,SM 63,80 M6a,300.00,308.00
USD,SM,53,0.37,0.50,14-35,SM 63 / 71 M4b,SM 63,71 M4b,277.00,286.00
USD,SM,53,0.37,0.50,30-91,SM 50 / 80 M6a,SM 50,80 M6a,260.00,266.00
USD,SM,53,0.37,0.50,23-98,SM 50 / 71 M4b,SM 50,71 M4b,232.00,239.00
USD,SM,53,0.37,0.50,46-185,SM 40 / 71 M4b,SM 40,71 M4b,205.00,210.00
USD,SM,54,0.55,,"0,58-0,78",SM 150 S63 / 80 M4a,SM 150 S63,80 M4a,1312.00,1366.00
USD,SM,54,0.55,0.75,"1,2-2,8",SM 130 S63 / 80 M4a,SM 130 S63,80 M4a,926.00,975.00
USD,SM,54,0.55,0.75,"1,9-4,7",SM 110 S50 / 80 M4a,SM 110 S50,80 M4a,747.00,785.00
USD,SM,54,0.55,0.75,"9,0-18",SM 90 / 80 M6b,SM 90,80 M6b,443.00,461.00
USD,SM,54,0.55,0.75,14-18,SM 90 / 80 M4a,SM 90,80 M4a,423.00,440.00
USD,SM,54,0.55,0.75,11-22,SM 75 / 80 M6b,SM 75,80 M6b,372.00,386.00
USD,SM,54,0.55,0.75,14-34,SM 75 / 80 M4a,SM 75,80 M4a,354.00,368.00
USD,SM,54,0.55,0.75,15-30,SM 63 / 80 M6b,SM 63,80 M6b,322.00,331.00
USD,SM,54,0.55,0.75,17-91,SM 63 / 80 M4a,SM 63,80 M4a,297.00,305.00
USD,SM,54,0.55,0.75,30-60,SM 50 / 80 M6b,SM 50,80 M6b,284.00,291.00
USD,SM,54,0.55,0.75,45-182,SM 50 / 80 M4a,SM 50,80 M4a,258.00,265.00
USD,SM,54,0.75,0.75,"1,2-2,8",SM 150 S63 / 80 M4b,SM 150 S63,80 M4b,1359.00,1412.00
USD,SM,54,0.75,1,"1,6-2,8",SM 130 S63 / 80 M4b,SM 130 S63,80 M4b,971.00,1019.00
USD,SM,54,0.75,1,"3,5-4,7",SM 110 S50 / 80 M4b,SM 110 S50,80 M4b,791.00,830.00
USD,SM,54,0.75,1,15-30,SM 90 / 90 S6,SM 90,90 S6,482.00,499.00
USD,SM,54,0.75,1,14-28,SM 90 / 80 M4b,SM 90,80 M4b,467.00,485.00
USD,SM,54,0.75,1,15-60,SM 75 / 90 S6,SM 75,90 S6,409.00,423.00
USD,SM,54,0.75,1,18-70,SM 75 / 80 M4b,SM 75,80 M4b,391.00,405.00
USD,SM,54,0.75,1,30-123,SM 63 / 90 S6,SM 63,90 S6,352.00,361.00
USD,SM,54,0.75,1,28-94,SM 63 / 80 M4b,SM 63,80 M4b,334.00,342.00
USD,SM,54,0.75,1,47-188,SM 50 / 80 M4b,SM 50,80 M4b,290.00,297.00
USD,SM,54,1.1,1,"1,9-9,3",SM 150 S63 / 90 S4a,SM 150 S63,90 S4a,1389.00,1442.00
USD,SM,54,1.1,1.5,"2,8-4,7",SM 130 S63 / 90 S4a,SM 130 S63,90 S4a,1002.00,1050.00
USD,SM,54,1.1,1.5,14-18,SM 130 / 90 S4a,SM 130,90 S4a,780.00,828.00
USD,SM,54,1.1,1.5,14-28,SM 110 / 90 S4a,SM 110,90 S4a,661.00,700.00
USD,SM,54,1.1,1.5,15-36,SM 90 / 90 L6,SM 90,90 L6,523.00,540.00
USD,SM,54,1.1,1.5,23-35,SM 90 / 90 S4a,SM 90,90 S4a,498.00,514.00
USD,SM,54,1.1,1.5,24-126,SM 75 / 90 L6,SM 75,90 L6,440.00,454.00
USD,SM,54,1.1,1.5,24-95,SM 75 / 90 S4a,SM 75,90 S4a,415.00,428.00
USD,SM,54,1.1,1.5,47-126,SM 63 / 90 L6,SM 63,90 L6,381.00,389.00
USD,SM,54,1.1,1.5,47-190,SM 63 / 90 S4a,SM 63,90 S4a,360.00,368.00
USD,SM,54,1.5,1.5,"2,3-9,3",SM 150 S63 / 90 L4a,SM 150 S63,90 L4a,1428.00,1482.00
USD,SM,54,1.5,2,"3,5-4,7",SM 130 S63 / 90 L4a,SM 130 S63,90 L4a,1042.00,1089.00
USD,SM,54,1.5,2,14-18,SM 130 / 90 L4a,SM 130,90 L4a,818.00,866.00
USD,SM,54,1.5,2,18-35,SM 110 / 90 L4a,SM 110,90 L4a,700.00,738.00
USD,SM,54,1.5,2,30-90,SM 90 / 100 L6,SM 90,100 L6,548.00,566.00
USD,SM,54,1.5,2,23-70,SM 90 / 90 L4a,SM 90,90 L4a,536.00,553.00
USD,SM,54,1.5,2,45-120,SM 75 / 100 L6,SM 75,100 L6,466.00,480.00
USD,SM,54,1.5,2,47-140,SM 75 / 90 L4a,SM 75,90 L4a,451.00,465.00
USD,SM,54,1.5,2,71-190,SM 63 / 90 L4a,SM 63,90 L4a,396.00,405.00
USD,SM,54,2.2,2,14-28,SM 150 / 100 L4a,SM 150,100 L4a,1219.00,1272.00
USD,SM,54,2.2,3,18-35,SM 130 / 100 L4a,SM 130,100 L4a,863.00,911.00
USD,SM,54,2.2,3,23-70,SM 110 / 100 L4a,SM 110,100 L4a,743.00,783.00
USD,SM,54,2.2,3,45-120,SM 90 / 112 M6a,SM 90,112 M6a,651.00,668.00
USD,SM,54,2.2,3,47-187,SM 90 / 100 L4a,SM 90,100 L4a,581.00,597.00
USD,SM,54,2.2,3,72-191,SM 75 / 100 L4a,SM 75,100 L4a,495.00,509.00
USD,SM,55,3.0,,14-28,SM 150 / 100 L4b,SM 150,100 L4b,1264.00,1318.00
USD,SM,55,3.0,4,18-56,SM 130 / 100 L4b,SM 130,100 L4b,908.00,956.00
USD,SM,55,3.0,4,28-93,SM 110 / 100 L4b,SM 110,100 L4b,789.00,828.00
USD,SM,55,3.0,4,47-187,SM 90 / 100 L4b,SM 90,100 L4b,626.00,643.00
USD,SM,55,4.0,4,18-28,SM 150 / 112 M4b,SM 150,112 M4b,1345.00,1398.00
USD,SM,55,4.0,5.5,23-56,SM 130 / 112 M4b,SM 130,112 M4b,989.00,1037.00
USD,SM,55,4.0,5.5,35-140,SM 110 / 112 M4b,SM 110,112 M4b,870.00,909.00
USD,SM,55,4.0,5.5,70-187,SM 90 / 112 M4b,SM 90,112 M4b,707.00,723.00
USD,SM,55,5.5,5.5,23-70,SM 150 / 132 S4c,SM 150,132 S4c,1441.00,1494.00
USD,SM,55,5.5,7.5,35-140,SM 130 / 132 S4c,SM 130,132 S4c,1085.00,1133.00
USD,SM,55,5.5,7.5,70-187,SM 110 / 132 S4c,SM 110,132 S4c,965.00,1004.00
USD,SM,55,7.5,7.5,35-70,SM 150 / 132 M4a,SM 150,132 M4a,1526.00,1580.00
USD,SM,55,7.5,10,35-187,SM 130 / 132 M4a,SM 130,132 M4a,1170.00,1218.00
USD,SM,55,7.5,10,93-187,SM 110 / 132 M4a,SM 110,132 M4a,1051.00,1090.00
USD,SM,55,11,15,35-70,SM 150 / 160 M4a,SM 150,160 M4a,1870.00,1923.00
USD,SM,55,15,20,35-70,SM 150 / 160 L4a,SM 150,160 L4a,2044.00,2097.00
USD,IRSDM,57,0.12,0.18,"5,4-16",İRSDPM 43 / 63M4a(*P),İRSDPM 43,63M4a(*P),528.00,546.00
USD,IRSDM,57,0.18,0.18,"3,4-5,0",İRSDM 63 / 71 M6a,İRSDM 63,71 M6a,878.00,905.00
USD,IRSDM,57,0.18,0.25,"3,3-7,0",İRSDM 53 / 71 M6a,İRSDM 53,71 M6a,703.00,724.00
USD,IRSDM,57,0.18,0.25,"6,3-32",İRSDPM 43 / 63M4b(*P),İRSDPM 43,63M4b(*P),535.00,552.00
USD,IRSDM,57,0.25,0.25,"2,1-2,7",İRSDM 83 / 71 M6b,İRSDM 83,71 M6b,2036.00,2093.00
USD,IRSDM,57,0.25,0.34,"3,4-5,0",İRSDM 63 / 71 M6b,İRSDM 63,71 M6b,878.00,905.00
USD,IRSDM,57,0.25,0.34,"5,2-8,2",İRSDM 63 / 71 M4a,İRSDM 63,71 M4a,859.00,886.00
USD,IRSDM,57,0.25,0.34,"3,8-9,0",İRSDM 53 / 71 M6b,İRSDM 53,71 M6b,703.00,724.00
USD,IRSDM,57,0.25,0.34,"5,1-18",İRSDM 53 / 71 M4a,İRSDM 53,71 M4a,684.00,705.00
USD,IRSDM,57,0.25,0.34,"9,7-63",İRSDM 43 / 71M4a,İRSDM 43,71M4a,540.00,557.00
USD,IRSDM,57,0.37,0.34,"2,1-3,8",İRSDM 83 / 80 M6a,İRSDM 83,80 M6a,2057.00,2114.00
USD,IRSDM,57,0.37,0.50,"2,6-4,3",İRSDM 73 / 80 M6a,İRSDM 73,80 M6a,1174.00,1213.00
USD,IRSDM,57,0.37,0.50,"4,1-5,3",İRSDM 73 / 71 M4b,İRSDM 73,71 M4b,1144.00,1183.00
USD,IRSDM,57,0.37,0.50,"3,4-4,9",İRSDM 63 / 80 M6a,İRSDM 63,80 M6a,899.00,926.00
USD,IRSDM,57,0.37,0.50,"5,2-13",İRSDM 63 / 71 M4b,İRSDM 63,71 M4b,868.00,895.00
USD,IRSDM,57,0.37,0.50,"5,4-9,0",İRSDM 53 / 80 M6a,İRSDM 53,80 M6a,724.00,745.00
USD,IRSDM,57,0.37,0.50,"6,8-28",İRSDM 53 / 71 M4b,İRSDM 53,71 M4b,693.00,714.00
USD,IRSDM,57,0.37,0.50,12-93,İRSDM 43 / 71 M4b,İRSDM 43,71 M4b,548.00,566.00
USD,IRSDM,57,0.55,0.50,"2,1-4,8",İRSDM 83 / 80 M6b,İRSDM 83,80 M6b,2084.00,2141.00
USD,IRSDM,57,0.55,0.75,"3,3-6,0",İRSDM 83 / 80 M4a,İRSDM 83,80 M4a,2051.00,2108.00
USD,IRSDM,57,0.55,0.75,"2,6-4,3",İRSDM 73 / 80 M6b,İRSDM 73,80 M6b,1201.00,1240.00
USD,IRSDM,57,0.55,0.75,"4,1-11",İRSDM 73 / 80 M4a,İRSDM 73,80 M4a,1170.00,1208.00
USD,IRSDM,57,0.55,0.75,"3,9-5,0",İRSDM 63 / 80 M6b,İRSDM 63,80 M6b,926.00,953.00
USD,IRSDM,57,0.55,0.75,"5,2-23",İRSDM 63 / 80 M4a,İRSDM 63,80 M4a,893.00,921.00
USD,IRSDM,57,0.55,0.75,"7,0-9,0",İRSDM 53 / 80 M6b,İRSDM 53,80 M6b,751.00,772.00
USD,IRSDM,57,0.55,0.75,"8,4-63",İRSDM 53 / 80 M4a,İRSDM 53,80 M4a,718.00,740.00
USD,IRSDM,57,0.55,0.75,16-93,İRSDM 43 / 80 M4a,İRSDM 43,80 M4a,574.00,592.00
USD,IRSDM,57,0.75,0.75,"1,8-2,5",İRSDPM 103 / 90 S6(*P),İRSDPM 103,90 S6(*P),3528.00,3655.00
USD,IRSDM,57,0.75,1.0,"2,1-4,8",İRSDM 83 / 90 S6a,İRSDM 83,90 S6a,2104.00,2161.00
USD,IRSDM,57,0.75,1.0,"3,3-7,5",İRSDM 83 / 80 M4b,İRSDM 83,80 M4b,2090.00,2147.00
USD,IRSDM,57,0.75,1.0,"3,0-4,3",İRSDM 73 / 90 S6a,İRSDM 73,90 S6a,1221.00,1260.00
USD,IRSDM,57,0.75,1.0,"4,1-14",İRSDM 73 / 80 M4b,İRSDM 73,80 M4b,1207.00,1246.00
USD,IRSDM,57,0.75,1.0,"6,1-29",İRSDM 63 / 80 M4b,İRSDM 63,80 M4b,932.00,959.00
USD,IRSDM,57,0.75,1.0,11-83,İRSDM 53 / 80 M4b,İRSDM 53,80 M4b,757.00,778.00
USD,IRSDM,57,0.75,1.0,21-93,İRSDM 43 / 80 M4b,İRSDM 43,80 M4b,613.00,629.00
USD,IRSDM,57,1.1,1.0,"1,8-2,5",İRSDPM 103 / 90 L6b(*P),İRSDPM 103,90 L6b(*P),3564.00,3691.00
USD,IRSDM,57,1.1,1.5,"2,7-4,8",İRSDM 83 / 90 L6b,İRSDM 83,90 L6b,2140.00,2198.00
USD,IRSDM,57,1.1,1.5,"3,3-9,7",İRSDM 83 / 90 S4a,İRSDM 83,90 S4a,2118.00,2175.00
USD,IRSDM,57,1.1,1.5,"4,7-20",İRSDM 73 / 90 S4a,İRSDM 73,90 S4a,1235.00,1274.00
USD,IRSDM,57,1.1,1.5,"9,6-35",İRSDM 63 / 90 S4a,İRSDM 63,90 S4a,959.00,998.00
USD,IRSDM,57,1.1,1.5,16-83,İRSDM 53 / 90 S4a,İRSDM 53,90 S4a,784.00,805.00
USD,IRSDM,57,1.1,1.5,54-93,İRSDM 43 / 90 S4a,İRSDM 43,90 S4a,641.00,657.00
USD,IRSDM,57,1.5,1.5,"1,8-2,5",İRSDPM 103 / 100 L6a(*P),İRSDPM 103,100 L6a(*P),3652.00,3779.00
USD,IRSDM,57,1.5,2.0,"2,8-5,7",İRSDM 103 / 90 L4a,İRSDM 103,90 L4a,3412.00,3538.00
USD,IRSDM,57,1.5,2.0,"3,4-4,8",İRSDM 83 / 100 L6a,İRSDM 83,100 L6a,2182.00,2240.00
USD,IRSDM,57,1.5,2.0,"4,1-13",İRSDM 83 / 90 L4a,İRSDM 83,90 L4a,2141.00,2199.00
USD,IRSDM,57,1.5,2.0,"6,7-38",İRSDM 73 / 90 L4a,İRSDM 73,90 L4a,1259.00,1298.00
USD,IRSDM,57,1.5,2.0,13-35,İRSDM 63 / 90 L4a,İRSDM 63,90 L4a,983.00,1011.00
USD,IRSDM,57,1.5,2.0,23-83,İRSDM 53 / 90 L4a,İRSDM 53,90 L4a,809.00,830.00
USD,IRSDM,57,1.5,2.0,82-93,IRSDM 43 / 90 L4a -,IRSDM 43,90 L4a -,664.00,681.00
USD,IRSDM,58,2.2,,"2,8-11",İRSDM 103 / 100 L4a,İRSDM 103,100 L4a,3466.00,3592.00
USD,IRSDM,58,2.2,3.0,"4,3-4,8",İRSDM 83 / 112 M6a,İRSDM 83,112 M6a,2269.00,2328.00
USD,IRSDM,58,2.2,3.0,"5,3-25",İRSDM 83 / 100 L4a,İRSDM 83,100 L4a,2195.00,2253.00
USD,IRSDM,58,2.2,3.0,"9,6-70",İRSDM 73 / 100 L4a,İRSDM 73,100 L4a,1313.00,1352.00
USD,IRSDM,58,2.2,3.0,17-35,İRSDM 63 / 100 L4a,İRSDM 63,100 L4a,1037.00,1064.00
USD,IRSDM,58,2.2,3.0,41-83,İRSDM 53 / 100 L4a,İRSDM 53,100 L4a,862.00,883.00
USD,IRSDM,58,3.0,3.0,"3,5-13",İRSDM 103 / 100 L4b,İRSDM 103,100 L4b,3511.00,3638.00
USD,IRSDM,58,3.0,4.0,"6,7-41",İRSDM 83 /100 L4b,İRSDM 83,100 L4b,2321.00,2390.00
USD,IRSDM,58,3.0,4.0,12-85,İRSDM 73 / 100 L4b,İRSDM 73,100 L4b,1378.00,1427.00
USD,IRSDM,58,3.0,4.0,25-35,İRSDM 63 / 100 L4b,İRSDM 63,100 L4b,1084.00,1111.00
USD,IRSDM,58,4.0,4.0,"4,5-22",İRSDM 103 / 112 M4,İRSDM 103,112 M4,3645.00,3795.00
USD,IRSDM,58,4.0,5.5,"8,6-41",İRSDM 83 / 112 M4,İRSDM 83,112 M4,2432.00,2500.00
USD,IRSDM,58,4.0,5.5,15-85,İRSDM 73 / 112 M4,İRSDM 73,112 M4,1481.00,1530.00
USD,IRSDM,58,5.5,5.5,"6,3-33",İRSDM 103 / 132 S4c,İRSDM 103,132 S4c,3882.00,4032.00
USD,IRSDM,58,5.5,7.5,11-41,İRSDM 83 / 132 S4c,İRSDM 83,132 S4c,2642.00,2710.00
USD,IRSDM,58,5.5,7.5,20-85,İRSDM 73 / 132 S4c,İRSDM 73,132 S4c,1694.00,1743.00
USD,IRSDM,58,7.5,7.5,"8,2-64",İRSDM 103 / 132 M4b,İRSDM 103,132 M4b,4058.00,4207.00
USD,IRSDM,58,7.5,10,15-41,İRSDM 83 / 132 M4b,İRSDM 83,132 M4b,2817.00,2885.00
USD,IRSDM,58,7.5,10,35-85,İRSDM 73 / 132 M4b,İRSDM 73,132 M4b,1841.00,1891.00
USD,IRSDM,58,11,10,12-64,İRSDM 103 / 160 M4b,İRSDM 103,160 M4b,4395.00,4544.00
USD,IRSDM,58,11,15,24-128,İRSDM 103 / 160 M2a,İRSDM 103,160 M2a,4326.00,4475.00
USD,IRSDM,58,11,15,28-41,İRSDM 83 / 160 M4b,İRSDM 83,160 M4b,3205.00,3273.00
USD,IRSDM,58,15,20,15-64,İRSDM 103 / 160 M4b,İRSDM 103,160 M4b,4579.00,3457.00
USD,IRCM,60,0.18,,"9-10,5 d/d",IRCPM 63 / 63 M4a(*P),IRCPM 63,63 M4a(*P),564.00,
USD,IRCM,60,0.25,,12-21 d/d,IRCM 73 / 71 M4a,IRCM 73,71 M4a,828.00,
USD,IRCM,60,0.25,,"9-14,5 d/d",IRCM 63 / 71 M4a,IRCM 63,71 M4a,577.00,
USD,IRCM,60,0.37,,21-21 d/d,IRCM 73 / 71 M4b,IRCM 73,71 M4b,837.00,
USD,IRCM,60,0.37,,"9,5-35 d/d",IRCM 63 / 71 M4b,IRCM 63,71 M4b,587.00,
USD,IRCM,60,0.55,,12-33 d/d,IRCM 73 / 80 M4a,IRCM 73,80 M4a,863.00,
USD,IRCM,60,0.55,,13-53 d/d,IRCM 63 / 80 M4a,IRCM 63,80 M4a,613.00,
USD,IRCM,60,0.75,,12-53 d/d,IRCM 73 / 80 L4a,IRCM 73,80 L4a,916.00,
USD,IRCM,60,0.75,,18-55 d/d,IRCM 63 / 80 L4a,IRCM 63,80 L4a,666.00,
USD,IRCM,60,1.1,,12-59 d/d,IRCM 73 / 90 S4,IRCM 73,90 S4,953.00,
USD,IRCM,60,1.1,,23-55 d/d,IRCM 63 / 90 S4,IRCM 63,90 S4,702.00,
USD,IRCM,60,1.5,,12-59 d/d,IRCM 73 / 90 L4a,IRCM 73,90 L4a,985.00,
USD,IRCM,60,1.5,,33-55 d/d,IRCM 63 / 90 L4a,IRCM 63,90 L4a,741.00,
USD,IRCM,60,2.2,,16-59 d/d,IRCM 73 / 100 L4a,IRCM 73,100 L4a,1042.00,
USD,IRCM,60,2.2,,50-55 d/d,IRCM 63 / 100 L4a,IRCM 63,100 L4a,809.00,
USD,IRCM,60,3,,21-59 d/d,IRCM 73 / 100 L4b,IRCM 73,100 L4b,1089.00,
USD,IRCM,60,4,,33-59 d/d,IRCM 73 / 112 M4b,IRCM 73,112 M4b,1180.00,
USD,IRCM,60,5.5,,53-59 d/d,IRCM 73 / 132 S4c,IRCM 73,132 S4c,1295.00,
USD,IRCM,60,,,,Drum Connection Flange,Drum Connection Flange,,58.00,
USD,IRCM,60,,,,Drum Connection Flange,Drum Connection Flange,,83.00,
